order_id,order_date,supplier,supplier_region,product_category,sku,transport_mode,carrier,destination_dc,units_ordered,units_received,unit_cost,promised_lead_time_days,actual_lead_time_days,promised_delivery_date,actual_delivery_date,delay_days,status,on_time,in_full,order_value,otif
PO-2025-00001,2025-05-01,Bangalore ElectroTech,APAC,Electronics,ELE-7570,Air,SkyBridge Air Cargo,DC-South (GA),122,122.0,47.21,11,11.0,2025-05-12,2025-05-12,0.0,Delivered,True,True,5759.62,1.0
PO-2025-00002,2025-05-01,Pacific Components Co.,APAC,Electronics,ELE-6716,Ocean,BlueWave Lines,DC-East (PA),137,137.0,43.22,36,36.0,2025-06-06,2025-06-06,0.0,Delivered,True,True,5921.14,1.0
PO-2025-00003,2025-05-01,Monterrey Assembly,LATAM,Finished Goods,FIN-9621,Ground,RoadRunner Freight,DC-South (GA),95,95.0,88.41,12,9.0,2025-05-13,2025-05-10,0.0,Delivered,True,True,8398.95,1.0
PO-2025-00004,2025-05-01,Pacific Components Co.,APAC,Components,COM-2107,Ocean,Meridian Shipping,DC-East (PA),629,629.0,13.27,32,33.0,2025-06-02,2025-06-03,1.0,Delivered,False,True,8346.83,0.0
PO-2025-00005,2025-05-01,Shenzhen Precision Ltd,APAC,Components,COM-4968,Ocean,BlueWave Lines,DC-South (GA),598,598.0,18.95,34,28.0,2025-06-04,2025-05-29,0.0,Delivered,True,True,11332.1,1.0
PO-2025-00006,2025-05-01,Allegheny Metals,North America,Raw Materials,RAW-6215,Ground,Continental Trucking,DC-West (CA),2254,2254.0,9.77,7,2.0,2025-05-08,2025-05-03,0.0,Delivered,True,True,22021.58,1.0
PO-2025-00007,2025-05-01,Shenzhen Precision Ltd,APAC,Components,COM-3589,Ocean,BlueWave Lines,DC-South (GA),566,566.0,15.75,32,28.0,2025-06-02,2025-05-29,0.0,Delivered,True,True,8914.5,1.0
PO-2025-00008,2025-05-01,Monterrey Assembly,LATAM,Finished Goods,FIN-8410,Ground,RoadRunner Freight,DC-East (PA),86,86.0,83.37,11,10.0,2025-05-12,2025-05-11,0.0,Delivered,True,True,7169.82,1.0
PO-2025-00009,2025-05-02,Rhine Components GmbH,EMEA,Electronics,ELE-4947,Air,SkyBridge Air Cargo,DC-Central (TX),125,125.0,53.6,8,2.0,2025-05-10,2025-05-04,0.0,Delivered,True,True,6700.0,1.0
PO-2025-00010,2025-05-02,São Paulo Supply,LATAM,Finished Goods,FIN-8077,Ocean,BlueWave Lines,DC-Central (TX),90,90.0,92.37,28,27.0,2025-05-30,2025-05-29,0.0,Delivered,True,True,8313.3,1.0
PO-2025-00011,2025-05-02,Iberia Logistics SA,EMEA,Finished Goods,FIN-5865,Ocean,Meridian Shipping,DC-East (PA),100,100.0,77.96,24,19.0,2025-05-26,2025-05-21,0.0,Delivered,True,True,7796.0,1.0
PO-2025-00012,2025-05-02,Pacific Components Co.,APAC,Components,COM-4993,Ocean,Meridian Shipping,DC-East (PA),553,553.0,14.22,34,34.0,2025-06-05,2025-06-05,0.0,Delivered,True,True,7863.66,1.0
PO-2025-00013,2025-05-02,Allegheny Metals,North America,Raw Materials,RAW-8124,Ground,Continental Trucking,DC-Central (TX),2175,2175.0,5.47,8,3.0,2025-05-10,2025-05-05,0.0,Delivered,True,True,11897.25,1.0
PO-2025-00014,2025-05-02,Allegheny Metals,North America,Components,COM-5904,Ground,RoadRunner Freight,DC-East (PA),641,641.0,16.94,6,4.0,2025-05-08,2025-05-06,0.0,Delivered,True,True,10858.54,1.0
PO-2025-00015,2025-05-02,Allegheny Metals,North America,Components,COM-9052,Ground,RoadRunner Freight,DC-Central (TX),567,567.0,20.15,6,1.0,2025-05-08,2025-05-03,0.0,Delivered,True,True,11425.05,1.0
PO-2025-00016,2025-05-02,Iberia Logistics SA,EMEA,Packaging,PAC-8656,Ocean,Meridian Shipping,DC-West (CA),5378,5378.0,1.08,25,18.0,2025-05-27,2025-05-20,0.0,Delivered,True,True,5808.24,1.0
PO-2025-00017,2025-05-03,Iberia Logistics SA,EMEA,Finished Goods,FIN-8950,Ocean,BlueWave Lines,DC-Central (TX),93,93.0,58.64,24,20.0,2025-05-27,2025-05-23,0.0,Delivered,True,True,5453.52,1.0
PO-2025-00018,2025-05-03,Iberia Logistics SA,EMEA,Packaging,PAC-1560,Ocean,BlueWave Lines,DC-East (PA),5326,5326.0,0.95,23,18.0,2025-05-26,2025-05-21,0.0,Delivered,True,True,5059.7,1.0
PO-2025-00019,2025-05-03,Allegheny Metals,North America,Raw Materials,RAW-7765,Ground,RoadRunner Freight,DC-South (GA),2257,2257.0,7.81,5,1.0,2025-05-08,2025-05-04,0.0,Delivered,True,True,17627.17,1.0
PO-2025-00020,2025-05-03,Bangalore ElectroTech,APAC,Electronics,ELE-4372,Air,SkyBridge Air Cargo,DC-South (GA),114,114.0,53.31,13,9.0,2025-05-16,2025-05-12,0.0,Delivered,True,True,6077.34,1.0
PO-2025-00021,2025-05-03,Pacific Components Co.,APAC,Components,COM-4967,Ocean,Meridian Shipping,DC-West (CA),595,595.0,12.84,36,36.0,2025-06-08,2025-06-08,0.0,Delivered,True,True,7639.8,1.0
PO-2025-00022,2025-05-03,Shenzhen Precision Ltd,APAC,Electronics,ELE-9320,Ocean,BlueWave Lines,DC-East (PA),110,110.0,42.67,32,27.0,2025-06-04,2025-05-30,0.0,Delivered,True,True,4693.7,1.0
PO-2025-00023,2025-05-03,Iberia Logistics SA,EMEA,Packaging,PAC-2418,Ocean,BlueWave Lines,DC-West (CA),5323,5323.0,1.42,25,23.0,2025-05-28,2025-05-26,0.0,Delivered,True,True,7558.66,1.0
PO-2025-00024,2025-05-03,São Paulo Supply,LATAM,Raw Materials,RAW-8525,Ocean,BlueWave Lines,DC-East (PA),2131,2131.0,7.47,26,24.0,2025-05-29,2025-05-27,0.0,Delivered,True,True,15918.57,1.0
PO-2025-00025,2025-05-03,Pacific Components Co.,APAC,Electronics,ELE-1667,Ocean,BlueWave Lines,DC-East (PA),117,117.0,58.33,34,30.0,2025-06-06,2025-06-02,0.0,Delivered,True,True,6824.61,1.0
PO-2025-00026,2025-05-04,Rhine Components GmbH,EMEA,Components,COM-4631,Air,AeroFast,DC-West (CA),548,548.0,15.76,9,8.0,2025-05-13,2025-05-12,0.0,Delivered,True,True,8636.48,1.0
PO-2025-00027,2025-05-04,Iberia Logistics SA,EMEA,Packaging,PAC-9739,Ocean,Meridian Shipping,DC-South (GA),5487,5487.0,1.1,25,18.0,2025-05-29,2025-05-22,0.0,Delivered,True,True,6035.7,1.0
PO-2025-00028,2025-05-04,Allegheny Metals,North America,Components,COM-3397,Ground,Continental Trucking,DC-West (CA),583,583.0,13.41,8,4.0,2025-05-12,2025-05-08,0.0,Delivered,True,True,7818.03,1.0
PO-2025-00029,2025-05-04,Iberia Logistics SA,EMEA,Finished Goods,FIN-1997,Ocean,Meridian Shipping,DC-Central (TX),97,97.0,101.08,23,24.0,2025-05-27,2025-05-28,1.0,Delivered,False,True,9804.76,0.0
PO-2025-00030,2025-05-04,Great Lakes Packaging,North America,Packaging,PAC-2630,Ground,Continental Trucking,DC-Central (TX),5377,5377.0,1.57,6,3.0,2025-05-10,2025-05-07,0.0,Delivered,True,True,8441.89,1.0
PO-2025-00031,2025-05-05,São Paulo Supply,LATAM,Raw Materials,RAW-5079,Ocean,Meridian Shipping,DC-South (GA),2215,2215.0,10.04,28,21.0,2025-06-02,2025-05-26,0.0,Delivered,True,True,22238.6,1.0
PO-2025-00032,2025-05-05,Shenzhen Precision Ltd,APAC,Components,COM-1098,Ocean,BlueWave Lines,DC-East (PA),573,573.0,16.48,32,32.0,2025-06-06,2025-06-06,0.0,Delivered,True,True,9443.04,1.0
PO-2025-00033,2025-05-05,Rhine Components GmbH,EMEA,Electronics,ELE-1180,Air,AeroFast,DC-Central (TX),132,132.0,36.91,10,8.0,2025-05-15,2025-05-13,0.0,Delivered,True,True,4872.12,1.0
PO-2025-00034,2025-05-05,Great Lakes Packaging,North America,Packaging,PAC-7856,Ground,Continental Trucking,DC-East (PA),5327,5327.0,1.52,5,1.0,2025-05-10,2025-05-06,0.0,Delivered,True,True,8097.04,1.0
PO-2025-00035,2025-05-05,Allegheny Metals,North America,Components,COM-9408,Ground,RoadRunner Freight,DC-South (GA),618,618.0,15.54,7,7.0,2025-05-12,2025-05-12,0.0,Delivered,True,True,9603.72,1.0
PO-2025-00036,2025-05-05,Pacific Components Co.,APAC,Electronics,ELE-3817,Ocean,BlueWave Lines,DC-South (GA),116,116.0,26.0,33,34.0,2025-06-07,2025-06-08,1.0,Delivered,False,True,3016.0,0.0
PO-2025-00037,2025-05-06,Rhine Components GmbH,EMEA,Components,COM-1914,Air,SkyBridge Air Cargo,DC-Central (TX),556,556.0,18.81,8,3.0,2025-05-14,2025-05-09,0.0,Delivered,True,True,10458.36,1.0
PO-2025-00038,2025-05-06,Shenzhen Precision Ltd,APAC,Components,COM-9532,Ocean,BlueWave Lines,DC-Central (TX),606,606.0,15.9,33,26.0,2025-06-08,2025-06-01,0.0,Delivered,True,True,9635.4,1.0
PO-2025-00039,2025-05-06,Rhine Components GmbH,EMEA,Electronics,ELE-1774,Air,AeroFast,DC-South (GA),134,118.0,42.14,10,9.0,2025-05-16,2025-05-15,0.0,Delivered,True,False,5646.76,0.0
PO-2025-00040,2025-05-06,Monterrey Assembly,LATAM,Finished Goods,FIN-8340,Ground,RoadRunner Freight,DC-West (CA),88,88.0,100.36,11,6.0,2025-05-17,2025-05-12,0.0,Delivered,True,True,8831.68,1.0
PO-2025-00041,2025-05-06,Iberia Logistics SA,EMEA,Finished Goods,FIN-8000,Ocean,Meridian Shipping,DC-East (PA),66,66.0,70.05,25,27.0,2025-05-31,2025-06-02,2.0,Delivered,False,True,4623.3,0.0
PO-2025-00042,2025-05-06,Allegheny Metals,North America,Components,COM-6900,Ground,RoadRunner Freight,DC-Central (TX),636,636.0,18.53,6,3.0,2025-05-12,2025-05-09,0.0,Delivered,True,True,11785.08,1.0
PO-2025-00043,2025-05-06,Allegheny Metals,North America,Raw Materials,RAW-2524,Ground,Continental Trucking,DC-East (PA),2242,2242.0,8.77,6,4.0,2025-05-12,2025-05-10,0.0,Delivered,True,True,19662.34,1.0
PO-2025-00044,2025-05-07,Monterrey Assembly,LATAM,Components,COM-4058,Ground,Continental Trucking,DC-Central (TX),597,597.0,15.5,9,5.0,2025-05-16,2025-05-12,0.0,Delivered,True,True,9253.5,1.0
PO-2025-00045,2025-05-07,Rhine Components GmbH,EMEA,Components,COM-3739,Air,SkyBridge Air Cargo,DC-South (GA),601,601.0,11.42,9,9.0,2025-05-16,2025-05-16,0.0,Delivered,True,True,6863.42,1.0
PO-2025-00046,2025-05-07,Rhine Components GmbH,EMEA,Electronics,ELE-1623,Air,SkyBridge Air Cargo,DC-East (PA),127,127.0,45.7,8,5.0,2025-05-15,2025-05-12,0.0,Delivered,True,True,5803.9,1.0
PO-2025-00047,2025-05-07,Shenzhen Precision Ltd,APAC,Components,COM-3963,Ocean,BlueWave Lines,DC-West (CA),593,593.0,9.02,32,30.0,2025-06-08,2025-06-06,0.0,Delivered,True,True,5348.86,1.0
PO-2025-00048,2025-05-07,Great Lakes Packaging,North America,Packaging,PAC-3270,Ground,RoadRunner Freight,DC-South (GA),5408,5408.0,1.2,5,2.0,2025-05-12,2025-05-09,0.0,Delivered,True,True,6489.6,1.0
PO-2025-00049,2025-05-07,São Paulo Supply,LATAM,Finished Goods,FIN-4711,Ocean,Meridian Shipping,DC-West (CA),87,87.0,104.6,27,29.0,2025-06-03,2025-06-05,2.0,Delivered,False,True,9100.2,0.0
PO-2025-00050,2025-05-07,Pacific Components Co.,APAC,Electronics,ELE-5035,Ocean,BlueWave Lines,DC-Central (TX),134,113.0,35.77,32,24.0,2025-06-08,2025-05-31,0.0,Delivered,True,False,4793.18,0.0
PO-2025-00051,2025-05-07,Pacific Components Co.,APAC,Electronics,ELE-7580,Ocean,Meridian Shipping,DC-South (GA),129,129.0,48.91,34,36.0,2025-06-10,2025-06-12,2.0,Delivered,False,True,6309.39,0.0
PO-2025-00052,2025-05-07,Iberia Logistics SA,EMEA,Packaging,PAC-1052,Ocean,Meridian Shipping,DC-East (PA),5363,5363.0,0.97,23,18.0,2025-05-30,2025-05-25,0.0,Delivered,True,True,5202.11,1.0
PO-2025-00053,2025-05-07,Rhine Components GmbH,EMEA,Electronics,ELE-9305,Air,AeroFast,DC-West (CA),126,126.0,40.69,10,10.0,2025-05-17,2025-05-17,0.0,Delivered,True,True,5126.94,1.0
PO-2025-00054,2025-05-07,Pacific Components Co.,APAC,Components,COM-2775,Ocean,BlueWave Lines,DC-South (GA),595,595.0,9.22,35,39.0,2025-06-11,2025-06-15,4.0,Delivered,False,True,5485.9,0.0
PO-2025-00055,2025-05-07,Great Lakes Packaging,North America,Packaging,PAC-1507,Ground,Continental Trucking,DC-Central (TX),5373,5373.0,1.13,7,4.0,2025-05-14,2025-05-11,0.0,Delivered,True,True,6071.49,1.0
PO-2025-00056,2025-05-07,Allegheny Metals,North America,Raw Materials,RAW-8144,Ground,RoadRunner Freight,DC-South (GA),2126,2126.0,7.27,8,7.0,2025-05-15,2025-05-14,0.0,Delivered,True,True,15456.02,1.0
PO-2025-00057,2025-05-08,Allegheny Metals,North America,Raw Materials,RAW-4453,Ground,RoadRunner Freight,DC-East (PA),2153,2153.0,6.16,8,5.0,2025-05-16,2025-05-13,0.0,Delivered,True,True,13262.48,1.0
PO-2025-00058,2025-05-08,Monterrey Assembly,LATAM,Finished Goods,FIN-7361,Ground,RoadRunner Freight,DC-Central (TX),78,78.0,62.81,12,9.0,2025-05-20,2025-05-17,0.0,Delivered,True,True,4899.18,1.0
PO-2025-00059,2025-05-08,Shenzhen Precision Ltd,APAC,Electronics,ELE-4391,Ocean,BlueWave Lines,DC-East (PA),109,109.0,33.1,31,21.0,2025-06-08,2025-05-29,0.0,Delivered,True,True,3607.9,1.0
PO-2025-00060,2025-05-08,São Paulo Supply,LATAM,Finished Goods,FIN-7842,Ocean,BlueWave Lines,DC-West (CA),101,89.0,76.33,28,22.0,2025-06-05,2025-05-30,0.0,Delivered,True,False,7709.33,0.0
PO-2025-00061,2025-05-08,Pacific Components Co.,APAC,Electronics,ELE-5343,Ocean,Meridian Shipping,DC-South (GA),118,118.0,39.77,32,27.0,2025-06-09,2025-06-04,0.0,Delivered,True,True,4692.86,1.0
PO-2025-00062,2025-05-08,Pacific Components Co.,APAC,Components,COM-1412,Ocean,BlueWave Lines,DC-South (GA),612,612.0,7.07,34,31.0,2025-06-11,2025-06-08,0.0,Delivered,True,True,4326.84,1.0
PO-2025-00063,2025-05-08,Iberia Logistics SA,EMEA,Packaging,PAC-4236,Ocean,Meridian Shipping,DC-West (CA),5382,5382.0,1.52,24,22.0,2025-06-01,2025-05-30,0.0,Delivered,True,True,8180.64,1.0
PO-2025-00064,2025-05-08,Pacific Components Co.,APAC,Electronics,ELE-1102,Ocean,Meridian Shipping,DC-South (GA),109,109.0,48.23,34,30.0,2025-06-11,2025-06-07,0.0,Delivered,True,True,5257.07,1.0
PO-2025-00065,2025-05-09,Monterrey Assembly,LATAM,Components,COM-5238,Ground,RoadRunner Freight,DC-East (PA),587,587.0,12.53,12,7.0,2025-05-21,2025-05-16,0.0,Delivered,True,True,7355.11,1.0
PO-2025-00066,2025-05-09,Rhine Components GmbH,EMEA,Components,COM-9584,Air,AeroFast,DC-East (PA),607,506.0,11.89,10,6.0,2025-05-19,2025-05-15,0.0,Delivered,True,False,7217.23,0.0
PO-2025-00067,2025-05-09,Pacific Components Co.,APAC,Electronics,ELE-2057,Ocean,Meridian Shipping,DC-West (CA),113,113.0,51.83,35,29.0,2025-06-13,2025-06-07,0.0,Delivered,True,True,5856.79,1.0
PO-2025-00068,2025-05-09,São Paulo Supply,LATAM,Finished Goods,FIN-7237,Ocean,BlueWave Lines,DC-South (GA),83,83.0,95.8,29,26.0,2025-06-07,2025-06-04,0.0,Delivered,True,True,7951.4,1.0
PO-2025-00069,2025-05-09,São Paulo Supply,LATAM,Raw Materials,RAW-9693,Ocean,BlueWave Lines,DC-Central (TX),2139,2139.0,8.01,28,26.0,2025-06-06,2025-06-04,0.0,Delivered,True,True,17133.39,1.0
PO-2025-00070,2025-05-09,Allegheny Metals,North America,Components,COM-9321,Ground,Continental Trucking,DC-West (CA),635,635.0,16.81,8,9.0,2025-05-17,2025-05-18,1.0,Delivered,False,True,10674.35,0.0
PO-2025-00071,2025-05-09,Iberia Logistics SA,EMEA,Packaging,PAC-1002,Ocean,Meridian Shipping,DC-West (CA),5388,5388.0,0.88,22,16.0,2025-05-31,2025-05-25,0.0,Delivered,True,True,4741.44,1.0
PO-2025-00072,2025-05-09,Allegheny Metals,North America,Components,COM-4918,Ground,RoadRunner Freight,DC-West (CA),615,615.0,11.06,6,5.0,2025-05-15,2025-05-14,0.0,Delivered,True,True,6801.9,1.0
PO-2025-00073,2025-05-10,São Paulo Supply,LATAM,Raw Materials,RAW-6952,Ocean,Meridian Shipping,DC-West (CA),2227,2227.0,8.2,27,23.0,2025-06-06,2025-06-02,0.0,Delivered,True,True,18261.4,1.0
PO-2025-00074,2025-05-10,São Paulo Supply,LATAM,Finished Goods,FIN-9286,Ocean,BlueWave Lines,DC-Central (TX),78,78.0,106.9,29,26.0,2025-06-08,2025-06-05,0.0,Delivered,True,True,8338.2,1.0
PO-2025-00075,2025-05-10,Iberia Logistics SA,EMEA,Packaging,PAC-9785,Ocean,BlueWave Lines,DC-Central (TX),5530,5530.0,1.21,23,22.0,2025-06-02,2025-06-01,0.0,Delivered,True,True,6691.3,1.0
PO-2025-00076,2025-05-10,Great Lakes Packaging,North America,Packaging,PAC-3951,Ground,Continental Trucking,DC-East (PA),5318,5318.0,1.38,6,3.0,2025-05-16,2025-05-13,0.0,Delivered,True,True,7338.84,1.0
PO-2025-00077,2025-05-10,Pacific Components Co.,APAC,Electronics,ELE-6371,Ocean,BlueWave Lines,DC-Central (TX),122,122.0,38.68,33,28.0,2025-06-12,2025-06-07,0.0,Delivered,True,True,4718.96,1.0
PO-2025-00078,2025-05-10,Bangalore ElectroTech,APAC,Electronics,ELE-7218,Air,AeroFast,DC-South (GA),114,114.0,58.83,11,9.0,2025-05-21,2025-05-19,0.0,Delivered,True,True,6706.62,1.0
PO-2025-00079,2025-05-10,Rhine Components GmbH,EMEA,Electronics,ELE-1768,Air,SkyBridge Air Cargo,DC-South (GA),133,133.0,40.77,9,5.0,2025-05-19,2025-05-15,0.0,Delivered,True,True,5422.41,1.0
PO-2025-00080,2025-05-11,São Paulo Supply,LATAM,Finished Goods,FIN-9190,Ocean,Meridian Shipping,DC-South (GA),96,96.0,93.34,29,30.0,2025-06-09,2025-06-10,1.0,Delivered,False,True,8960.64,0.0
PO-2025-00081,2025-05-11,Pacific Components Co.,APAC,Electronics,ELE-8148,Ocean,Meridian Shipping,DC-West (CA),147,122.0,39.47,33,31.0,2025-06-13,2025-06-11,0.0,Delivered,True,False,5802.09,0.0
PO-2025-00082,2025-05-11,Bangalore ElectroTech,APAC,Electronics,ELE-4028,Air,AeroFast,DC-Central (TX),122,122.0,39.83,12,10.0,2025-05-23,2025-05-21,0.0,Delivered,True,True,4859.26,1.0
PO-2025-00083,2025-05-11,São Paulo Supply,LATAM,Raw Materials,RAW-9098,Ocean,Meridian Shipping,DC-East (PA),2138,2138.0,7.12,27,22.0,2025-06-07,2025-06-02,0.0,Delivered,True,True,15222.56,1.0
PO-2025-00084,2025-05-11,Allegheny Metals,North America,Raw Materials,RAW-1099,Ground,Continental Trucking,DC-West (CA),2240,2240.0,9.26,7,5.0,2025-05-18,2025-05-16,0.0,Delivered,True,True,20742.4,1.0
PO-2025-00085,2025-05-11,São Paulo Supply,LATAM,Raw Materials,RAW-9430,Ocean,Meridian Shipping,DC-South (GA),2215,2215.0,5.42,27,22.0,2025-06-07,2025-06-02,0.0,Delivered,True,True,12005.3,1.0
PO-2025-00086,2025-05-11,Monterrey Assembly,LATAM,Finished Goods,FIN-1425,Ground,Continental Trucking,DC-South (GA),104,104.0,59.98,12,12.0,2025-05-23,2025-05-23,0.0,Delivered,True,True,6237.92,1.0
PO-2025-00087,2025-05-11,Monterrey Assembly,LATAM,Components,COM-6185,Ground,Continental Trucking,DC-Central (TX),581,581.0,15.11,11,9.0,2025-05-22,2025-05-20,0.0,Delivered,True,True,8778.91,1.0
PO-2025-00088,2025-05-12,Shenzhen Precision Ltd,APAC,Components,COM-3235,Ocean,Meridian Shipping,DC-Central (TX),579,579.0,13.72,33,31.0,2025-06-14,2025-06-12,0.0,Delivered,True,True,7943.88,1.0
PO-2025-00089,2025-05-12,São Paulo Supply,LATAM,Finished Goods,FIN-1166,Ocean,BlueWave Lines,DC-Central (TX),84,84.0,50.77,29,17.0,2025-06-10,2025-05-29,0.0,Delivered,True,True,4264.68,1.0
PO-2025-00090,2025-05-12,Iberia Logistics SA,EMEA,Packaging,PAC-6001,Ocean,Meridian Shipping,DC-Central (TX),5371,5371.0,1.28,23,20.0,2025-06-04,2025-06-01,0.0,Delivered,True,True,6874.88,1.0
PO-2025-00091,2025-05-12,Iberia Logistics SA,EMEA,Finished Goods,FIN-9076,Ocean,Meridian Shipping,DC-Central (TX),83,83.0,77.71,26,24.0,2025-06-07,2025-06-05,0.0,Delivered,True,True,6449.93,1.0
PO-2025-00092,2025-05-13,Shenzhen Precision Ltd,APAC,Components,COM-4974,Ocean,Meridian Shipping,DC-East (PA),581,581.0,20.82,33,29.0,2025-06-15,2025-06-11,0.0,Delivered,True,True,12096.42,1.0
PO-2025-00093,2025-05-13,Bangalore ElectroTech,APAC,Electronics,ELE-6369,Air,AeroFast,DC-South (GA),129,129.0,23.74,13,7.0,2025-05-26,2025-05-20,0.0,Delivered,True,True,3062.46,1.0
PO-2025-00094,2025-05-13,Pacific Components Co.,APAC,Components,COM-8327,Ocean,Meridian Shipping,DC-Central (TX),570,570.0,11.99,34,36.0,2025-06-16,2025-06-18,2.0,Delivered,False,True,6834.3,0.0
PO-2025-00095,2025-05-13,Iberia Logistics SA,EMEA,Finished Goods,FIN-1154,Ocean,BlueWave Lines,DC-West (CA),72,72.0,71.25,23,23.0,2025-06-05,2025-06-05,0.0,Delivered,True,True,5130.0,1.0
PO-2025-00096,2025-05-13,Great Lakes Packaging,North America,Packaging,PAC-6490,Ground,RoadRunner Freight,DC-Central (TX),5406,5406.0,1.2,6,5.0,2025-05-19,2025-05-18,0.0,Delivered,True,True,6487.2,1.0
PO-2025-00097,2025-05-13,Bangalore ElectroTech,APAC,Electronics,ELE-2662,Air,SkyBridge Air Cargo,DC-East (PA),118,118.0,48.03,12,11.0,2025-05-25,2025-05-24,0.0,Delivered,True,True,5667.54,1.0
PO-2025-00098,2025-05-13,Great Lakes Packaging,North America,Packaging,PAC-4441,Ground,Continental Trucking,DC-Central (TX),5561,5561.0,1.61,8,6.0,2025-05-21,2025-05-19,0.0,Delivered,True,True,8953.21,1.0
PO-2025-00099,2025-05-13,Pacific Components Co.,APAC,Components,COM-3182,Ocean,BlueWave Lines,DC-East (PA),607,607.0,20.28,34,30.0,2025-06-16,2025-06-12,0.0,Delivered,True,True,12309.96,1.0
PO-2025-00100,2025-05-13,Bangalore ElectroTech,APAC,Electronics,ELE-1331,Air,AeroFast,DC-South (GA),138,138.0,46.54,12,7.0,2025-05-25,2025-05-20,0.0,Delivered,True,True,6422.52,1.0
PO-2025-00101,2025-05-13,Great Lakes Packaging,North America,Packaging,PAC-9868,Ground,RoadRunner Freight,DC-West (CA),5418,5418.0,1.37,7,4.0,2025-05-20,2025-05-17,0.0,Delivered,True,True,7422.66,1.0
PO-2025-00102,2025-05-13,Bangalore ElectroTech,APAC,Electronics,ELE-6602,Air,SkyBridge Air Cargo,DC-East (PA),109,109.0,52.76,13,8.0,2025-05-26,2025-05-21,0.0,Delivered,True,True,5750.84,1.0
PO-2025-00103,2025-05-13,Monterrey Assembly,LATAM,Finished Goods,FIN-5699,Ground,Continental Trucking,DC-South (GA),79,70.0,106.63,11,8.0,2025-05-24,2025-05-21,0.0,Delivered,True,False,8423.77,0.0
PO-2025-00104,2025-05-14,Bangalore ElectroTech,APAC,Electronics,ELE-4531,Air,AeroFast,DC-East (PA),106,106.0,45.75,11,11.0,2025-05-25,2025-05-25,0.0,Delivered,True,True,4849.5,1.0
PO-2025-00105,2025-05-14,São Paulo Supply,LATAM,Finished Goods,FIN-9883,Ocean,Meridian Shipping,DC-East (PA),94,94.0,117.98,27,25.0,2025-06-10,2025-06-08,0.0,Delivered,True,True,11090.12,1.0
PO-2025-00106,2025-05-14,Pacific Components Co.,APAC,Components,COM-4705,Ocean,Meridian Shipping,DC-Central (TX),608,608.0,12.9,33,34.0,2025-06-16,2025-06-17,1.0,Delivered,False,True,7843.2,0.0
PO-2025-00107,2025-05-14,Rhine Components GmbH,EMEA,Electronics,ELE-9630,Air,AeroFast,DC-South (GA),118,118.0,39.7,10,9.0,2025-05-24,2025-05-23,0.0,Delivered,True,True,4684.6,1.0
PO-2025-00108,2025-05-14,Pacific Components Co.,APAC,Electronics,ELE-3732,Ocean,Meridian Shipping,DC-West (CA),116,116.0,42.67,33,33.0,2025-06-16,2025-06-16,0.0,Delivered,True,True,4949.72,1.0
PO-2025-00109,2025-05-14,São Paulo Supply,LATAM,Raw Materials,RAW-4127,Ocean,BlueWave Lines,DC-South (GA),2141,2141.0,6.62,28,26.0,2025-06-11,2025-06-09,0.0,Delivered,True,True,14173.42,1.0
PO-2025-00110,2025-05-14,São Paulo Supply,LATAM,Finished Goods,FIN-7148,Ocean,Meridian Shipping,DC-Central (TX),90,90.0,96.28,28,26.0,2025-06-11,2025-06-09,0.0,Delivered,True,True,8665.2,1.0
PO-2025-00111,2025-05-14,Monterrey Assembly,LATAM,Components,COM-3481,Ground,Continental Trucking,DC-West (CA),622,622.0,16.03,11,9.0,2025-05-25,2025-05-23,0.0,Delivered,True,True,9970.66,1.0
PO-2025-00112,2025-05-14,Iberia Logistics SA,EMEA,Finished Goods,FIN-1080,Ocean,Meridian Shipping,DC-South (GA),87,87.0,96.02,24,26.0,2025-06-07,2025-06-09,2.0,Delivered,False,True,8353.74,0.0
PO-2025-00113,2025-05-14,Rhine Components GmbH,EMEA,Electronics,ELE-1415,Air,AeroFast,DC-Central (TX),108,108.0,33.58,8,4.0,2025-05-22,2025-05-18,0.0,Delivered,True,True,3626.64,1.0
PO-2025-00114,2025-05-14,Monterrey Assembly,LATAM,Components,COM-1493,Ground,RoadRunner Freight,DC-South (GA),658,658.0,10.44,10,6.0,2025-05-24,2025-05-20,0.0,Delivered,True,True,6869.52,1.0
PO-2025-00115,2025-05-14,Bangalore ElectroTech,APAC,Electronics,ELE-7283,Air,AeroFast,DC-East (PA),129,129.0,49.0,13,7.0,2025-05-27,2025-05-21,0.0,Delivered,True,True,6321.0,1.0
PO-2025-00116,2025-05-14,Rhine Components GmbH,EMEA,Components,COM-8810,Air,SkyBridge Air Cargo,DC-South (GA),536,536.0,19.02,9,6.0,2025-05-23,2025-05-20,0.0,Delivered,True,True,10194.72,1.0
PO-2025-00117,2025-05-15,Pacific Components Co.,APAC,Electronics,ELE-1682,Ocean,Meridian Shipping,DC-East (PA),94,94.0,30.76,35,34.0,2025-06-19,2025-06-18,0.0,Delivered,True,True,2891.44,1.0
PO-2025-00118,2025-05-15,Monterrey Assembly,LATAM,Finished Goods,FIN-3168,Ground,RoadRunner Freight,DC-East (PA),91,91.0,92.68,11,10.0,2025-05-26,2025-05-25,0.0,Delivered,True,True,8433.88,1.0
PO-2025-00119,2025-05-15,Monterrey Assembly,LATAM,Components,COM-9739,Ground,RoadRunner Freight,DC-East (PA),599,599.0,17.02,10,8.0,2025-05-25,2025-05-23,0.0,Delivered,True,True,10194.98,1.0
PO-2025-00120,2025-05-15,Rhine Components GmbH,EMEA,Electronics,ELE-4585,Air,AeroFast,DC-South (GA),125,125.0,41.62,8,7.0,2025-05-23,2025-05-22,0.0,Delivered,True,True,5202.5,1.0
PO-2025-00121,2025-05-15,Monterrey Assembly,LATAM,Components,COM-6869,Ground,RoadRunner Freight,DC-South (GA),566,566.0,16.04,12,9.0,2025-05-27,2025-05-24,0.0,Delivered,True,True,9078.64,1.0
PO-2025-00122,2025-05-16,Great Lakes Packaging,North America,Packaging,PAC-9070,Ground,Continental Trucking,DC-East (PA),5462,5462.0,1.48,9,6.0,2025-05-25,2025-05-22,0.0,Delivered,True,True,8083.76,1.0
PO-2025-00123,2025-05-16,Bangalore ElectroTech,APAC,Electronics,ELE-4621,Air,AeroFast,DC-East (PA),112,112.0,22.69,10,6.0,2025-05-26,2025-05-22,0.0,Delivered,True,True,2541.28,1.0
PO-2025-00124,2025-05-16,Allegheny Metals,North America,Raw Materials,RAW-3501,Ground,Continental Trucking,DC-South (GA),2178,2178.0,7.24,9,3.0,2025-05-25,2025-05-19,0.0,Delivered,True,True,15768.72,1.0
PO-2025-00125,2025-05-16,Bangalore ElectroTech,APAC,Electronics,ELE-6195,Air,AeroFast,DC-Central (TX),139,139.0,32.22,11,8.0,2025-05-27,2025-05-24,0.0,Delivered,True,True,4478.58,1.0
PO-2025-00126,2025-05-16,Pacific Components Co.,APAC,Electronics,ELE-2592,Ocean,BlueWave Lines,DC-South (GA),104,104.0,40.52,33,27.0,2025-06-18,2025-06-12,0.0,Delivered,True,True,4214.08,1.0
PO-2025-00127,2025-05-16,Shenzhen Precision Ltd,APAC,Components,COM-1340,Ocean,BlueWave Lines,DC-West (CA),621,621.0,6.28,31,32.0,2025-06-16,2025-06-17,1.0,Delivered,False,True,3899.88,0.0
PO-2025-00128,2025-05-17,Great Lakes Packaging,North America,Packaging,PAC-5470,Ground,Continental Trucking,DC-Central (TX),5543,5543.0,0.85,7,6.0,2025-05-24,2025-05-23,0.0,Delivered,True,True,4711.55,1.0
PO-2025-00129,2025-05-17,Rhine Components GmbH,EMEA,Components,COM-5094,Air,SkyBridge Air Cargo,DC-East (PA),599,599.0,16.28,11,8.0,2025-05-28,2025-05-25,0.0,Delivered,True,True,9751.72,1.0
PO-2025-00130,2025-05-17,São Paulo Supply,LATAM,Finished Goods,FIN-8347,Ocean,BlueWave Lines,DC-Central (TX),81,81.0,67.47,30,33.0,2025-06-16,2025-06-19,3.0,Delivered,False,True,5465.07,0.0
PO-2025-00131,2025-05-17,São Paulo Supply,LATAM,Finished Goods,FIN-8136,Ocean,BlueWave Lines,DC-East (PA),82,82.0,69.77,29,25.0,2025-06-15,2025-06-11,0.0,Delivered,True,True,5721.14,1.0
PO-2025-00132,2025-05-17,Pacific Components Co.,APAC,Electronics,ELE-1808,Ocean,Meridian Shipping,DC-South (GA),107,107.0,43.28,35,38.0,2025-06-21,2025-06-24,3.0,Delivered,False,True,4630.96,0.0
PO-2025-00133,2025-05-17,Allegheny Metals,North America,Components,COM-2886,Ground,Continental Trucking,DC-South (GA),591,591.0,18.64,9,5.0,2025-05-26,2025-05-22,0.0,Delivered,True,True,11016.24,1.0
PO-2025-00134,2025-05-17,Monterrey Assembly,LATAM,Finished Goods,FIN-4409,Ground,RoadRunner Freight,DC-Central (TX),87,87.0,76.54,11,7.0,2025-05-28,2025-05-24,0.0,Delivered,True,True,6658.98,1.0
PO-2025-00135,2025-05-17,Allegheny Metals,North America,Raw Materials,RAW-7756,Ground,Continental Trucking,DC-East (PA),2205,2205.0,7.97,7,2.0,2025-05-24,2025-05-19,0.0,Delivered,True,True,17573.85,1.0
PO-2025-00136,2025-05-17,Rhine Components GmbH,EMEA,Components,COM-5366,Air,SkyBridge Air Cargo,DC-East (PA),582,582.0,12.4,9,10.0,2025-05-26,2025-05-27,1.0,Delivered,False,True,7216.8,0.0
PO-2025-00137,2025-05-18,Great Lakes Packaging,North America,Packaging,PAC-4946,Ground,RoadRunner Freight,DC-Central (TX),5430,5430.0,1.71,9,7.0,2025-05-27,2025-05-25,0.0,Delivered,True,True,9285.3,1.0
PO-2025-00138,2025-05-18,Pacific Components Co.,APAC,Components,COM-4746,Ocean,Meridian Shipping,DC-Central (TX),572,572.0,12.25,34,29.0,2025-06-21,2025-06-16,0.0,Delivered,True,True,7007.0,1.0
PO-2025-00139,2025-05-18,Bangalore ElectroTech,APAC,Electronics,ELE-7812,Air,AeroFast,DC-East (PA),116,99.0,26.56,11,8.0,2025-05-29,2025-05-26,0.0,Delivered,True,False,3080.96,0.0
PO-2025-00140,2025-05-18,Shenzhen Precision Ltd,APAC,Electronics,ELE-6121,Ocean,BlueWave Lines,DC-South (GA),104,104.0,52.85,31,28.0,2025-06-18,2025-06-15,0.0,Delivered,True,True,5496.4,1.0
PO-2025-00141,2025-05-18,Rhine Components GmbH,EMEA,Electronics,ELE-1628,Air,AeroFast,DC-West (CA),134,134.0,35.39,8,4.0,2025-05-26,2025-05-22,0.0,Delivered,True,True,4742.26,1.0
PO-2025-00142,2025-05-18,Bangalore ElectroTech,APAC,Electronics,ELE-5756,Air,SkyBridge Air Cargo,DC-West (CA),139,139.0,41.31,13,12.0,2025-05-31,2025-05-30,0.0,Delivered,True,True,5742.09,1.0
PO-2025-00143,2025-05-18,Monterrey Assembly,LATAM,Finished Goods,FIN-7158,Ground,RoadRunner Freight,DC-South (GA),78,78.0,60.95,11,8.0,2025-05-29,2025-05-26,0.0,Delivered,True,True,4754.1,1.0
PO-2025-00144,2025-05-18,Rhine Components GmbH,EMEA,Electronics,ELE-4550,Air,SkyBridge Air Cargo,DC-Central (TX),131,131.0,43.94,7,1.0,2025-05-25,2025-05-19,0.0,Delivered,True,True,5756.14,1.0
PO-2025-00145,2025-05-19,Pacific Components Co.,APAC,Electronics,ELE-1957,Ocean,BlueWave Lines,DC-South (GA),122,122.0,53.34,34,31.0,2025-06-22,2025-06-19,0.0,Delivered,True,True,6507.48,1.0
PO-2025-00146,2025-05-19,Allegheny Metals,North America,Raw Materials,RAW-1007,Ground,Continental Trucking,DC-East (PA),2148,2148.0,7.56,6,6.0,2025-05-25,2025-05-25,0.0,Delivered,True,True,16238.88,1.0
PO-2025-00147,2025-05-19,Rhine Components GmbH,EMEA,Components,COM-4760,Air,AeroFast,DC-East (PA),588,588.0,24.97,8,8.0,2025-05-27,2025-05-27,0.0,Delivered,True,True,14682.36,1.0
PO-2025-00148,2025-05-19,Allegheny Metals,North America,Raw Materials,RAW-1207,Ground,Continental Trucking,DC-West (CA),2146,2146.0,9.38,5,2.0,2025-05-24,2025-05-21,0.0,Delivered,True,True,20129.48,1.0
PO-2025-00149,2025-05-19,São Paulo Supply,LATAM,Raw Materials,RAW-2568,Ocean,Meridian Shipping,DC-East (PA),2227,2227.0,8.21,29,27.0,2025-06-17,2025-06-15,0.0,Delivered,True,True,18283.67,1.0
PO-2025-00150,2025-05-19,Shenzhen Precision Ltd,APAC,Components,COM-4172,Ocean,Meridian Shipping,DC-East (PA),602,602.0,18.96,32,31.0,2025-06-20,2025-06-19,0.0,Delivered,True,True,11413.92,1.0
PO-2025-00151,2025-05-19,Iberia Logistics SA,EMEA,Packaging,PAC-4979,Ocean,BlueWave Lines,DC-West (CA),5449,4617.0,1.24,24,28.0,2025-06-12,2025-06-16,4.0,Delivered,False,False,6756.76,0.0
PO-2025-00152,2025-05-19,Bangalore ElectroTech,APAC,Electronics,ELE-9050,Air,SkyBridge Air Cargo,DC-West (CA),124,124.0,38.49,13,10.0,2025-06-01,2025-05-29,0.0,Delivered,True,True,4772.76,1.0
PO-2025-00153,2025-05-19,São Paulo Supply,LATAM,Finished Goods,FIN-6051,Ocean,BlueWave Lines,DC-East (PA),76,76.0,90.9,29,28.0,2025-06-17,2025-06-16,0.0,Delivered,True,True,6908.4,1.0
PO-2025-00154,2025-05-19,Shenzhen Precision Ltd,APAC,Electronics,ELE-6560,Ocean,BlueWave Lines,DC-Central (TX),121,121.0,41.54,33,28.0,2025-06-21,2025-06-16,0.0,Delivered,True,True,5026.34,1.0
PO-2025-00155,2025-05-19,Great Lakes Packaging,North America,Packaging,PAC-1117,Ground,RoadRunner Freight,DC-Central (TX),5449,5449.0,1.08,6,1.0,2025-05-25,2025-05-20,0.0,Delivered,True,True,5884.92,1.0
PO-2025-00156,2025-05-19,São Paulo Supply,LATAM,Raw Materials,RAW-8684,Ocean,Meridian Shipping,DC-South (GA),2171,2171.0,10.9,28,22.0,2025-06-16,2025-06-10,0.0,Delivered,True,True,23663.9,1.0
PO-2025-00157,2025-05-20,Iberia Logistics SA,EMEA,Finished Goods,FIN-9241,Ocean,Meridian Shipping,DC-West (CA),95,95.0,70.51,25,21.0,2025-06-14,2025-06-10,0.0,Delivered,True,True,6698.45,1.0
PO-2025-00158,2025-05-20,Bangalore ElectroTech,APAC,Electronics,ELE-3267,Air,SkyBridge Air Cargo,DC-South (GA),133,133.0,37.64,13,11.0,2025-06-02,2025-05-31,0.0,Delivered,True,True,5006.12,1.0
PO-2025-00159,2025-05-20,Monterrey Assembly,LATAM,Finished Goods,FIN-2353,Ground,RoadRunner Freight,DC-East (PA),86,86.0,73.95,10,11.0,2025-05-30,2025-05-31,1.0,Delivered,False,True,6359.7,0.0
PO-2025-00160,2025-05-20,Shenzhen Precision Ltd,APAC,Components,COM-4774,Ocean,BlueWave Lines,DC-West (CA),573,525.0,23.9,32,31.0,2025-06-21,2025-06-20,0.0,Delivered,True,False,13694.7,0.0
PO-2025-00161,2025-05-20,Shenzhen Precision Ltd,APAC,Components,COM-2174,Ocean,Meridian Shipping,DC-Central (TX),572,572.0,15.61,32,31.0,2025-06-21,2025-06-20,0.0,Delivered,True,True,8928.92,1.0
PO-2025-00162,2025-05-20,São Paulo Supply,LATAM,Finished Goods,FIN-8753,Ocean,BlueWave Lines,DC-East (PA),93,93.0,71.22,26,23.0,2025-06-15,2025-06-12,0.0,Delivered,True,True,6623.46,1.0
PO-2025-00163,2025-05-20,Bangalore ElectroTech,APAC,Electronics,ELE-3591,Air,AeroFast,DC-South (GA),123,123.0,44.56,14,11.0,2025-06-03,2025-05-31,0.0,Delivered,True,True,5480.88,1.0
PO-2025-00164,2025-05-20,Pacific Components Co.,APAC,Components,COM-5150,Ocean,Meridian Shipping,DC-South (GA),626,626.0,13.96,35,31.0,2025-06-24,2025-06-20,0.0,Delivered,True,True,8738.96,1.0
PO-2025-00165,2025-05-21,Rhine Components GmbH,EMEA,Electronics,ELE-9638,Air,AeroFast,DC-Central (TX),133,133.0,28.0,10,8.0,2025-05-31,2025-05-29,0.0,Delivered,True,True,3724.0,1.0
PO-2025-00166,2025-05-21,Bangalore ElectroTech,APAC,Electronics,ELE-9291,Air,AeroFast,DC-West (CA),141,141.0,38.26,12,10.0,2025-06-02,2025-05-31,0.0,Delivered,True,True,5394.66,1.0
PO-2025-00167,2025-05-21,Shenzhen Precision Ltd,APAC,Electronics,ELE-9455,Ocean,Meridian Shipping,DC-West (CA),108,108.0,40.24,32,32.0,2025-06-22,2025-06-22,0.0,Delivered,True,True,4345.92,1.0
PO-2025-00168,2025-05-21,Shenzhen Precision Ltd,APAC,Electronics,ELE-9132,Ocean,Meridian Shipping,DC-Central (TX),126,126.0,47.42,32,36.0,2025-06-22,2025-06-26,4.0,Delivered,False,True,5974.92,0.0
PO-2025-00169,2025-05-21,São Paulo Supply,LATAM,Raw Materials,RAW-5128,Ocean,Meridian Shipping,DC-Central (TX),2135,2135.0,10.75,30,21.0,2025-06-20,2025-06-11,0.0,Delivered,True,True,22951.25,1.0
PO-2025-00170,2025-05-21,Iberia Logistics SA,EMEA,Finished Goods,FIN-4752,Ocean,Meridian Shipping,DC-East (PA),98,98.0,75.07,25,20.0,2025-06-15,2025-06-10,0.0,Delivered,True,True,7356.86,1.0
PO-2025-00171,2025-05-21,Iberia Logistics SA,EMEA,Finished Goods,FIN-8939,Ocean,Meridian Shipping,DC-West (CA),86,86.0,66.23,24,22.0,2025-06-14,2025-06-12,0.0,Delivered,True,True,5695.78,1.0
PO-2025-00172,2025-05-21,Shenzhen Precision Ltd,APAC,Components,COM-1422,Ocean,BlueWave Lines,DC-South (GA),613,520.0,21.21,32,32.0,2025-06-22,2025-06-22,0.0,Delivered,True,False,13001.73,0.0
PO-2025-00173,2025-05-22,Great Lakes Packaging,North America,Packaging,PAC-7517,Ground,Continental Trucking,DC-Central (TX),5444,5444.0,1.76,7,6.0,2025-05-29,2025-05-28,0.0,Delivered,True,True,9581.44,1.0
PO-2025-00174,2025-05-22,Monterrey Assembly,LATAM,Components,COM-2609,Ground,RoadRunner Freight,DC-South (GA),584,584.0,11.38,10,7.0,2025-06-01,2025-05-29,0.0,Delivered,True,True,6645.92,1.0
PO-2025-00175,2025-05-22,Great Lakes Packaging,North America,Packaging,PAC-7017,Ground,Continental Trucking,DC-East (PA),5470,5470.0,1.34,4,3.0,2025-05-26,2025-05-25,0.0,Delivered,True,True,7329.8,1.0
PO-2025-00176,2025-05-22,Monterrey Assembly,LATAM,Components,COM-9105,Ground,RoadRunner Freight,DC-Central (TX),586,586.0,13.55,10,10.0,2025-06-01,2025-06-01,0.0,Delivered,True,True,7940.3,1.0
PO-2025-00177,2025-05-22,Rhine Components GmbH,EMEA,Electronics,ELE-9995,Air,SkyBridge Air Cargo,DC-East (PA),115,115.0,51.06,10,8.0,2025-06-01,2025-05-30,0.0,Delivered,True,True,5871.9,1.0
PO-2025-00178,2025-05-22,Shenzhen Precision Ltd,APAC,Electronics,ELE-5554,Ocean,BlueWave Lines,DC-Central (TX),109,109.0,28.59,33,30.0,2025-06-24,2025-06-21,0.0,Delivered,True,True,3116.31,1.0
PO-2025-00179,2025-05-22,Allegheny Metals,North America,Components,COM-6084,Ground,Continental Trucking,DC-South (GA),584,515.0,8.37,8,6.0,2025-05-30,2025-05-28,0.0,Delivered,True,False,4888.08,0.0
PO-2025-00180,2025-05-22,Rhine Components GmbH,EMEA,Components,COM-4190,Air,SkyBridge Air Cargo,DC-South (GA),585,585.0,15.66,8,5.0,2025-05-30,2025-05-27,0.0,Delivered,True,True,9161.1,1.0
PO-2025-00181,2025-05-22,Pacific Components Co.,APAC,Components,COM-1750,Ocean,Meridian Shipping,DC-West (CA),604,554.0,12.49,34,34.0,2025-06-25,2025-06-25,0.0,Delivered,True,False,7543.96,0.0
PO-2025-00182,2025-05-22,Monterrey Assembly,LATAM,Components,COM-5221,Ground,RoadRunner Freight,DC-South (GA),578,578.0,17.5,11,10.0,2025-06-02,2025-06-01,0.0,Delivered,True,True,10115.0,1.0
PO-2025-00183,2025-05-22,Great Lakes Packaging,North America,Packaging,PAC-4977,Ground,RoadRunner Freight,DC-East (PA),5426,5426.0,1.4,6,4.0,2025-05-28,2025-05-26,0.0,Delivered,True,True,7596.4,1.0
PO-2025-00184,2025-05-23,Allegheny Metals,North America,Raw Materials,RAW-2466,Ground,RoadRunner Freight,DC-Central (TX),2213,1820.0,7.6,8,2.0,2025-05-31,2025-05-25,0.0,Delivered,True,False,16818.8,0.0
PO-2025-00185,2025-05-23,Rhine Components GmbH,EMEA,Electronics,ELE-3571,Air,SkyBridge Air Cargo,DC-West (CA),93,93.0,48.07,10,6.0,2025-06-02,2025-05-29,0.0,Delivered,True,True,4470.51,1.0
PO-2025-00186,2025-05-23,Bangalore ElectroTech,APAC,Electronics,ELE-8637,Air,SkyBridge Air Cargo,DC-West (CA),109,109.0,45.37,13,5.0,2025-06-05,2025-05-28,0.0,Delivered,True,True,4945.33,1.0
PO-2025-00187,2025-05-23,Rhine Components GmbH,EMEA,Electronics,ELE-8444,Air,AeroFast,DC-South (GA),104,104.0,63.64,9,8.0,2025-06-01,2025-05-31,0.0,Delivered,True,True,6618.56,1.0
PO-2025-00188,2025-05-23,São Paulo Supply,LATAM,Raw Materials,RAW-1374,Ocean,BlueWave Lines,DC-South (GA),2177,1865.0,12.34,27,27.0,2025-06-19,2025-06-19,0.0,Delivered,True,False,26864.18,0.0
PO-2025-00189,2025-05-23,Bangalore ElectroTech,APAC,Electronics,ELE-6202,Air,SkyBridge Air Cargo,DC-Central (TX),146,146.0,38.62,12,6.0,2025-06-04,2025-05-29,0.0,Delivered,True,True,5638.52,1.0
PO-2025-00190,2025-05-23,Rhine Components GmbH,EMEA,Components,COM-7819,Air,AeroFast,DC-South (GA),601,601.0,16.46,7,3.0,2025-05-30,2025-05-26,0.0,Delivered,True,True,9892.46,1.0
PO-2025-00191,2025-05-23,Pacific Components Co.,APAC,Components,COM-9561,Ocean,BlueWave Lines,DC-Central (TX),590,590.0,7.92,33,30.0,2025-06-25,2025-06-22,0.0,Delivered,True,True,4672.8,1.0
PO-2025-00192,2025-05-23,Shenzhen Precision Ltd,APAC,Components,COM-9345,Ocean,BlueWave Lines,DC-East (PA),594,594.0,22.48,32,31.0,2025-06-24,2025-06-23,0.0,Delivered,True,True,13353.12,1.0
PO-2025-00193,2025-05-23,Rhine Components GmbH,EMEA,Components,COM-4658,Air,SkyBridge Air Cargo,DC-West (CA),614,614.0,3.86,10,9.0,2025-06-02,2025-06-01,0.0,Delivered,True,True,2370.04,1.0
PO-2025-00194,2025-05-23,Shenzhen Precision Ltd,APAC,Electronics,ELE-7764,Ocean,Meridian Shipping,DC-South (GA),130,130.0,38.96,33,29.0,2025-06-25,2025-06-21,0.0,Delivered,True,True,5064.8,1.0
PO-2025-00195,2025-05-23,São Paulo Supply,LATAM,Raw Materials,RAW-5610,Ocean,Meridian Shipping,DC-South (GA),2174,2174.0,12.42,29,30.0,2025-06-21,2025-06-22,1.0,Delivered,False,True,27001.08,0.0
PO-2025-00196,2025-05-24,Rhine Components GmbH,EMEA,Components,COM-9246,Air,AeroFast,DC-Central (TX),607,607.0,15.29,8,4.0,2025-06-01,2025-05-28,0.0,Delivered,True,True,9281.03,1.0
PO-2025-00197,2025-05-24,Great Lakes Packaging,North America,Packaging,PAC-8738,Ground,Continental Trucking,DC-East (PA),5332,5332.0,0.86,6,3.0,2025-05-30,2025-05-27,0.0,Delivered,True,True,4585.52,1.0
PO-2025-00198,2025-05-24,Allegheny Metals,North America,Components,COM-5067,Ground,Continental Trucking,DC-Central (TX),623,623.0,16.98,6,3.0,2025-05-30,2025-05-27,0.0,Delivered,True,True,10578.54,1.0
PO-2025-00199,2025-05-24,Rhine Components GmbH,EMEA,Components,COM-2770,Air,SkyBridge Air Cargo,DC-Central (TX),617,525.0,11.43,10,4.0,2025-06-03,2025-05-28,0.0,Delivered,True,False,7052.31,0.0
PO-2025-00200,2025-05-24,São Paulo Supply,LATAM,Raw Materials,RAW-3092,Ocean,BlueWave Lines,DC-East (PA),2179,2179.0,9.8,27,22.0,2025-06-20,2025-06-15,0.0,Delivered,True,True,21354.2,1.0
PO-2025-00201,2025-05-24,Rhine Components GmbH,EMEA,Components,COM-5252,Air,AeroFast,DC-South (GA),639,639.0,18.26,7,1.0,2025-05-31,2025-05-25,0.0,Delivered,True,True,11668.14,1.0
PO-2025-00202,2025-05-24,Pacific Components Co.,APAC,Electronics,ELE-1569,Ocean,Meridian Shipping,DC-South (GA),120,120.0,52.48,34,31.0,2025-06-27,2025-06-24,0.0,Delivered,True,True,6297.6,1.0
PO-2025-00203,2025-05-24,Great Lakes Packaging,North America,Packaging,PAC-5127,Ground,RoadRunner Freight,DC-South (GA),5404,5404.0,1.47,7,1.0,2025-05-31,2025-05-25,0.0,Delivered,True,True,7943.88,1.0
PO-2025-00204,2025-05-25,Shenzhen Precision Ltd,APAC,Components,COM-7698,Ocean,BlueWave Lines,DC-South (GA),658,658.0,20.13,33,36.0,2025-06-27,2025-06-30,3.0,Delivered,False,True,13245.54,0.0
PO-2025-00205,2025-05-25,Allegheny Metals,North America,Raw Materials,RAW-3909,Ground,Continental Trucking,DC-Central (TX),2239,2239.0,11.36,8,5.0,2025-06-02,2025-05-30,0.0,Delivered,True,True,25435.04,1.0
PO-2025-00206,2025-05-25,Pacific Components Co.,APAC,Electronics,ELE-2760,Ocean,BlueWave Lines,DC-East (PA),110,110.0,45.54,33,26.0,2025-06-27,2025-06-20,0.0,Delivered,True,True,5009.4,1.0
PO-2025-00207,2025-05-25,Shenzhen Precision Ltd,APAC,Electronics,ELE-6193,Ocean,BlueWave Lines,DC-East (PA),119,119.0,36.37,30,29.0,2025-06-24,2025-06-23,0.0,Delivered,True,True,4328.03,1.0
PO-2025-00208,2025-05-26,Shenzhen Precision Ltd,APAC,Components,COM-6119,Ocean,BlueWave Lines,DC-East (PA),590,590.0,12.45,31,24.0,2025-06-26,2025-06-19,0.0,Delivered,True,True,7345.5,1.0
PO-2025-00209,2025-05-26,Monterrey Assembly,LATAM,Components,COM-6651,Ground,Continental Trucking,DC-South (GA),654,654.0,14.12,9,6.0,2025-06-04,2025-06-01,0.0,Delivered,True,True,9234.48,1.0
PO-2025-00210,2025-05-26,Great Lakes Packaging,North America,Packaging,PAC-4017,Ground,RoadRunner Freight,DC-Central (TX),5467,5467.0,1.61,6,4.0,2025-06-01,2025-05-30,0.0,Delivered,True,True,8801.87,1.0
PO-2025-00211,2025-05-26,Great Lakes Packaging,North America,Packaging,PAC-6004,Ground,Continental Trucking,DC-South (GA),5373,5373.0,1.47,8,6.0,2025-06-03,2025-06-01,0.0,Delivered,True,True,7898.31,1.0
PO-2025-00212,2025-05-26,São Paulo Supply,LATAM,Finished Goods,FIN-5573,Ocean,BlueWave Lines,DC-South (GA),104,104.0,66.66,27,24.0,2025-06-22,2025-06-19,0.0,Delivered,True,True,6932.64,1.0
PO-2025-00213,2025-05-26,Great Lakes Packaging,North America,Packaging,PAC-8532,Ground,RoadRunner Freight,DC-East (PA),5358,5358.0,1.4,5,4.0,2025-05-31,2025-05-30,0.0,Delivered,True,True,7501.2,1.0
PO-2025-00214,2025-05-26,Pacific Components Co.,APAC,Components,COM-5459,Ocean,Meridian Shipping,DC-South (GA),618,618.0,21.93,34,31.0,2025-06-29,2025-06-26,0.0,Delivered,True,True,13552.74,1.0
PO-2025-00215,2025-05-26,Iberia Logistics SA,EMEA,Packaging,PAC-7617,Ocean,Meridian Shipping,DC-Central (TX),5402,5402.0,1.24,25,24.0,2025-06-20,2025-06-19,0.0,Delivered,True,True,6698.48,1.0
PO-2025-00216,2025-05-27,São Paulo Supply,LATAM,Raw Materials,RAW-3292,Ocean,Meridian Shipping,DC-South (GA),2268,2268.0,11.08,28,22.0,2025-06-24,2025-06-18,0.0,Delivered,True,True,25129.44,1.0
PO-2025-00217,2025-05-27,São Paulo Supply,LATAM,Finished Goods,FIN-8148,Ocean,Meridian Shipping,DC-South (GA),91,91.0,94.93,28,26.0,2025-06-24,2025-06-22,0.0,Delivered,True,True,8638.63,1.0
PO-2025-00218,2025-05-27,Monterrey Assembly,LATAM,Finished Goods,FIN-8616,Ground,Continental Trucking,DC-Central (TX),80,80.0,124.65,10,9.0,2025-06-06,2025-06-05,0.0,Delivered,True,True,9972.0,1.0
PO-2025-00219,2025-05-27,Shenzhen Precision Ltd,APAC,Components,COM-4715,Ocean,Meridian Shipping,DC-East (PA),596,596.0,9.09,32,30.0,2025-06-28,2025-06-26,0.0,Delivered,True,True,5417.64,1.0
PO-2025-00220,2025-05-27,Monterrey Assembly,LATAM,Finished Goods,FIN-2337,Ground,Continental Trucking,DC-East (PA),90,90.0,73.55,11,8.0,2025-06-07,2025-06-04,0.0,Delivered,True,True,6619.5,1.0
PO-2025-00221,2025-05-27,São Paulo Supply,LATAM,Raw Materials,RAW-8484,Ocean,BlueWave Lines,DC-West (CA),2225,2225.0,10.41,27,24.0,2025-06-23,2025-06-20,0.0,Delivered,True,True,23162.25,1.0
PO-2025-00222,2025-05-27,Pacific Components Co.,APAC,Electronics,ELE-7295,Ocean,Meridian Shipping,DC-South (GA),109,109.0,37.47,34,32.0,2025-06-30,2025-06-28,0.0,Delivered,True,True,4084.23,1.0
PO-2025-00223,2025-05-27,Iberia Logistics SA,EMEA,Packaging,PAC-1728,Ocean,Meridian Shipping,DC-West (CA),5381,5381.0,1.01,24,21.0,2025-06-20,2025-06-17,0.0,Delivered,True,True,5434.81,1.0
PO-2025-00224,2025-05-27,Iberia Logistics SA,EMEA,Packaging,PAC-1213,Ocean,Meridian Shipping,DC-East (PA),5471,5471.0,1.0,24,20.0,2025-06-20,2025-06-16,0.0,Delivered,True,True,5471.0,1.0
PO-2025-00225,2025-05-28,Pacific Components Co.,APAC,Electronics,ELE-6857,Ocean,Meridian Shipping,DC-West (CA),117,98.0,52.84,34,36.0,2025-07-01,2025-07-03,2.0,Delivered,False,False,6182.28,0.0
PO-2025-00226,2025-05-28,Monterrey Assembly,LATAM,Components,COM-8552,Ground,Continental Trucking,DC-Central (TX),640,640.0,20.59,11,6.0,2025-06-08,2025-06-03,0.0,Delivered,True,True,13177.6,1.0
PO-2025-00227,2025-05-28,Rhine Components GmbH,EMEA,Components,COM-4448,Air,AeroFast,DC-Central (TX),624,624.0,14.12,7,3.0,2025-06-04,2025-05-31,0.0,Delivered,True,True,8810.88,1.0
PO-2025-00228,2025-05-28,Bangalore ElectroTech,APAC,Electronics,ELE-9865,Air,AeroFast,DC-West (CA),130,130.0,32.29,11,9.0,2025-06-08,2025-06-06,0.0,Delivered,True,True,4197.7,1.0
PO-2025-00229,2025-05-28,Bangalore ElectroTech,APAC,Electronics,ELE-7360,Air,AeroFast,DC-East (PA),122,122.0,47.55,10,6.0,2025-06-07,2025-06-03,0.0,Delivered,True,True,5801.1,1.0
PO-2025-00230,2025-05-28,Monterrey Assembly,LATAM,Finished Goods,FIN-2146,Ground,RoadRunner Freight,DC-South (GA),89,89.0,70.84,13,11.0,2025-06-10,2025-06-08,0.0,Delivered,True,True,6304.76,1.0
PO-2025-00231,2025-05-28,Rhine Components GmbH,EMEA,Components,COM-6006,Air,SkyBridge Air Cargo,DC-West (CA),554,554.0,14.19,9,9.0,2025-06-06,2025-06-06,0.0,Delivered,True,True,7861.26,1.0
PO-2025-00232,2025-05-29,Pacific Components Co.,APAC,Electronics,ELE-8841,Ocean,BlueWave Lines,DC-East (PA),119,119.0,44.18,35,37.0,2025-07-03,2025-07-05,2.0,Delivered,False,True,5257.42,0.0
PO-2025-00233,2025-05-29,Pacific Components Co.,APAC,Electronics,ELE-2559,Ocean,Meridian Shipping,DC-Central (TX),128,128.0,38.16,34,33.0,2025-07-02,2025-07-01,0.0,Delivered,True,True,4884.48,1.0
PO-2025-00234,2025-05-29,Monterrey Assembly,LATAM,Finished Goods,FIN-1629,Ground,Continental Trucking,DC-Central (TX),104,104.0,87.37,11,8.0,2025-06-09,2025-06-06,0.0,Delivered,True,True,9086.48,1.0
PO-2025-00235,2025-05-29,Great Lakes Packaging,North America,Packaging,PAC-2733,Ground,Continental Trucking,DC-South (GA),5414,5414.0,0.81,6,2.0,2025-06-04,2025-05-31,0.0,Delivered,True,True,4385.34,1.0
PO-2025-00236,2025-05-29,São Paulo Supply,LATAM,Raw Materials,RAW-3091,Ocean,BlueWave Lines,DC-Central (TX),2199,2199.0,10.18,26,26.0,2025-06-24,2025-06-24,0.0,Delivered,True,True,22385.82,1.0
PO-2025-00237,2025-05-29,Great Lakes Packaging,North America,Packaging,PAC-9378,Ground,Continental Trucking,DC-East (PA),5476,5476.0,1.07,6,3.0,2025-06-04,2025-06-01,0.0,Delivered,True,True,5859.32,1.0
PO-2025-00238,2025-05-29,Allegheny Metals,North America,Components,COM-4990,Ground,RoadRunner Freight,DC-South (GA),602,602.0,9.27,8,5.0,2025-06-06,2025-06-03,0.0,Delivered,True,True,5580.54,1.0
PO-2025-00239,2025-05-29,Great Lakes Packaging,North America,Packaging,PAC-4478,Ground,Continental Trucking,DC-South (GA),5350,5350.0,1.3,5,1.0,2025-06-03,2025-05-30,0.0,Delivered,True,True,6955.0,1.0
PO-2025-00240,2025-05-30,São Paulo Supply,LATAM,Raw Materials,RAW-9892,Ocean,BlueWave Lines,DC-East (PA),2186,1984.0,9.19,29,25.0,2025-06-28,2025-06-24,0.0,Delivered,True,False,20089.34,0.0
PO-2025-00241,2025-05-30,São Paulo Supply,LATAM,Raw Materials,RAW-1239,Ocean,BlueWave Lines,DC-West (CA),2217,2217.0,8.53,29,30.0,2025-06-28,2025-06-29,1.0,Delivered,False,True,18911.01,0.0
PO-2025-00242,2025-05-30,Great Lakes Packaging,North America,Packaging,PAC-7466,Ground,Continental Trucking,DC-Central (TX),5438,5438.0,1.32,6,1.0,2025-06-05,2025-05-31,0.0,Delivered,True,True,7178.16,1.0
PO-2025-00243,2025-05-30,Monterrey Assembly,LATAM,Finished Goods,FIN-5379,Ground,RoadRunner Freight,DC-West (CA),90,90.0,98.03,9,4.0,2025-06-08,2025-06-03,0.0,Delivered,True,True,8822.7,1.0
PO-2025-00244,2025-05-30,Monterrey Assembly,LATAM,Components,COM-8592,Ground,RoadRunner Freight,DC-East (PA),587,587.0,19.49,10,6.0,2025-06-09,2025-06-05,0.0,Delivered,True,True,11440.63,1.0
PO-2025-00245,2025-05-30,Allegheny Metals,North America,Components,COM-6915,Ground,RoadRunner Freight,DC-East (PA),633,633.0,15.78,8,3.0,2025-06-07,2025-06-02,0.0,Delivered,True,True,9988.74,1.0
PO-2025-00246,2025-05-30,Bangalore ElectroTech,APAC,Electronics,ELE-1639,Air,AeroFast,DC-East (PA),136,136.0,47.24,12,11.0,2025-06-11,2025-06-10,0.0,Delivered,True,True,6424.64,1.0
PO-2025-00247,2025-05-31,Pacific Components Co.,APAC,Electronics,ELE-2491,Ocean,Meridian Shipping,DC-South (GA),113,113.0,58.42,35,33.0,2025-07-05,2025-07-03,0.0,Delivered,True,True,6601.46,1.0
PO-2025-00248,2025-05-31,Shenzhen Precision Ltd,APAC,Electronics,ELE-3297,Ocean,BlueWave Lines,DC-South (GA),121,121.0,48.55,32,31.0,2025-07-02,2025-07-01,0.0,Delivered,True,True,5874.55,1.0
PO-2025-00249,2025-05-31,Shenzhen Precision Ltd,APAC,Electronics,ELE-5969,Ocean,Meridian Shipping,DC-East (PA),140,140.0,31.78,31,28.0,2025-07-01,2025-06-28,0.0,Delivered,True,True,4449.2,1.0
PO-2025-00250,2025-05-31,Iberia Logistics SA,EMEA,Finished Goods,FIN-1498,Ocean,Meridian Shipping,DC-East (PA),97,97.0,79.7,25,20.0,2025-06-25,2025-06-20,0.0,Delivered,True,True,7730.9,1.0
PO-2025-00251,2025-05-31,Shenzhen Precision Ltd,APAC,Electronics,ELE-2069,Ocean,Meridian Shipping,DC-West (CA),119,119.0,49.03,32,30.0,2025-07-02,2025-06-30,0.0,Delivered,True,True,5834.57,1.0
PO-2025-00252,2025-06-01,São Paulo Supply,LATAM,Raw Materials,RAW-8926,Ocean,BlueWave Lines,DC-Central (TX),2263,2263.0,7.9,28,20.0,2025-06-29,2025-06-21,0.0,Delivered,True,True,17877.7,1.0
PO-2025-00253,2025-06-01,Monterrey Assembly,LATAM,Finished Goods,FIN-8158,Ground,Continental Trucking,DC-Central (TX),95,95.0,84.34,12,8.0,2025-06-13,2025-06-09,0.0,Delivered,True,True,8012.3,1.0
PO-2025-00254,2025-06-01,Iberia Logistics SA,EMEA,Packaging,PAC-2580,Ocean,BlueWave Lines,DC-East (PA),5534,5534.0,1.12,25,26.0,2025-06-26,2025-06-27,1.0,Delivered,False,True,6198.08,0.0
PO-2025-00255,2025-06-01,São Paulo Supply,LATAM,Raw Materials,RAW-3234,Ocean,BlueWave Lines,DC-West (CA),2148,2148.0,7.78,28,21.0,2025-06-29,2025-06-22,0.0,Delivered,True,True,16711.44,1.0
PO-2025-00256,2025-06-01,Allegheny Metals,North America,Raw Materials,RAW-2192,Ground,Continental Trucking,DC-East (PA),2116,2116.0,5.23,8,4.0,2025-06-09,2025-06-05,0.0,Delivered,True,True,11066.68,1.0
PO-2025-00257,2025-06-01,Shenzhen Precision Ltd,APAC,Electronics,ELE-7740,Ocean,BlueWave Lines,DC-East (PA),119,119.0,39.84,31,27.0,2025-07-02,2025-06-28,0.0,Delivered,True,True,4740.96,1.0
PO-2025-00258,2025-06-01,Great Lakes Packaging,North America,Packaging,PAC-7894,Ground,RoadRunner Freight,DC-Central (TX),5367,5367.0,1.25,4,1.0,2025-06-05,2025-06-02,0.0,Delivered,True,True,6708.75,1.0
PO-2025-00259,2025-06-01,Shenzhen Precision Ltd,APAC,Electronics,ELE-1656,Ocean,Meridian Shipping,DC-Central (TX),119,119.0,40.73,32,32.0,2025-07-03,2025-07-03,0.0,Delivered,True,True,4846.87,1.0
PO-2025-00260,2025-06-01,Allegheny Metals,North America,Raw Materials,RAW-4530,Ground,Continental Trucking,DC-East (PA),2269,2269.0,6.76,8,6.0,2025-06-09,2025-06-07,0.0,Delivered,True,True,15338.44,1.0
PO-2025-00261,2025-06-01,Rhine Components GmbH,EMEA,Components,COM-8417,Air,AeroFast,DC-East (PA),596,596.0,14.63,9,9.0,2025-06-10,2025-06-10,0.0,Delivered,True,True,8719.48,1.0
PO-2025-00262,2025-06-01,Great Lakes Packaging,North America,Packaging,PAC-5304,Ground,Continental Trucking,DC-East (PA),5386,5386.0,0.93,4,1.0,2025-06-05,2025-06-02,0.0,Delivered,True,True,5008.98,1.0
PO-2025-00263,2025-06-01,Bangalore ElectroTech,APAC,Electronics,ELE-7909,Air,SkyBridge Air Cargo,DC-West (CA),123,123.0,60.1,11,7.0,2025-06-12,2025-06-08,0.0,Delivered,True,True,7392.3,1.0
PO-2025-00264,2025-06-01,Great Lakes Packaging,North America,Packaging,PAC-6709,Ground,RoadRunner Freight,DC-West (CA),5361,5361.0,0.78,7,5.0,2025-06-08,2025-06-06,0.0,Delivered,True,True,4181.58,1.0
PO-2025-00265,2025-06-02,São Paulo Supply,LATAM,Finished Goods,FIN-3862,Ocean,BlueWave Lines,DC-East (PA),85,85.0,61.88,30,29.0,2025-07-02,2025-07-01,0.0,Delivered,True,True,5259.8,1.0
PO-2025-00266,2025-06-02,Allegheny Metals,North America,Components,COM-4353,Ground,RoadRunner Freight,DC-West (CA),566,566.0,14.16,6,2.0,2025-06-08,2025-06-04,0.0,Delivered,True,True,8014.56,1.0
PO-2025-00267,2025-06-02,Rhine Components GmbH,EMEA,Components,COM-9879,Air,AeroFast,DC-Central (TX),613,613.0,16.88,9,5.0,2025-06-11,2025-06-07,0.0,Delivered,True,True,10347.44,1.0
PO-2025-00268,2025-06-02,São Paulo Supply,LATAM,Finished Goods,FIN-2547,Ocean,Meridian Shipping,DC-East (PA),110,110.0,71.5,30,26.0,2025-07-02,2025-06-28,0.0,Delivered,True,True,7865.0,1.0
PO-2025-00269,2025-06-02,Monterrey Assembly,LATAM,Finished Goods,FIN-7687,Ground,RoadRunner Freight,DC-West (CA),93,93.0,86.84,10,7.0,2025-06-12,2025-06-09,0.0,Delivered,True,True,8076.12,1.0
PO-2025-00270,2025-06-02,Pacific Components Co.,APAC,Electronics,ELE-4630,Ocean,BlueWave Lines,DC-East (PA),125,125.0,63.72,34,30.0,2025-07-06,2025-07-02,0.0,Delivered,True,True,7965.0,1.0
PO-2025-00271,2025-06-02,Rhine Components GmbH,EMEA,Electronics,ELE-3680,Air,AeroFast,DC-South (GA),126,126.0,46.01,8,5.0,2025-06-10,2025-06-07,0.0,Delivered,True,True,5797.26,1.0
PO-2025-00272,2025-06-02,Bangalore ElectroTech,APAC,Electronics,ELE-5909,Air,SkyBridge Air Cargo,DC-Central (TX),116,116.0,39.66,10,3.0,2025-06-12,2025-06-05,0.0,Delivered,True,True,4600.56,1.0
PO-2025-00273,2025-06-02,Great Lakes Packaging,North America,Packaging,PAC-7907,Ground,Continental Trucking,DC-Central (TX),5452,5452.0,1.09,6,2.0,2025-06-08,2025-06-04,0.0,Delivered,True,True,5942.68,1.0
PO-2025-00274,2025-06-03,Rhine Components GmbH,EMEA,Electronics,ELE-7639,Air,AeroFast,DC-South (GA),130,130.0,51.91,10,8.0,2025-06-13,2025-06-11,0.0,Delivered,True,True,6748.3,1.0
PO-2025-00275,2025-06-03,Great Lakes Packaging,North America,Packaging,PAC-1772,Ground,Continental Trucking,DC-East (PA),5482,5482.0,1.47,4,1.0,2025-06-07,2025-06-04,0.0,Delivered,True,True,8058.54,1.0
PO-2025-00276,2025-06-03,Bangalore ElectroTech,APAC,Electronics,ELE-1027,Air,AeroFast,DC-Central (TX),119,119.0,46.05,11,9.0,2025-06-14,2025-06-12,0.0,Delivered,True,True,5479.95,1.0
PO-2025-00277,2025-06-04,Bangalore ElectroTech,APAC,Electronics,ELE-3323,Air,AeroFast,DC-East (PA),127,127.0,30.55,13,13.0,2025-06-17,2025-06-17,0.0,Delivered,True,True,3879.85,1.0
PO-2025-00278,2025-06-04,Monterrey Assembly,LATAM,Components,COM-3882,Ground,RoadRunner Freight,DC-South (GA),611,611.0,13.72,11,8.0,2025-06-15,2025-06-12,0.0,Delivered,True,True,8382.92,1.0
PO-2025-00279,2025-06-04,Allegheny Metals,North America,Components,COM-9666,Ground,RoadRunner Freight,DC-South (GA),543,543.0,15.48,7,3.0,2025-06-11,2025-06-07,0.0,Delivered,True,True,8405.64,1.0
PO-2025-00280,2025-06-04,Allegheny Metals,North America,Raw Materials,RAW-7527,Ground,RoadRunner Freight,DC-West (CA),2192,2192.0,6.31,8,4.0,2025-06-12,2025-06-08,0.0,Delivered,True,True,13831.52,1.0
PO-2025-00281,2025-06-04,Shenzhen Precision Ltd,APAC,Components,COM-6868,Ocean,Meridian Shipping,DC-West (CA),612,612.0,19.41,32,28.0,2025-07-06,2025-07-02,0.0,Delivered,True,True,11878.92,1.0
PO-2025-00282,2025-06-04,Pacific Components Co.,APAC,Electronics,ELE-2011,Ocean,BlueWave Lines,DC-Central (TX),140,140.0,58.8,35,36.0,2025-07-09,2025-07-10,1.0,Delivered,False,True,8232.0,0.0
PO-2025-00283,2025-06-04,Iberia Logistics SA,EMEA,Finished Goods,FIN-2083,Ocean,BlueWave Lines,DC-West (CA),97,97.0,47.97,23,18.0,2025-06-27,2025-06-22,0.0,Delivered,True,True,4653.09,1.0
PO-2025-00284,2025-06-04,Pacific Components Co.,APAC,Electronics,ELE-5761,Ocean,BlueWave Lines,DC-West (CA),110,110.0,40.82,33,31.0,2025-07-07,2025-07-05,0.0,Delivered,True,True,4490.2,1.0
PO-2025-00285,2025-06-04,Allegheny Metals,North America,Raw Materials,RAW-9321,Ground,RoadRunner Freight,DC-South (GA),2281,2281.0,4.7,8,6.0,2025-06-12,2025-06-10,0.0,Delivered,True,True,10720.7,1.0
PO-2025-00286,2025-06-04,Rhine Components GmbH,EMEA,Components,COM-1220,Air,SkyBridge Air Cargo,DC-Central (TX),564,564.0,21.54,7,3.0,2025-06-11,2025-06-07,0.0,Delivered,True,True,12148.56,1.0
PO-2025-00287,2025-06-04,Pacific Components Co.,APAC,Electronics,ELE-5948,Ocean,Meridian Shipping,DC-Central (TX),116,116.0,40.34,34,29.0,2025-07-08,2025-07-03,0.0,Delivered,True,True,4679.44,1.0
PO-2025-00288,2025-06-04,Shenzhen Precision Ltd,APAC,Electronics,ELE-6589,Ocean,Meridian Shipping,DC-West (CA),115,115.0,68.09,33,26.0,2025-07-07,2025-06-30,0.0,Delivered,True,True,7830.35,1.0
PO-2025-00289,2025-06-04,Rhine Components GmbH,EMEA,Components,COM-6863,Air,SkyBridge Air Cargo,DC-East (PA),602,602.0,16.18,11,7.0,2025-06-15,2025-06-11,0.0,Delivered,True,True,9740.36,1.0
PO-2025-00290,2025-06-04,Monterrey Assembly,LATAM,Components,COM-4451,Ground,RoadRunner Freight,DC-South (GA),601,510.0,8.27,13,11.0,2025-06-17,2025-06-15,0.0,Delivered,True,False,4970.27,0.0
PO-2025-00291,2025-06-05,Rhine Components GmbH,EMEA,Electronics,ELE-9959,Air,SkyBridge Air Cargo,DC-East (PA),132,132.0,37.93,9,4.0,2025-06-14,2025-06-09,0.0,Delivered,True,True,5006.76,1.0
PO-2025-00292,2025-06-05,São Paulo Supply,LATAM,Raw Materials,RAW-2900,Ocean,BlueWave Lines,DC-East (PA),2294,2294.0,7.89,27,18.0,2025-07-02,2025-06-23,0.0,Delivered,True,True,18099.66,1.0
PO-2025-00293,2025-06-05,São Paulo Supply,LATAM,Finished Goods,FIN-5723,Ocean,BlueWave Lines,DC-West (CA),78,78.0,83.69,28,23.0,2025-07-03,2025-06-28,0.0,Delivered,True,True,6527.82,1.0
PO-2025-00294,2025-06-05,Monterrey Assembly,LATAM,Components,COM-8296,Ground,RoadRunner Freight,DC-South (GA),603,603.0,11.38,12,7.0,2025-06-17,2025-06-12,0.0,Delivered,True,True,6862.14,1.0
PO-2025-00295,2025-06-05,Bangalore ElectroTech,APAC,Electronics,ELE-2653,Air,AeroFast,DC-East (PA),116,116.0,42.65,13,11.0,2025-06-18,2025-06-16,0.0,Delivered,True,True,4947.4,1.0
PO-2025-00296,2025-06-05,Pacific Components Co.,APAC,Electronics,ELE-7410,Ocean,BlueWave Lines,DC-Central (TX),126,126.0,44.84,35,38.0,2025-07-10,2025-07-13,3.0,Delivered,False,True,5649.84,0.0
PO-2025-00297,2025-06-05,Pacific Components Co.,APAC,Electronics,ELE-7529,Ocean,Meridian Shipping,DC-West (CA),129,129.0,37.58,34,31.0,2025-07-09,2025-07-06,0.0,Delivered,True,True,4847.82,1.0
PO-2025-00298,2025-06-05,Pacific Components Co.,APAC,Components,COM-9249,Ocean,BlueWave Lines,DC-Central (TX),584,584.0,13.82,33,25.0,2025-07-08,2025-06-30,0.0,Delivered,True,True,8070.88,1.0
PO-2025-00299,2025-06-06,Shenzhen Precision Ltd,APAC,Components,COM-9989,Ocean,Meridian Shipping,DC-Central (TX),595,595.0,14.75,31,28.0,2025-07-07,2025-07-04,0.0,Delivered,True,True,8776.25,1.0
PO-2025-00300,2025-06-06,Great Lakes Packaging,North America,Packaging,PAC-8216,Ground,RoadRunner Freight,DC-South (GA),5362,5362.0,0.77,6,3.0,2025-06-12,2025-06-09,0.0,Delivered,True,True,4128.74,1.0
PO-2025-00301,2025-06-06,Shenzhen Precision Ltd,APAC,Electronics,ELE-1104,Ocean,BlueWave Lines,DC-West (CA),132,132.0,66.01,31,27.0,2025-07-07,2025-07-03,0.0,Delivered,True,True,8713.32,1.0
PO-2025-00302,2025-06-06,Bangalore ElectroTech,APAC,Electronics,ELE-3168,Air,SkyBridge Air Cargo,DC-South (GA),123,123.0,33.11,12,6.0,2025-06-18,2025-06-12,0.0,Delivered,True,True,4072.53,1.0
PO-2025-00303,2025-06-06,Pacific Components Co.,APAC,Components,COM-5095,Ocean,Meridian Shipping,DC-South (GA),602,602.0,21.71,34,29.0,2025-07-10,2025-07-05,0.0,Delivered,True,True,13069.42,1.0
PO-2025-00304,2025-06-06,Monterrey Assembly,LATAM,Components,COM-1331,Ground,RoadRunner Freight,DC-West (CA),596,596.0,18.13,11,8.0,2025-06-17,2025-06-14,0.0,Delivered,True,True,10805.48,1.0
PO-2025-00305,2025-06-06,Bangalore ElectroTech,APAC,Electronics,ELE-3223,Air,AeroFast,DC-South (GA),129,129.0,51.06,12,11.0,2025-06-18,2025-06-17,0.0,Delivered,True,True,6586.74,1.0
PO-2025-00306,2025-06-06,Bangalore ElectroTech,APAC,Electronics,ELE-4489,Air,SkyBridge Air Cargo,DC-South (GA),106,106.0,50.07,11,7.0,2025-06-17,2025-06-13,0.0,Delivered,True,True,5307.42,1.0
PO-2025-00307,2025-06-07,Iberia Logistics SA,EMEA,Packaging,PAC-9653,Ocean,Meridian Shipping,DC-West (CA),5399,5399.0,1.81,26,18.0,2025-07-03,2025-06-25,0.0,Delivered,True,True,9772.19,1.0
PO-2025-00308,2025-06-07,Bangalore ElectroTech,APAC,Electronics,ELE-8235,Air,SkyBridge Air Cargo,DC-South (GA),117,117.0,34.51,10,8.0,2025-06-17,2025-06-15,0.0,Delivered,True,True,4037.67,1.0
PO-2025-00309,2025-06-07,Shenzhen Precision Ltd,APAC,Components,COM-6307,Ocean,BlueWave Lines,DC-West (CA),595,595.0,9.69,33,33.0,2025-07-10,2025-07-10,0.0,Delivered,True,True,5765.55,1.0
PO-2025-00310,2025-06-07,Iberia Logistics SA,EMEA,Packaging,PAC-3018,Ocean,Meridian Shipping,DC-South (GA),5434,5434.0,0.95,23,17.0,2025-06-30,2025-06-24,0.0,Delivered,True,True,5162.3,1.0
PO-2025-00311,2025-06-07,Great Lakes Packaging,North America,Packaging,PAC-7997,Ground,RoadRunner Freight,DC-East (PA),5379,5004.0,1.41,5,1.0,2025-06-12,2025-06-08,0.0,Delivered,True,False,7584.39,0.0
PO-2025-00312,2025-06-07,Great Lakes Packaging,North America,Packaging,PAC-9766,Ground,RoadRunner Freight,DC-South (GA),5468,5468.0,1.23,6,4.0,2025-06-13,2025-06-11,0.0,Delivered,True,True,6725.64,1.0
PO-2025-00313,2025-06-07,Great Lakes Packaging,North America,Packaging,PAC-1275,Ground,Continental Trucking,DC-East (PA),5428,5428.0,1.26,8,7.0,2025-06-15,2025-06-14,0.0,Delivered,True,True,6839.28,1.0
PO-2025-00314,2025-06-07,Monterrey Assembly,LATAM,Finished Goods,FIN-8470,Ground,RoadRunner Freight,DC-Central (TX),100,100.0,74.38,12,7.0,2025-06-19,2025-06-14,0.0,Delivered,True,True,7438.0,1.0
PO-2025-00315,2025-06-07,São Paulo Supply,LATAM,Raw Materials,RAW-1962,Ocean,BlueWave Lines,DC-East (PA),2225,2225.0,6.53,28,26.0,2025-07-05,2025-07-03,0.0,Delivered,True,True,14529.25,1.0
PO-2025-00316,2025-06-08,Great Lakes Packaging,North America,Packaging,PAC-5486,Ground,RoadRunner Freight,DC-West (CA),5458,5458.0,1.08,6,2.0,2025-06-14,2025-06-10,0.0,Delivered,True,True,5894.64,1.0
PO-2025-00317,2025-06-08,Great Lakes Packaging,North America,Packaging,PAC-5360,Ground,RoadRunner Freight,DC-Central (TX),5402,5402.0,0.45,6,2.0,2025-06-14,2025-06-10,0.0,Delivered,True,True,2430.9,1.0
PO-2025-00318,2025-06-08,Pacific Components Co.,APAC,Components,COM-4179,Ocean,Meridian Shipping,DC-South (GA),585,585.0,13.54,34,33.0,2025-07-12,2025-07-11,0.0,Delivered,True,True,7920.9,1.0
PO-2025-00319,2025-06-08,Rhine Components GmbH,EMEA,Electronics,ELE-9955,Air,AeroFast,DC-Central (TX),105,93.0,27.04,9,6.0,2025-06-17,2025-06-14,0.0,Delivered,True,False,2839.2,0.0
PO-2025-00320,2025-06-08,Bangalore ElectroTech,APAC,Electronics,ELE-9000,Air,SkyBridge Air Cargo,DC-East (PA),122,122.0,38.78,13,9.0,2025-06-21,2025-06-17,0.0,Delivered,True,True,4731.16,1.0
PO-2025-00321,2025-06-08,Iberia Logistics SA,EMEA,Finished Goods,FIN-4612,Ocean,Meridian Shipping,DC-Central (TX),96,96.0,72.66,25,17.0,2025-07-03,2025-06-25,0.0,Delivered,True,True,6975.36,1.0
PO-2025-00322,2025-06-08,Pacific Components Co.,APAC,Components,COM-7043,Ocean,Meridian Shipping,DC-West (CA),593,593.0,14.93,33,29.0,2025-07-11,2025-07-07,0.0,Delivered,True,True,8853.49,1.0
PO-2025-00323,2025-06-08,Monterrey Assembly,LATAM,Finished Goods,FIN-2073,Ground,RoadRunner Freight,DC-Central (TX),89,89.0,83.61,10,6.0,2025-06-18,2025-06-14,0.0,Delivered,True,True,7441.29,1.0
PO-2025-00324,2025-06-08,Rhine Components GmbH,EMEA,Components,COM-8614,Air,AeroFast,DC-East (PA),641,641.0,17.75,8,5.0,2025-06-16,2025-06-13,0.0,Delivered,True,True,11377.75,1.0
PO-2025-00325,2025-06-08,São Paulo Supply,LATAM,Raw Materials,RAW-4957,Ocean,BlueWave Lines,DC-East (PA),2238,2238.0,8.96,28,30.0,2025-07-06,2025-07-08,2.0,Delivered,False,True,20052.48,0.0
PO-2025-00326,2025-06-08,Bangalore ElectroTech,APAC,Electronics,ELE-5649,Air,SkyBridge Air Cargo,DC-West (CA),112,112.0,47.14,12,11.0,2025-06-20,2025-06-19,0.0,Delivered,True,True,5279.68,1.0
PO-2025-00327,2025-06-09,Rhine Components GmbH,EMEA,Components,COM-4328,Air,SkyBridge Air Cargo,DC-West (CA),595,595.0,17.16,9,5.0,2025-06-18,2025-06-14,0.0,Delivered,True,True,10210.2,1.0
PO-2025-00328,2025-06-09,Bangalore ElectroTech,APAC,Electronics,ELE-1435,Air,SkyBridge Air Cargo,DC-West (CA),109,109.0,49.51,12,9.0,2025-06-21,2025-06-18,0.0,Delivered,True,True,5396.59,1.0
PO-2025-00329,2025-06-09,Pacific Components Co.,APAC,Components,COM-4928,Ocean,BlueWave Lines,DC-South (GA),645,645.0,17.39,35,29.0,2025-07-14,2025-07-08,0.0,Delivered,True,True,11216.55,1.0
PO-2025-00330,2025-06-09,Iberia Logistics SA,EMEA,Finished Goods,FIN-7156,Ocean,Meridian Shipping,DC-East (PA),90,90.0,87.76,24,21.0,2025-07-03,2025-06-30,0.0,Delivered,True,True,7898.4,1.0
PO-2025-00331,2025-06-09,Great Lakes Packaging,North America,Packaging,PAC-5800,Ground,RoadRunner Freight,DC-Central (TX),5390,5390.0,1.6,6,3.0,2025-06-15,2025-06-12,0.0,Delivered,True,True,8624.0,1.0
PO-2025-00332,2025-06-09,Monterrey Assembly,LATAM,Finished Goods,FIN-2237,Ground,Continental Trucking,DC-Central (TX),89,89.0,65.44,12,10.0,2025-06-21,2025-06-19,0.0,Delivered,True,True,5824.16,1.0
PO-2025-00333,2025-06-09,Great Lakes Packaging,North America,Packaging,PAC-2675,Ground,Continental Trucking,DC-East (PA),5480,5480.0,1.33,5,1.0,2025-06-14,2025-06-10,0.0,Delivered,True,True,7288.4,1.0
PO-2025-00334,2025-06-09,Bangalore ElectroTech,APAC,Electronics,ELE-5756,Air,AeroFast,DC-Central (TX),107,107.0,42.7,12,10.0,2025-06-21,2025-06-19,0.0,Delivered,True,True,4568.9,1.0
PO-2025-00335,2025-06-10,Great Lakes Packaging,North America,Packaging,PAC-3154,Ground,RoadRunner Freight,DC-South (GA),5353,5353.0,1.03,7,4.0,2025-06-17,2025-06-14,0.0,Delivered,True,True,5513.59,1.0
PO-2025-00336,2025-06-10,Allegheny Metals,North America,Components,COM-5988,Ground,Continental Trucking,DC-West (CA),577,577.0,15.36,9,6.0,2025-06-19,2025-06-16,0.0,Delivered,True,True,8862.72,1.0
PO-2025-00337,2025-06-10,Monterrey Assembly,LATAM,Finished Goods,FIN-7382,Ground,Continental Trucking,DC-South (GA),94,94.0,85.66,12,11.0,2025-06-22,2025-06-21,0.0,Delivered,True,True,8052.04,1.0
PO-2025-00338,2025-06-10,Pacific Components Co.,APAC,Components,COM-3314,Ocean,Meridian Shipping,DC-Central (TX),624,624.0,21.83,34,32.0,2025-07-14,2025-07-12,0.0,Delivered,True,True,13621.92,1.0
PO-2025-00339,2025-06-10,Bangalore ElectroTech,APAC,Electronics,ELE-1801,Air,AeroFast,DC-East (PA),125,125.0,36.02,11,5.0,2025-06-21,2025-06-15,0.0,Delivered,True,True,4502.5,1.0
PO-2025-00340,2025-06-10,Iberia Logistics SA,EMEA,Finished Goods,FIN-2103,Ocean,Meridian Shipping,DC-West (CA),94,94.0,80.68,24,20.0,2025-07-04,2025-06-30,0.0,Delivered,True,True,7583.92,1.0
PO-2025-00341,2025-06-11,Pacific Components Co.,APAC,Electronics,ELE-9394,Ocean,Meridian Shipping,DC-East (PA),113,113.0,49.34,34,29.0,2025-07-15,2025-07-10,0.0,Delivered,True,True,5575.42,1.0
PO-2025-00342,2025-06-11,São Paulo Supply,LATAM,Raw Materials,RAW-8990,Ocean,Meridian Shipping,DC-West (CA),2173,2173.0,13.28,30,23.0,2025-07-11,2025-07-04,0.0,Delivered,True,True,28857.44,1.0
PO-2025-00343,2025-06-11,Bangalore ElectroTech,APAC,Electronics,ELE-5390,Air,AeroFast,DC-East (PA),127,127.0,32.88,12,10.0,2025-06-23,2025-06-21,0.0,Delivered,True,True,4175.76,1.0
PO-2025-00344,2025-06-11,Shenzhen Precision Ltd,APAC,Electronics,ELE-2239,Ocean,Meridian Shipping,DC-East (PA),150,150.0,48.72,33,34.0,2025-07-14,2025-07-15,1.0,Delivered,False,True,7308.0,0.0
PO-2025-00345,2025-06-11,Monterrey Assembly,LATAM,Components,COM-1722,Ground,RoadRunner Freight,DC-Central (TX),610,610.0,11.91,11,9.0,2025-06-22,2025-06-20,0.0,Delivered,True,True,7265.1,1.0
PO-2025-00346,2025-06-11,Monterrey Assembly,LATAM,Components,COM-8646,Ground,RoadRunner Freight,DC-South (GA),554,554.0,11.13,11,8.0,2025-06-22,2025-06-19,0.0,Delivered,True,True,6166.02,1.0
PO-2025-00347,2025-06-12,Monterrey Assembly,LATAM,Components,COM-8551,Ground,Continental Trucking,DC-West (CA),617,617.0,9.73,11,10.0,2025-06-23,2025-06-22,0.0,Delivered,True,True,6003.41,1.0
PO-2025-00348,2025-06-12,Allegheny Metals,North America,Components,COM-8211,Ground,Continental Trucking,DC-South (GA),643,643.0,15.36,6,3.0,2025-06-18,2025-06-15,0.0,Delivered,True,True,9876.48,1.0
PO-2025-00349,2025-06-12,Rhine Components GmbH,EMEA,Electronics,ELE-3067,Air,SkyBridge Air Cargo,DC-West (CA),117,117.0,17.46,8,3.0,2025-06-20,2025-06-15,0.0,Delivered,True,True,2042.82,1.0
PO-2025-00350,2025-06-12,Bangalore ElectroTech,APAC,Electronics,ELE-8755,Air,AeroFast,DC-Central (TX),129,129.0,41.23,13,9.0,2025-06-25,2025-06-21,0.0,Delivered,True,True,5318.67,1.0
PO-2025-00351,2025-06-12,Bangalore ElectroTech,APAC,Electronics,ELE-4336,Air,SkyBridge Air Cargo,DC-East (PA),129,129.0,33.65,11,6.0,2025-06-23,2025-06-18,0.0,Delivered,True,True,4340.85,1.0
PO-2025-00352,2025-06-12,Monterrey Assembly,LATAM,Components,COM-4681,Ground,RoadRunner Freight,DC-East (PA),616,616.0,19.73,12,9.0,2025-06-24,2025-06-21,0.0,Delivered,True,True,12153.68,1.0
PO-2025-00353,2025-06-12,Bangalore ElectroTech,APAC,Electronics,ELE-1833,Air,AeroFast,DC-South (GA),106,106.0,25.41,12,8.0,2025-06-24,2025-06-20,0.0,Delivered,True,True,2693.46,1.0
PO-2025-00354,2025-06-13,Rhine Components GmbH,EMEA,Electronics,ELE-9300,Air,SkyBridge Air Cargo,DC-Central (TX),131,131.0,23.72,9,8.0,2025-06-22,2025-06-21,0.0,Delivered,True,True,3107.32,1.0
PO-2025-00355,2025-06-13,Iberia Logistics SA,EMEA,Finished Goods,FIN-8502,Ocean,BlueWave Lines,DC-South (GA),89,89.0,93.71,26,17.0,2025-07-09,2025-06-30,0.0,Delivered,True,True,8340.19,1.0
PO-2025-00356,2025-06-13,Shenzhen Precision Ltd,APAC,Electronics,ELE-2413,Ocean,BlueWave Lines,DC-West (CA),132,132.0,61.23,31,24.0,2025-07-14,2025-07-07,0.0,Delivered,True,True,8082.36,1.0
PO-2025-00357,2025-06-13,Monterrey Assembly,LATAM,Components,COM-3042,Ground,Continental Trucking,DC-Central (TX),593,593.0,18.69,11,11.0,2025-06-24,2025-06-24,0.0,Delivered,True,True,11083.17,1.0
PO-2025-00358,2025-06-13,Pacific Components Co.,APAC,Components,COM-7183,Ocean,Meridian Shipping,DC-Central (TX),616,616.0,14.66,34,34.0,2025-07-17,2025-07-17,0.0,Delivered,True,True,9030.56,1.0
PO-2025-00359,2025-06-13,Monterrey Assembly,LATAM,Finished Goods,FIN-5466,Ground,RoadRunner Freight,DC-East (PA),93,93.0,62.54,11,6.0,2025-06-24,2025-06-19,0.0,Delivered,True,True,5816.22,1.0
PO-2025-00360,2025-06-13,Allegheny Metals,North America,Raw Materials,RAW-8392,Ground,RoadRunner Freight,DC-Central (TX),2101,2101.0,11.63,7,5.0,2025-06-20,2025-06-18,0.0,Delivered,True,True,24434.63,1.0
PO-2025-00361,2025-06-13,Great Lakes Packaging,North America,Packaging,PAC-8359,Ground,Continental Trucking,DC-South (GA),5354,5354.0,1.09,5,3.0,2025-06-18,2025-06-16,0.0,Delivered,True,True,5835.86,1.0
PO-2025-00362,2025-06-13,Pacific Components Co.,APAC,Electronics,ELE-7812,Ocean,Meridian Shipping,DC-East (PA),132,132.0,26.98,36,33.0,2025-07-19,2025-07-16,0.0,Delivered,True,True,3561.36,1.0
PO-2025-00363,2025-06-13,Shenzhen Precision Ltd,APAC,Components,COM-1301,Ocean,Meridian Shipping,DC-East (PA),610,610.0,17.89,33,36.0,2025-07-16,2025-07-19,3.0,Delivered,False,True,10912.9,0.0
PO-2025-00364,2025-06-13,Allegheny Metals,North America,Raw Materials,RAW-7877,Ground,Continental Trucking,DC-Central (TX),2168,2168.0,7.16,7,4.0,2025-06-20,2025-06-17,0.0,Delivered,True,True,15522.88,1.0
PO-2025-00365,2025-06-14,Monterrey Assembly,LATAM,Finished Goods,FIN-2125,Ground,RoadRunner Freight,DC-Central (TX),97,97.0,75.29,11,10.0,2025-06-25,2025-06-24,0.0,Delivered,True,True,7303.13,1.0
PO-2025-00366,2025-06-14,Pacific Components Co.,APAC,Components,COM-3698,Ocean,Meridian Shipping,DC-East (PA),601,601.0,14.25,33,32.0,2025-07-17,2025-07-16,0.0,Delivered,True,True,8564.25,1.0
PO-2025-00367,2025-06-14,Rhine Components GmbH,EMEA,Components,COM-4456,Air,SkyBridge Air Cargo,DC-East (PA),623,623.0,9.1,7,7.0,2025-06-21,2025-06-21,0.0,Delivered,True,True,5669.3,1.0
PO-2025-00368,2025-06-14,Monterrey Assembly,LATAM,Finished Goods,FIN-5198,Ground,Continental Trucking,DC-South (GA),95,95.0,68.24,11,10.0,2025-06-25,2025-06-24,0.0,Delivered,True,True,6482.8,1.0
PO-2025-00369,2025-06-14,Shenzhen Precision Ltd,APAC,Electronics,ELE-7746,Ocean,Meridian Shipping,DC-West (CA),110,110.0,43.15,32,29.0,2025-07-16,2025-07-13,0.0,Delivered,True,True,4746.5,1.0
PO-2025-00370,2025-06-14,Allegheny Metals,North America,Raw Materials,RAW-4362,Ground,RoadRunner Freight,DC-East (PA),2194,2194.0,10.5,7,2.0,2025-06-21,2025-06-16,0.0,Delivered,True,True,23037.0,1.0
PO-2025-00371,2025-06-15,Shenzhen Precision Ltd,APAC,Electronics,ELE-4015,Ocean,Meridian Shipping,DC-West (CA),124,124.0,49.66,34,27.0,2025-07-19,2025-07-12,0.0,Delivered,True,True,6157.84,1.0
PO-2025-00372,2025-06-15,Shenzhen Precision Ltd,APAC,Electronics,ELE-3239,Ocean,BlueWave Lines,DC-West (CA),141,141.0,48.63,31,31.0,2025-07-16,2025-07-16,0.0,Delivered,True,True,6856.83,1.0
PO-2025-00373,2025-06-15,Great Lakes Packaging,North America,Packaging,PAC-9170,Ground,Continental Trucking,DC-Central (TX),5467,5467.0,1.67,7,4.0,2025-06-22,2025-06-19,0.0,Delivered,True,True,9129.89,1.0
PO-2025-00374,2025-06-15,Bangalore ElectroTech,APAC,Electronics,ELE-8979,Air,AeroFast,DC-South (GA),96,96.0,48.82,11,9.0,2025-06-26,2025-06-24,0.0,Delivered,True,True,4686.72,1.0
PO-2025-00375,2025-06-15,Great Lakes Packaging,North America,Packaging,PAC-2547,Ground,RoadRunner Freight,DC-South (GA),5387,5387.0,1.1,5,3.0,2025-06-20,2025-06-18,0.0,Delivered,True,True,5925.7,1.0
PO-2025-00376,2025-06-15,Rhine Components GmbH,EMEA,Components,COM-5807,Air,AeroFast,DC-South (GA),652,652.0,19.17,10,6.0,2025-06-25,2025-06-21,0.0,Delivered,True,True,12498.84,1.0
PO-2025-00377,2025-06-15,Great Lakes Packaging,North America,Packaging,PAC-6032,Ground,Continental Trucking,DC-East (PA),5450,5450.0,1.65,7,3.0,2025-06-22,2025-06-18,0.0,Delivered,True,True,8992.5,1.0
PO-2025-00378,2025-06-15,Iberia Logistics SA,EMEA,Packaging,PAC-1707,Ocean,BlueWave Lines,DC-South (GA),5411,5411.0,1.41,24,21.0,2025-07-09,2025-07-06,0.0,Delivered,True,True,7629.51,1.0
PO-2025-00379,2025-06-15,Rhine Components GmbH,EMEA,Components,COM-5069,Air,SkyBridge Air Cargo,DC-Central (TX),614,614.0,15.06,9,4.0,2025-06-24,2025-06-19,0.0,Delivered,True,True,9246.84,1.0
PO-2025-00380,2025-06-15,Pacific Components Co.,APAC,Electronics,ELE-2233,Ocean,BlueWave Lines,DC-South (GA),137,137.0,28.82,36,40.0,2025-07-21,2025-07-25,4.0,Delivered,False,True,3948.34,0.0
PO-2025-00381,2025-06-15,Shenzhen Precision Ltd,APAC,Components,COM-3724,Ocean,BlueWave Lines,DC-Central (TX),616,616.0,11.67,31,25.0,2025-07-16,2025-07-10,0.0,Delivered,True,True,7188.72,1.0
PO-2025-00382,2025-06-16,Rhine Components GmbH,EMEA,Electronics,ELE-6329,Air,AeroFast,DC-West (CA),129,129.0,51.78,8,4.0,2025-06-24,2025-06-20,0.0,Delivered,True,True,6679.62,1.0
PO-2025-00383,2025-06-16,Shenzhen Precision Ltd,APAC,Electronics,ELE-1457,Ocean,BlueWave Lines,DC-East (PA),87,87.0,39.33,31,29.0,2025-07-17,2025-07-15,0.0,Delivered,True,True,3421.71,1.0
PO-2025-00384,2025-06-16,Iberia Logistics SA,EMEA,Packaging,PAC-4261,Ocean,Meridian Shipping,DC-East (PA),5506,5506.0,1.32,23,21.0,2025-07-09,2025-07-07,0.0,Delivered,True,True,7267.92,1.0
PO-2025-00385,2025-06-16,Great Lakes Packaging,North America,Packaging,PAC-6693,Ground,Continental Trucking,DC-West (CA),5522,5522.0,1.55,6,1.0,2025-06-22,2025-06-17,0.0,Delivered,True,True,8559.1,1.0
PO-2025-00386,2025-06-16,Pacific Components Co.,APAC,Components,COM-4434,Ocean,Meridian Shipping,DC-Central (TX),597,597.0,13.49,32,26.0,2025-07-18,2025-07-12,0.0,Delivered,True,True,8053.53,1.0
PO-2025-00387,2025-06-16,Monterrey Assembly,LATAM,Finished Goods,FIN-4496,Ground,Continental Trucking,DC-West (CA),77,77.0,60.44,11,9.0,2025-06-27,2025-06-25,0.0,Delivered,True,True,4653.88,1.0
PO-2025-00388,2025-06-16,Shenzhen Precision Ltd,APAC,Components,COM-3354,Ocean,BlueWave Lines,DC-South (GA),610,610.0,18.52,32,29.0,2025-07-18,2025-07-15,0.0,Delivered,True,True,11297.2,1.0
PO-2025-00389,2025-06-16,São Paulo Supply,LATAM,Finished Goods,FIN-5369,Ocean,Meridian Shipping,DC-Central (TX),78,78.0,52.3,28,28.0,2025-07-14,2025-07-14,0.0,Delivered,True,True,4079.4,1.0
PO-2025-00390,2025-06-16,Shenzhen Precision Ltd,APAC,Components,COM-2911,Ocean,BlueWave Lines,DC-East (PA),588,588.0,22.95,32,29.0,2025-07-18,2025-07-15,0.0,Delivered,True,True,13494.6,1.0
PO-2025-00391,2025-06-16,Allegheny Metals,North America,Components,COM-9897,Ground,Continental Trucking,DC-South (GA),563,563.0,12.45,7,6.0,2025-06-23,2025-06-22,0.0,Delivered,True,True,7009.35,1.0
PO-2025-00392,2025-06-16,Rhine Components GmbH,EMEA,Components,COM-5823,Air,AeroFast,DC-South (GA),583,583.0,18.59,10,9.0,2025-06-26,2025-06-25,0.0,Delivered,True,True,10837.97,1.0
PO-2025-00393,2025-06-16,Iberia Logistics SA,EMEA,Packaging,PAC-2056,Ocean,Meridian Shipping,DC-East (PA),5356,5356.0,0.87,24,23.0,2025-07-10,2025-07-09,0.0,Delivered,True,True,4659.72,1.0
PO-2025-00394,2025-06-17,Bangalore ElectroTech,APAC,Electronics,ELE-2217,Air,AeroFast,DC-Central (TX),128,128.0,51.78,13,8.0,2025-06-30,2025-06-25,0.0,Delivered,True,True,6627.84,1.0
PO-2025-00395,2025-06-17,Allegheny Metals,North America,Components,COM-8907,Ground,RoadRunner Freight,DC-South (GA),598,598.0,14.94,6,2.0,2025-06-23,2025-06-19,0.0,Delivered,True,True,8934.12,1.0
PO-2025-00396,2025-06-17,Great Lakes Packaging,North America,Packaging,PAC-4288,Ground,RoadRunner Freight,DC-Central (TX),5467,5467.0,0.99,6,3.0,2025-06-23,2025-06-20,0.0,Delivered,True,True,5412.33,1.0
PO-2025-00397,2025-06-17,Shenzhen Precision Ltd,APAC,Electronics,ELE-7696,Ocean,Meridian Shipping,DC-South (GA),118,118.0,34.05,30,25.0,2025-07-17,2025-07-12,0.0,Delivered,True,True,4017.9,1.0
PO-2025-00398,2025-06-17,Pacific Components Co.,APAC,Electronics,ELE-1258,Ocean,Meridian Shipping,DC-Central (TX),113,113.0,53.21,34,29.0,2025-07-21,2025-07-16,0.0,Delivered,True,True,6012.73,1.0
PO-2025-00399,2025-06-17,Allegheny Metals,North America,Raw Materials,RAW-5581,Ground,Continental Trucking,DC-East (PA),2164,2164.0,8.47,5,2.0,2025-06-22,2025-06-19,0.0,Delivered,True,True,18329.08,1.0
PO-2025-00400,2025-06-17,Great Lakes Packaging,North America,Packaging,PAC-5134,Ground,Continental Trucking,DC-Central (TX),5468,5468.0,1.14,8,5.0,2025-06-25,2025-06-22,0.0,Delivered,True,True,6233.52,1.0
PO-2025-00401,2025-06-17,Great Lakes Packaging,North America,Packaging,PAC-6815,Ground,Continental Trucking,DC-East (PA),5392,5392.0,0.64,6,5.0,2025-06-23,2025-06-22,0.0,Delivered,True,True,3450.88,1.0
PO-2025-00402,2025-06-17,Iberia Logistics SA,EMEA,Packaging,PAC-3055,Ocean,Meridian Shipping,DC-South (GA),5500,5005.0,1.23,25,24.0,2025-07-12,2025-07-11,0.0,Delivered,True,False,6765.0,0.0
PO-2025-00403,2025-06-18,Iberia Logistics SA,EMEA,Finished Goods,FIN-6624,Ocean,Meridian Shipping,DC-South (GA),93,93.0,62.57,24,23.0,2025-07-12,2025-07-11,0.0,Delivered,True,True,5819.01,1.0
PO-2025-00404,2025-06-18,Monterrey Assembly,LATAM,Finished Goods,FIN-3113,Ground,RoadRunner Freight,DC-East (PA),97,97.0,91.21,12,10.0,2025-06-30,2025-06-28,0.0,Delivered,True,True,8847.37,1.0
PO-2025-00405,2025-06-18,Great Lakes Packaging,North America,Packaging,PAC-5897,Ground,RoadRunner Freight,DC-Central (TX),5320,5320.0,1.35,6,2.0,2025-06-24,2025-06-20,0.0,Delivered,True,True,7182.0,1.0
PO-2025-00406,2025-06-18,Monterrey Assembly,LATAM,Finished Goods,FIN-8970,Ground,Continental Trucking,DC-East (PA),73,73.0,74.33,11,5.0,2025-06-29,2025-06-23,0.0,Delivered,True,True,5426.09,1.0
PO-2025-00407,2025-06-18,Shenzhen Precision Ltd,APAC,Components,COM-9960,Ocean,BlueWave Lines,DC-Central (TX),579,579.0,12.88,31,26.0,2025-07-19,2025-07-14,0.0,Delivered,True,True,7457.52,1.0
PO-2025-00408,2025-06-18,São Paulo Supply,LATAM,Raw Materials,RAW-4751,Ocean,BlueWave Lines,DC-South (GA),2139,2139.0,9.14,28,23.0,2025-07-16,2025-07-11,0.0,Delivered,True,True,19550.46,1.0
PO-2025-00409,2025-06-18,São Paulo Supply,LATAM,Raw Materials,RAW-8274,Ocean,Meridian Shipping,DC-Central (TX),2311,2311.0,5.61,30,27.0,2025-07-18,2025-07-15,0.0,Delivered,True,True,12964.71,1.0
PO-2025-00410,2025-06-19,São Paulo Supply,LATAM,Finished Goods,FIN-5098,Ocean,Meridian Shipping,DC-West (CA),104,104.0,75.39,27,24.0,2025-07-16,2025-07-13,0.0,Delivered,True,True,7840.56,1.0
PO-2025-00411,2025-06-19,Iberia Logistics SA,EMEA,Packaging,PAC-1225,Ocean,BlueWave Lines,DC-East (PA),5236,5236.0,1.09,23,24.0,2025-07-12,2025-07-13,1.0,Delivered,False,True,5707.24,0.0
PO-2025-00412,2025-06-19,Shenzhen Precision Ltd,APAC,Electronics,ELE-6313,Ocean,Meridian Shipping,DC-East (PA),130,130.0,47.67,32,27.0,2025-07-21,2025-07-16,0.0,Delivered,True,True,6197.1,1.0
PO-2025-00413,2025-06-19,Bangalore ElectroTech,APAC,Electronics,ELE-2680,Air,SkyBridge Air Cargo,DC-Central (TX),121,121.0,47.86,13,9.0,2025-07-02,2025-06-28,0.0,Delivered,True,True,5791.06,1.0
PO-2025-00414,2025-06-19,Great Lakes Packaging,North America,Packaging,PAC-5412,Ground,RoadRunner Freight,DC-East (PA),5428,5428.0,1.42,7,3.0,2025-06-26,2025-06-22,0.0,Delivered,True,True,7707.76,1.0
PO-2025-00415,2025-06-19,Pacific Components Co.,APAC,Components,COM-4300,Ocean,BlueWave Lines,DC-West (CA),615,615.0,12.96,35,34.0,2025-07-24,2025-07-23,0.0,Delivered,True,True,7970.4,1.0
PO-2025-00416,2025-06-19,Bangalore ElectroTech,APAC,Electronics,ELE-6327,Air,AeroFast,DC-West (CA),115,115.0,46.07,12,11.0,2025-07-01,2025-06-30,0.0,Delivered,True,True,5298.05,1.0
PO-2025-00417,2025-06-19,Allegheny Metals,North America,Raw Materials,RAW-3339,Ground,RoadRunner Freight,DC-Central (TX),2272,2272.0,11.66,7,3.0,2025-06-26,2025-06-22,0.0,Delivered,True,True,26491.52,1.0
PO-2025-00418,2025-06-20,São Paulo Supply,LATAM,Finished Goods,FIN-4444,Ocean,BlueWave Lines,DC-South (GA),95,95.0,57.49,30,37.0,2025-07-20,2025-07-27,7.0,Delivered,False,True,5461.55,0.0
PO-2025-00419,2025-06-20,São Paulo Supply,LATAM,Finished Goods,FIN-5461,Ocean,BlueWave Lines,DC-Central (TX),83,83.0,75.76,27,23.0,2025-07-17,2025-07-13,0.0,Delivered,True,True,6288.08,1.0
PO-2025-00420,2025-06-20,Rhine Components GmbH,EMEA,Electronics,ELE-8575,Air,AeroFast,DC-Central (TX),124,124.0,40.0,8,10.0,2025-06-28,2025-06-30,2.0,Delivered,False,True,4960.0,0.0
PO-2025-00421,2025-06-20,São Paulo Supply,LATAM,Raw Materials,RAW-9102,Ocean,Meridian Shipping,DC-East (PA),2171,2171.0,9.98,30,29.0,2025-07-20,2025-07-19,0.0,Delivered,True,True,21666.58,1.0
PO-2025-00422,2025-06-20,Rhine Components GmbH,EMEA,Components,COM-8642,Air,SkyBridge Air Cargo,DC-Central (TX),566,566.0,4.96,9,5.0,2025-06-29,2025-06-25,0.0,Delivered,True,True,2807.36,1.0
PO-2025-00423,2025-06-20,Allegheny Metals,North America,Raw Materials,RAW-2855,Ground,RoadRunner Freight,DC-West (CA),2187,2187.0,11.05,5,3.0,2025-06-25,2025-06-23,0.0,Delivered,True,True,24166.35,1.0
PO-2025-00424,2025-06-20,Shenzhen Precision Ltd,APAC,Components,COM-9143,Ocean,BlueWave Lines,DC-East (PA),613,613.0,7.52,32,28.0,2025-07-22,2025-07-18,0.0,Delivered,True,True,4609.76,1.0
PO-2025-00425,2025-06-20,Allegheny Metals,North America,Components,COM-5386,Ground,Continental Trucking,DC-West (CA),613,613.0,15.74,8,6.0,2025-06-28,2025-06-26,0.0,Delivered,True,True,9648.62,1.0
PO-2025-00426,2025-06-20,Shenzhen Precision Ltd,APAC,Components,COM-1844,Ocean,Meridian Shipping,DC-East (PA),627,627.0,11.97,31,25.0,2025-07-21,2025-07-15,0.0,Delivered,True,True,7505.19,1.0
PO-2025-00427,2025-06-21,Iberia Logistics SA,EMEA,Packaging,PAC-5348,Ocean,BlueWave Lines,DC-East (PA),5436,5436.0,0.69,24,21.0,2025-07-15,2025-07-12,0.0,Delivered,True,True,3750.84,1.0
PO-2025-00428,2025-06-21,Shenzhen Precision Ltd,APAC,Components,COM-4469,Ocean,Meridian Shipping,DC-East (PA),550,550.0,14.29,30,24.0,2025-07-21,2025-07-15,0.0,Delivered,True,True,7859.5,1.0
PO-2025-00429,2025-06-21,Bangalore ElectroTech,APAC,Electronics,ELE-6535,Air,SkyBridge Air Cargo,DC-East (PA),90,90.0,36.11,12,11.0,2025-07-03,2025-07-02,0.0,Delivered,True,True,3249.9,1.0
PO-2025-00430,2025-06-21,Bangalore ElectroTech,APAC,Electronics,ELE-5591,Air,SkyBridge Air Cargo,DC-West (CA),117,117.0,37.1,12,9.0,2025-07-03,2025-06-30,0.0,Delivered,True,True,4340.7,1.0
PO-2025-00431,2025-06-21,Bangalore ElectroTech,APAC,Electronics,ELE-2838,Air,SkyBridge Air Cargo,DC-East (PA),113,113.0,58.38,11,8.0,2025-07-02,2025-06-29,0.0,Delivered,True,True,6596.94,1.0
PO-2025-00432,2025-06-21,Pacific Components Co.,APAC,Electronics,ELE-2680,Ocean,Meridian Shipping,DC-South (GA),122,122.0,54.32,34,29.0,2025-07-25,2025-07-20,0.0,Delivered,True,True,6627.04,1.0
PO-2025-00433,2025-06-22,Bangalore ElectroTech,APAC,Electronics,ELE-9616,Air,SkyBridge Air Cargo,DC-West (CA),111,111.0,48.41,10,6.0,2025-07-02,2025-06-28,0.0,Delivered,True,True,5373.51,1.0
PO-2025-00434,2025-06-22,Pacific Components Co.,APAC,Electronics,ELE-6051,Ocean,BlueWave Lines,DC-Central (TX),122,122.0,44.71,33,33.0,2025-07-25,2025-07-25,0.0,Delivered,True,True,5454.62,1.0
PO-2025-00435,2025-06-22,Rhine Components GmbH,EMEA,Components,COM-1741,Air,AeroFast,DC-Central (TX),589,589.0,15.63,8,7.0,2025-06-30,2025-06-29,0.0,Delivered,True,True,9206.07,1.0
PO-2025-00436,2025-06-22,Iberia Logistics SA,EMEA,Packaging,PAC-9943,Ocean,Meridian Shipping,DC-East (PA),5304,5304.0,1.24,22,19.0,2025-07-14,2025-07-11,0.0,Delivered,True,True,6576.96,1.0
PO-2025-00437,2025-06-22,Great Lakes Packaging,North America,Packaging,PAC-4715,Ground,Continental Trucking,DC-East (PA),5367,5367.0,0.73,5,1.0,2025-06-27,2025-06-23,0.0,Delivered,True,True,3917.91,1.0
PO-2025-00438,2025-06-22,Allegheny Metals,North America,Components,COM-7817,Ground,Continental Trucking,DC-Central (TX),584,584.0,11.86,7,6.0,2025-06-29,2025-06-28,0.0,Delivered,True,True,6926.24,1.0
PO-2025-00439,2025-06-22,São Paulo Supply,LATAM,Raw Materials,RAW-1957,Ocean,Meridian Shipping,DC-West (CA),2147,2147.0,6.78,28,30.0,2025-07-20,2025-07-22,2.0,Delivered,False,True,14556.66,0.0
PO-2025-00440,2025-06-22,Iberia Logistics SA,EMEA,Packaging,PAC-3167,Ocean,BlueWave Lines,DC-East (PA),5516,5516.0,1.25,26,25.0,2025-07-18,2025-07-17,0.0,Delivered,True,True,6895.0,1.0
PO-2025-00441,2025-06-22,Pacific Components Co.,APAC,Components,COM-7623,Ocean,BlueWave Lines,DC-Central (TX),604,604.0,15.59,34,32.0,2025-07-26,2025-07-24,0.0,Delivered,True,True,9416.36,1.0
PO-2025-00442,2025-06-22,Shenzhen Precision Ltd,APAC,Electronics,ELE-9784,Ocean,BlueWave Lines,DC-Central (TX),134,134.0,47.15,32,30.0,2025-07-24,2025-07-22,0.0,Delivered,True,True,6318.1,1.0
PO-2025-00443,2025-06-23,Great Lakes Packaging,North America,Packaging,PAC-7005,Ground,RoadRunner Freight,DC-East (PA),5261,5261.0,1.27,6,4.0,2025-06-29,2025-06-27,0.0,Delivered,True,True,6681.47,1.0
PO-2025-00444,2025-06-23,Allegheny Metals,North America,Components,COM-7044,Ground,RoadRunner Freight,DC-West (CA),630,630.0,15.02,7,6.0,2025-06-30,2025-06-29,0.0,Delivered,True,True,9462.6,1.0
PO-2025-00445,2025-06-23,São Paulo Supply,LATAM,Finished Goods,FIN-4584,Ocean,BlueWave Lines,DC-South (GA),103,103.0,73.54,27,25.0,2025-07-20,2025-07-18,0.0,Delivered,True,True,7574.62,1.0
PO-2025-00446,2025-06-23,Pacific Components Co.,APAC,Electronics,ELE-2235,Ocean,Meridian Shipping,DC-Central (TX),98,98.0,58.17,34,33.0,2025-07-27,2025-07-26,0.0,Delivered,True,True,5700.66,1.0
PO-2025-00447,2025-06-23,Bangalore ElectroTech,APAC,Electronics,ELE-4217,Air,AeroFast,DC-South (GA),111,111.0,58.77,10,10.0,2025-07-03,2025-07-03,0.0,Delivered,True,True,6523.47,1.0
PO-2025-00448,2025-06-23,Allegheny Metals,North America,Components,COM-9497,Ground,RoadRunner Freight,DC-East (PA),615,615.0,16.42,9,3.0,2025-07-02,2025-06-26,0.0,Delivered,True,True,10098.3,1.0
PO-2025-00449,2025-06-23,Pacific Components Co.,APAC,Components,COM-3950,Ocean,Meridian Shipping,DC-South (GA),623,623.0,10.84,33,26.0,2025-07-26,2025-07-19,0.0,Delivered,True,True,6753.32,1.0
PO-2025-00450,2025-06-23,Monterrey Assembly,LATAM,Finished Goods,FIN-8329,Ground,RoadRunner Freight,DC-South (GA),83,83.0,83.71,11,11.0,2025-07-04,2025-07-04,0.0,Delivered,True,True,6947.93,1.0
PO-2025-00451,2025-06-23,Pacific Components Co.,APAC,Electronics,ELE-9277,Ocean,Meridian Shipping,DC-East (PA),124,124.0,21.52,34,33.0,2025-07-27,2025-07-26,0.0,Delivered,True,True,2668.48,1.0
PO-2025-00452,2025-06-23,São Paulo Supply,LATAM,Raw Materials,RAW-1530,Ocean,BlueWave Lines,DC-Central (TX),2128,2128.0,7.52,28,24.0,2025-07-21,2025-07-17,0.0,Delivered,True,True,16002.56,1.0
PO-2025-00453,2025-06-24,São Paulo Supply,LATAM,Finished Goods,FIN-8813,Ocean,BlueWave Lines,DC-South (GA),94,94.0,48.66,28,26.0,2025-07-22,2025-07-20,0.0,Delivered,True,True,4574.04,1.0
PO-2025-00454,2025-06-24,Great Lakes Packaging,North America,Packaging,PAC-4034,Ground,Continental Trucking,DC-Central (TX),5321,5321.0,1.11,6,3.0,2025-06-30,2025-06-27,0.0,Delivered,True,True,5906.31,1.0
PO-2025-00455,2025-06-24,Bangalore ElectroTech,APAC,Electronics,ELE-6839,Air,AeroFast,DC-West (CA),116,116.0,38.02,12,10.0,2025-07-06,2025-07-04,0.0,Delivered,True,True,4410.32,1.0
PO-2025-00456,2025-06-24,Bangalore ElectroTech,APAC,Electronics,ELE-2486,Air,AeroFast,DC-Central (TX),140,140.0,33.13,14,11.0,2025-07-08,2025-07-05,0.0,Delivered,True,True,4638.2,1.0
PO-2025-00457,2025-06-24,Great Lakes Packaging,North America,Packaging,PAC-9221,Ground,RoadRunner Freight,DC-Central (TX),5444,5444.0,1.17,5,1.0,2025-06-29,2025-06-25,0.0,Delivered,True,True,6369.48,1.0
PO-2025-00458,2025-06-24,Allegheny Metals,North America,Components,COM-3143,Ground,Continental Trucking,DC-South (GA),657,657.0,14.94,8,5.0,2025-07-02,2025-06-29,0.0,Delivered,True,True,9815.58,1.0
PO-2025-00459,2025-06-24,Great Lakes Packaging,North America,Packaging,PAC-8883,Ground,RoadRunner Freight,DC-West (CA),5390,5390.0,1.19,7,7.0,2025-07-01,2025-07-01,0.0,Delivered,True,True,6414.1,1.0
PO-2025-00460,2025-06-25,Bangalore ElectroTech,APAC,Electronics,ELE-7404,Air,SkyBridge Air Cargo,DC-East (PA),107,107.0,47.64,11,9.0,2025-07-06,2025-07-04,0.0,Delivered,True,True,5097.48,1.0
PO-2025-00461,2025-06-25,São Paulo Supply,LATAM,Raw Materials,RAW-5491,Ocean,BlueWave Lines,DC-Central (TX),2196,2196.0,6.26,28,23.0,2025-07-23,2025-07-18,0.0,Delivered,True,True,13746.96,1.0
PO-2025-00462,2025-06-25,Iberia Logistics SA,EMEA,Finished Goods,FIN-9911,Ocean,BlueWave Lines,DC-West (CA),101,101.0,100.38,23,24.0,2025-07-18,2025-07-19,1.0,Delivered,False,True,10138.38,0.0
PO-2025-00463,2025-06-25,Rhine Components GmbH,EMEA,Components,COM-4226,Air,AeroFast,DC-South (GA),624,624.0,19.2,9,4.0,2025-07-04,2025-06-29,0.0,Delivered,True,True,11980.8,1.0
PO-2025-00464,2025-06-25,Allegheny Metals,North America,Raw Materials,RAW-3547,Ground,RoadRunner Freight,DC-West (CA),2196,2196.0,9.43,8,4.0,2025-07-03,2025-06-29,0.0,Delivered,True,True,20708.28,1.0
PO-2025-00465,2025-06-25,Iberia Logistics SA,EMEA,Packaging,PAC-6854,Ocean,Meridian Shipping,DC-Central (TX),5448,5448.0,1.33,24,22.0,2025-07-19,2025-07-17,0.0,Delivered,True,True,7245.84,1.0
PO-2025-00466,2025-06-26,Iberia Logistics SA,EMEA,Finished Goods,FIN-6407,Ocean,Meridian Shipping,DC-West (CA),101,101.0,84.25,24,21.0,2025-07-20,2025-07-17,0.0,Delivered,True,True,8509.25,1.0
PO-2025-00467,2025-06-26,Shenzhen Precision Ltd,APAC,Components,COM-3512,Ocean,BlueWave Lines,DC-East (PA),561,561.0,12.13,33,31.0,2025-07-29,2025-07-27,0.0,Delivered,True,True,6804.93,1.0
PO-2025-00468,2025-06-26,Allegheny Metals,North America,Components,COM-6834,Ground,Continental Trucking,DC-Central (TX),618,618.0,9.97,6,5.0,2025-07-02,2025-07-01,0.0,Delivered,True,True,6161.46,1.0
PO-2025-00469,2025-06-26,Monterrey Assembly,LATAM,Finished Goods,FIN-8709,Ground,RoadRunner Freight,DC-Central (TX),88,88.0,72.61,12,9.0,2025-07-08,2025-07-05,0.0,Delivered,True,True,6389.68,1.0
PO-2025-00470,2025-06-26,Pacific Components Co.,APAC,Electronics,ELE-9779,Ocean,Meridian Shipping,DC-East (PA),127,127.0,45.69,34,29.0,2025-07-30,2025-07-25,0.0,Delivered,True,True,5802.63,1.0
PO-2025-00471,2025-06-26,Bangalore ElectroTech,APAC,Electronics,ELE-9863,Air,AeroFast,DC-Central (TX),135,135.0,46.15,11,7.0,2025-07-07,2025-07-03,0.0,Delivered,True,True,6230.25,1.0
PO-2025-00472,2025-06-27,São Paulo Supply,LATAM,Raw Materials,RAW-7921,Ocean,Meridian Shipping,DC-East (PA),2268,2268.0,9.15,29,27.0,2025-07-26,2025-07-24,0.0,Delivered,True,True,20752.2,1.0
PO-2025-00473,2025-06-27,Bangalore ElectroTech,APAC,Electronics,ELE-6461,Air,AeroFast,DC-East (PA),126,126.0,47.85,13,8.0,2025-07-10,2025-07-05,0.0,Delivered,True,True,6029.1,1.0
PO-2025-00474,2025-06-27,Bangalore ElectroTech,APAC,Electronics,ELE-5758,Air,AeroFast,DC-South (GA),118,118.0,31.75,12,9.0,2025-07-09,2025-07-06,0.0,Delivered,True,True,3746.5,1.0
PO-2025-00475,2025-06-27,Iberia Logistics SA,EMEA,Packaging,PAC-3875,Ocean,Meridian Shipping,DC-West (CA),5465,5328.0,1.3,24,17.0,2025-07-21,2025-07-14,0.0,Delivered,True,False,7104.5,0.0
PO-2025-00476,2025-06-27,Rhine Components GmbH,EMEA,Components,COM-7134,Air,AeroFast,DC-South (GA),611,611.0,6.12,9,5.0,2025-07-06,2025-07-02,0.0,Delivered,True,True,3739.32,1.0
PO-2025-00477,2025-06-27,Rhine Components GmbH,EMEA,Components,COM-8755,Air,AeroFast,DC-Central (TX),645,645.0,6.43,9,5.0,2025-07-06,2025-07-02,0.0,Delivered,True,True,4147.35,1.0
PO-2025-00478,2025-06-28,Monterrey Assembly,LATAM,Finished Goods,FIN-6527,Ground,Continental Trucking,DC-Central (TX),82,82.0,92.62,11,6.0,2025-07-09,2025-07-04,0.0,Delivered,True,True,7594.84,1.0
PO-2025-00479,2025-06-28,Pacific Components Co.,APAC,Components,COM-8716,Ocean,BlueWave Lines,DC-South (GA),568,555.0,19.96,34,30.0,2025-08-01,2025-07-28,0.0,Delivered,True,False,11337.28,0.0
PO-2025-00480,2025-06-28,Iberia Logistics SA,EMEA,Finished Goods,FIN-1332,Ocean,Meridian Shipping,DC-West (CA),95,95.0,51.04,24,23.0,2025-07-22,2025-07-21,0.0,Delivered,True,True,4848.8,1.0
PO-2025-00481,2025-06-28,Pacific Components Co.,APAC,Electronics,ELE-2880,Ocean,BlueWave Lines,DC-West (CA),125,125.0,32.91,33,28.0,2025-07-31,2025-07-26,0.0,Delivered,True,True,4113.75,1.0
PO-2025-00482,2025-06-28,Monterrey Assembly,LATAM,Components,COM-3937,Ground,Continental Trucking,DC-South (GA),589,589.0,16.12,10,9.0,2025-07-08,2025-07-07,0.0,Delivered,True,True,9494.68,1.0
PO-2025-00483,2025-06-28,Great Lakes Packaging,North America,Packaging,PAC-8642,Ground,Continental Trucking,DC-East (PA),5496,5496.0,0.57,6,2.0,2025-07-04,2025-06-30,0.0,Delivered,True,True,3132.72,1.0
PO-2025-00484,2025-06-28,Pacific Components Co.,APAC,Electronics,ELE-3831,Ocean,Meridian Shipping,DC-South (GA),125,125.0,49.65,34,29.0,2025-08-01,2025-07-27,0.0,Delivered,True,True,6206.25,1.0
PO-2025-00485,2025-06-28,Great Lakes Packaging,North America,Packaging,PAC-8089,Ground,Continental Trucking,DC-Central (TX),5550,5550.0,1.31,8,7.0,2025-07-06,2025-07-05,0.0,Delivered,True,True,7270.5,1.0
PO-2025-00486,2025-06-28,Bangalore ElectroTech,APAC,Electronics,ELE-9049,Air,AeroFast,DC-East (PA),112,112.0,44.12,12,8.0,2025-07-10,2025-07-06,0.0,Delivered,True,True,4941.44,1.0
PO-2025-00487,2025-06-28,Pacific Components Co.,APAC,Electronics,ELE-4149,Ocean,BlueWave Lines,DC-Central (TX),135,135.0,50.21,34,34.0,2025-08-01,2025-08-01,0.0,Delivered,True,True,6778.35,1.0
PO-2025-00488,2025-06-28,Allegheny Metals,North America,Raw Materials,RAW-2439,Ground,RoadRunner Freight,DC-East (PA),2195,2195.0,10.33,8,3.0,2025-07-06,2025-07-01,0.0,Delivered,True,True,22674.35,1.0
PO-2025-00489,2025-06-29,Bangalore ElectroTech,APAC,Electronics,ELE-9692,Air,SkyBridge Air Cargo,DC-South (GA),129,129.0,32.9,13,13.0,2025-07-12,2025-07-12,0.0,Delivered,True,True,4244.1,1.0
PO-2025-00490,2025-06-29,Rhine Components GmbH,EMEA,Components,COM-8505,Air,AeroFast,DC-Central (TX),614,614.0,17.8,10,5.0,2025-07-09,2025-07-04,0.0,Delivered,True,True,10929.2,1.0
PO-2025-00491,2025-06-29,Great Lakes Packaging,North America,Packaging,PAC-8297,Ground,RoadRunner Freight,DC-Central (TX),5356,5356.0,1.57,5,1.0,2025-07-04,2025-06-30,0.0,Delivered,True,True,8408.92,1.0
PO-2025-00492,2025-06-29,Monterrey Assembly,LATAM,Components,COM-6832,Ground,Continental Trucking,DC-Central (TX),584,584.0,12.14,11,8.0,2025-07-10,2025-07-07,0.0,Delivered,True,True,7089.76,1.0
PO-2025-00493,2025-06-29,São Paulo Supply,LATAM,Finished Goods,FIN-2201,Ocean,BlueWave Lines,DC-Central (TX),86,86.0,53.34,29,28.0,2025-07-28,2025-07-27,0.0,Delivered,True,True,4587.24,1.0
PO-2025-00494,2025-06-29,Monterrey Assembly,LATAM,Finished Goods,FIN-3241,Ground,RoadRunner Freight,DC-West (CA),77,77.0,54.58,12,9.0,2025-07-11,2025-07-08,0.0,Delivered,True,True,4202.66,1.0
PO-2025-00495,2025-06-30,Monterrey Assembly,LATAM,Finished Goods,FIN-1545,Ground,RoadRunner Freight,DC-East (PA),108,108.0,105.88,12,8.0,2025-07-12,2025-07-08,0.0,Delivered,True,True,11435.04,1.0
PO-2025-00496,2025-06-30,Shenzhen Precision Ltd,APAC,Components,COM-4734,Ocean,Meridian Shipping,DC-West (CA),559,559.0,14.14,33,33.0,2025-08-02,2025-08-02,0.0,Delivered,True,True,7904.26,1.0
PO-2025-00497,2025-06-30,Pacific Components Co.,APAC,Electronics,ELE-2024,Ocean,Meridian Shipping,DC-South (GA),132,132.0,42.36,33,28.0,2025-08-02,2025-07-28,0.0,Delivered,True,True,5591.52,1.0
PO-2025-00498,2025-06-30,São Paulo Supply,LATAM,Finished Goods,FIN-2590,Ocean,BlueWave Lines,DC-South (GA),100,100.0,65.16,29,26.0,2025-07-29,2025-07-26,0.0,Delivered,True,True,6516.0,1.0
PO-2025-00499,2025-06-30,São Paulo Supply,LATAM,Finished Goods,FIN-1569,Ocean,BlueWave Lines,DC-South (GA),75,75.0,44.26,28,26.0,2025-07-28,2025-07-26,0.0,Delivered,True,True,3319.5,1.0
PO-2025-00500,2025-06-30,Allegheny Metals,North America,Components,COM-3709,Ground,Continental Trucking,DC-Central (TX),608,608.0,20.21,9,7.0,2025-07-09,2025-07-07,0.0,Delivered,True,True,12287.68,1.0
PO-2025-00501,2025-06-30,Monterrey Assembly,LATAM,Components,COM-7189,Ground,RoadRunner Freight,DC-East (PA),657,657.0,21.16,10,7.0,2025-07-10,2025-07-07,0.0,Delivered,True,True,13902.12,1.0
PO-2025-00502,2025-06-30,Iberia Logistics SA,EMEA,Packaging,PAC-2358,Ocean,BlueWave Lines,DC-South (GA),5309,5309.0,0.72,25,25.0,2025-07-25,2025-07-25,0.0,Delivered,True,True,3822.48,1.0
PO-2025-00503,2025-06-30,Pacific Components Co.,APAC,Components,COM-8700,Ocean,BlueWave Lines,DC-East (PA),627,627.0,9.87,33,34.0,2025-08-02,2025-08-03,1.0,Delivered,False,True,6188.49,0.0
PO-2025-00504,2025-06-30,Pacific Components Co.,APAC,Electronics,ELE-3400,Ocean,Meridian Shipping,DC-South (GA),127,127.0,46.14,33,33.0,2025-08-02,2025-08-02,0.0,Delivered,True,True,5859.78,1.0
PO-2025-00505,2025-07-01,Rhine Components GmbH,EMEA,Components,COM-1906,Air,SkyBridge Air Cargo,DC-East (PA),626,626.0,21.08,8,5.0,2025-07-09,2025-07-06,0.0,Delivered,True,True,13196.08,1.0
PO-2025-00506,2025-07-01,Rhine Components GmbH,EMEA,Components,COM-1265,Air,AeroFast,DC-West (CA),577,577.0,21.37,8,5.0,2025-07-09,2025-07-06,0.0,Delivered,True,True,12330.49,1.0
PO-2025-00507,2025-07-01,Allegheny Metals,North America,Components,COM-9428,Ground,Continental Trucking,DC-West (CA),575,575.0,7.41,8,5.0,2025-07-09,2025-07-06,0.0,Delivered,True,True,4260.75,1.0
PO-2025-00508,2025-07-01,São Paulo Supply,LATAM,Finished Goods,FIN-4656,Ocean,Meridian Shipping,DC-West (CA),80,80.0,58.04,29,25.0,2025-07-30,2025-07-26,0.0,Delivered,True,True,4643.2,1.0
PO-2025-00509,2025-07-01,Bangalore ElectroTech,APAC,Electronics,ELE-3870,Air,AeroFast,DC-West (CA),129,129.0,30.96,12,7.0,2025-07-13,2025-07-08,0.0,Delivered,True,True,3993.84,1.0
PO-2025-00510,2025-07-01,Bangalore ElectroTech,APAC,Electronics,ELE-1943,Air,AeroFast,DC-Central (TX),115,115.0,30.61,11,7.0,2025-07-12,2025-07-08,0.0,Delivered,True,True,3520.15,1.0
PO-2025-00511,2025-07-01,São Paulo Supply,LATAM,Finished Goods,FIN-5409,Ocean,BlueWave Lines,DC-East (PA),71,71.0,81.64,30,27.0,2025-07-31,2025-07-28,0.0,Delivered,True,True,5796.44,1.0
PO-2025-00512,2025-07-01,Bangalore ElectroTech,APAC,Electronics,ELE-2981,Air,SkyBridge Air Cargo,DC-South (GA),139,139.0,40.65,14,7.0,2025-07-15,2025-07-08,0.0,Delivered,True,True,5650.35,1.0
PO-2025-00513,2025-07-02,Bangalore ElectroTech,APAC,Electronics,ELE-4074,Air,SkyBridge Air Cargo,DC-East (PA),110,110.0,38.15,13,9.0,2025-07-15,2025-07-11,0.0,Delivered,True,True,4196.5,1.0
PO-2025-00514,2025-07-02,Allegheny Metals,North America,Raw Materials,RAW-8064,Ground,Continental Trucking,DC-East (PA),2229,2229.0,6.09,7,3.0,2025-07-09,2025-07-05,0.0,Delivered,True,True,13574.61,1.0
PO-2025-00515,2025-07-02,Allegheny Metals,North America,Raw Materials,RAW-2188,Ground,RoadRunner Freight,DC-South (GA),2216,2216.0,6.09,8,6.0,2025-07-10,2025-07-08,0.0,Delivered,True,True,13495.44,1.0
PO-2025-00516,2025-07-02,Monterrey Assembly,LATAM,Components,COM-9680,Ground,RoadRunner Freight,DC-South (GA),653,653.0,16.35,12,10.0,2025-07-14,2025-07-12,0.0,Delivered,True,True,10676.55,1.0
PO-2025-00517,2025-07-02,Iberia Logistics SA,EMEA,Packaging,PAC-2865,Ocean,Meridian Shipping,DC-Central (TX),5393,5393.0,1.45,25,20.0,2025-07-27,2025-07-22,0.0,Delivered,True,True,7819.85,1.0
PO-2025-00518,2025-07-02,Pacific Components Co.,APAC,Electronics,ELE-6634,Ocean,BlueWave Lines,DC-East (PA),106,106.0,39.01,34,34.0,2025-08-05,2025-08-05,0.0,Delivered,True,True,4135.06,1.0
PO-2025-00519,2025-07-02,Iberia Logistics SA,EMEA,Packaging,PAC-8859,Ocean,BlueWave Lines,DC-West (CA),5400,5400.0,1.47,25,24.0,2025-07-27,2025-07-26,0.0,Delivered,True,True,7938.0,1.0
PO-2025-00520,2025-07-02,Great Lakes Packaging,North America,Packaging,PAC-5748,Ground,RoadRunner Freight,DC-West (CA),5268,5268.0,0.92,4,1.0,2025-07-06,2025-07-03,0.0,Delivered,True,True,4846.56,1.0
PO-2025-00521,2025-07-02,Monterrey Assembly,LATAM,Finished Goods,FIN-8645,Ground,RoadRunner Freight,DC-East (PA),86,86.0,81.6,10,7.0,2025-07-12,2025-07-09,0.0,Delivered,True,True,7017.6,1.0
PO-2025-00522,2025-07-02,Rhine Components GmbH,EMEA,Electronics,ELE-3845,Air,AeroFast,DC-West (CA),117,117.0,34.73,7,1.0,2025-07-09,2025-07-03,0.0,Delivered,True,True,4063.41,1.0
PO-2025-00523,2025-07-03,Allegheny Metals,North America,Raw Materials,RAW-5456,Ground,Continental Trucking,DC-West (CA),2183,2183.0,7.7,6,3.0,2025-07-09,2025-07-06,0.0,Delivered,True,True,16809.1,1.0
PO-2025-00524,2025-07-03,Shenzhen Precision Ltd,APAC,Components,COM-8235,Ocean,BlueWave Lines,DC-South (GA),587,587.0,13.97,33,31.0,2025-08-05,2025-08-03,0.0,Delivered,True,True,8200.39,1.0
PO-2025-00525,2025-07-03,Great Lakes Packaging,North America,Packaging,PAC-3385,Ground,Continental Trucking,DC-South (GA),5482,5482.0,1.37,6,1.0,2025-07-09,2025-07-04,0.0,Delivered,True,True,7510.34,1.0
PO-2025-00526,2025-07-03,Shenzhen Precision Ltd,APAC,Components,COM-4259,Ocean,Meridian Shipping,DC-West (CA),577,577.0,18.29,32,24.0,2025-08-04,2025-07-27,0.0,Delivered,True,True,10553.33,1.0
PO-2025-00527,2025-07-03,Iberia Logistics SA,EMEA,Finished Goods,FIN-8263,Ocean,Meridian Shipping,DC-West (CA),97,97.0,39.66,25,17.0,2025-07-28,2025-07-20,0.0,Delivered,True,True,3847.02,1.0
PO-2025-00528,2025-07-03,Pacific Components Co.,APAC,Electronics,ELE-4699,Ocean,BlueWave Lines,DC-Central (TX),124,124.0,30.07,35,33.0,2025-08-07,2025-08-05,0.0,Delivered,True,True,3728.68,1.0
PO-2025-00529,2025-07-03,Rhine Components GmbH,EMEA,Electronics,ELE-3163,Air,SkyBridge Air Cargo,DC-West (CA),124,-3.0,45.44,9,5.0,2025-07-12,2025-07-08,0.0,Delivered,True,True,5634.56,1.0
PO-2025-00530,2025-07-03,São Paulo Supply,LATAM,Raw Materials,RAW-4347,Ocean,BlueWave Lines,DC-Central (TX),2259,2259.0,9.33,29,25.0,2025-08-01,2025-07-28,0.0,Delivered,True,True,21076.47,1.0
PO-2025-00531,2025-07-03,Shenzhen Precision Ltd,APAC,Electronics,ELE-4525,Ocean,Meridian Shipping,DC-Central (TX),129,129.0,29.66,33,28.0,2025-08-05,2025-07-31,0.0,Delivered,True,True,3826.14,1.0
PO-2025-00532,2025-07-04,Bangalore ElectroTech,APAC,Electronics,ELE-7879,Air,AeroFast,DC-West (CA),121,121.0,30.86,13,12.0,2025-07-17,2025-07-16,0.0,Delivered,True,True,3734.06,1.0
PO-2025-00533,2025-07-04,Shenzhen Precision Ltd,APAC,Electronics,ELE-7358,Ocean,BlueWave Lines,DC-West (CA),117,105.0,40.54,32,30.0,2025-08-05,2025-08-03,0.0,Delivered,True,False,4743.18,0.0
PO-2025-00534,2025-07-04,Great Lakes Packaging,North America,Packaging,PAC-4877,Ground,RoadRunner Freight,DC-Central (TX),5386,5386.0,1.18,7,5.0,2025-07-11,2025-07-09,0.0,Delivered,True,True,6355.48,1.0
PO-2025-00535,2025-07-04,Rhine Components GmbH,EMEA,Components,COM-8699,Air,AeroFast,DC-Central (TX),607,607.0,13.5,10,10.0,2025-07-14,2025-07-14,0.0,Delivered,True,True,8194.5,1.0
PO-2025-00536,2025-07-04,Pacific Components Co.,APAC,Components,COM-9164,Ocean,BlueWave Lines,DC-West (CA),589,589.0,20.94,35,26.0,2025-08-08,2025-07-30,0.0,Delivered,True,True,12333.66,1.0
PO-2025-00537,2025-07-04,Allegheny Metals,North America,Raw Materials,RAW-4004,Ground,Continental Trucking,DC-West (CA),2197,2197.0,9.11,8,6.0,2025-07-12,2025-07-10,0.0,Delivered,True,True,20014.67,1.0
PO-2025-00538,2025-07-04,Monterrey Assembly,LATAM,Finished Goods,FIN-1589,Ground,RoadRunner Freight,DC-West (CA),100,100.0,84.93,10,8.0,2025-07-14,2025-07-12,0.0,Delivered,True,True,8493.0,1.0
PO-2025-00539,2025-07-04,Bangalore ElectroTech,APAC,Electronics,ELE-5338,Air,SkyBridge Air Cargo,DC-East (PA),122,122.0,43.85,13,9.0,2025-07-17,2025-07-13,0.0,Delivered,True,True,5349.7,1.0
PO-2025-00540,2025-07-04,Bangalore ElectroTech,APAC,Electronics,ELE-5692,Air,SkyBridge Air Cargo,DC-West (CA),124,124.0,36.82,11,10.0,2025-07-15,2025-07-14,0.0,Delivered,True,True,4565.68,1.0
PO-2025-00541,2025-07-04,Shenzhen Precision Ltd,APAC,Components,COM-5323,Ocean,BlueWave Lines,DC-East (PA),618,618.0,15.81,32,26.0,2025-08-05,2025-07-30,0.0,Delivered,True,True,9770.58,1.0
PO-2025-00542,2025-07-05,Iberia Logistics SA,EMEA,Finished Goods,FIN-5870,Ocean,BlueWave Lines,DC-West (CA),90,90.0,64.74,21,19.0,2025-07-26,2025-07-24,0.0,Delivered,True,True,5826.6,1.0
PO-2025-00543,2025-07-05,Monterrey Assembly,LATAM,Finished Goods,FIN-5416,Ground,Continental Trucking,DC-West (CA),83,83.0,71.18,11,6.0,2025-07-16,2025-07-11,0.0,Delivered,True,True,5907.94,1.0
PO-2025-00544,2025-07-05,Monterrey Assembly,LATAM,Components,COM-8757,Ground,RoadRunner Freight,DC-East (PA),591,591.0,19.55,10,9.0,2025-07-15,2025-07-14,0.0,Delivered,True,True,11554.05,1.0
PO-2025-00545,2025-07-05,São Paulo Supply,LATAM,Raw Materials,RAW-8773,Ocean,BlueWave Lines,DC-East (PA),2235,2235.0,10.52,29,26.0,2025-08-03,2025-07-31,0.0,Delivered,True,True,23512.2,1.0
PO-2025-00546,2025-07-05,Great Lakes Packaging,North America,Packaging,PAC-2160,Ground,Continental Trucking,DC-West (CA),5269,5269.0,0.96,6,2.0,2025-07-11,2025-07-07,0.0,Delivered,True,True,5058.24,1.0
PO-2025-00547,2025-07-05,Bangalore ElectroTech,APAC,Electronics,ELE-1438,Air,AeroFast,DC-East (PA),122,122.0,48.58,12,10.0,2025-07-17,2025-07-15,0.0,Delivered,True,True,5926.76,1.0
PO-2025-00548,2025-07-05,Monterrey Assembly,LATAM,Components,COM-9102,Ground,RoadRunner Freight,DC-West (CA),586,586.0,16.76,11,7.0,2025-07-16,2025-07-12,0.0,Delivered,True,True,9821.36,1.0
PO-2025-00549,2025-07-05,Iberia Logistics SA,EMEA,Packaging,PAC-2495,Ocean,BlueWave Lines,DC-Central (TX),5423,5423.0,2.0,25,27.0,2025-07-30,2025-08-01,2.0,Delivered,False,True,10846.0,0.0
PO-2025-00550,2025-07-05,Iberia Logistics SA,EMEA,Packaging,PAC-3870,Ocean,Meridian Shipping,DC-Central (TX),5387,5387.0,0.94,25,26.0,2025-07-30,2025-07-31,1.0,Delivered,False,True,5063.78,0.0
PO-2025-00551,2025-07-06,Great Lakes Packaging,North America,Packaging,PAC-9654,Ground,RoadRunner Freight,DC-Central (TX),5370,5370.0,0.87,6,1.0,2025-07-12,2025-07-07,0.0,Delivered,True,True,4671.9,1.0
PO-2025-00552,2025-07-06,Allegheny Metals,North America,Raw Materials,RAW-8704,Ground,RoadRunner Freight,DC-East (PA),2322,2322.0,9.28,7,2.0,2025-07-13,2025-07-08,0.0,Delivered,True,True,21548.16,1.0
PO-2025-00553,2025-07-06,Monterrey Assembly,LATAM,Components,COM-4658,Ground,RoadRunner Freight,DC-Central (TX),613,613.0,12.43,10,7.0,2025-07-16,2025-07-13,0.0,Delivered,True,True,7619.59,1.0
PO-2025-00554,2025-07-06,Iberia Logistics SA,EMEA,Finished Goods,FIN-3276,Ocean,Meridian Shipping,DC-South (GA),75,75.0,71.7,24,14.0,2025-07-30,2025-07-20,0.0,Delivered,True,True,5377.5,1.0
PO-2025-00555,2025-07-06,Bangalore ElectroTech,APAC,Electronics,ELE-9888,Air,AeroFast,DC-West (CA),155,155.0,33.28,13,10.0,2025-07-19,2025-07-16,0.0,Delivered,True,True,5158.4,1.0
PO-2025-00556,2025-07-06,Iberia Logistics SA,EMEA,Packaging,PAC-4727,Ocean,BlueWave Lines,DC-West (CA),5378,5378.0,1.33,25,22.0,2025-07-31,2025-07-28,0.0,Delivered,True,True,7152.74,1.0
PO-2025-00557,2025-07-06,Pacific Components Co.,APAC,Electronics,ELE-6919,Ocean,Meridian Shipping,DC-South (GA),122,111.0,46.34,35,29.0,2025-08-10,2025-08-04,0.0,Delivered,True,False,5653.48,0.0
PO-2025-00558,2025-07-06,Allegheny Metals,North America,Components,COM-5775,Ground,RoadRunner Freight,DC-South (GA),597,597.0,14.32,7,5.0,2025-07-13,2025-07-11,0.0,Delivered,True,True,8549.04,1.0
PO-2025-00559,2025-07-07,Bangalore ElectroTech,APAC,Electronics,ELE-9354,Air,SkyBridge Air Cargo,DC-East (PA),116,116.0,41.34,13,9.0,2025-07-20,2025-07-16,0.0,Delivered,True,True,4795.44,1.0
PO-2025-00560,2025-07-07,Pacific Components Co.,APAC,Components,COM-7493,Ocean,Meridian Shipping,DC-South (GA),621,621.0,10.35,34,27.0,2025-08-10,2025-08-03,0.0,Delivered,True,True,6427.35,1.0
PO-2025-00561,2025-07-07,Rhine Components GmbH,EMEA,Electronics,ELE-3437,Air,AeroFast,DC-Central (TX),112,112.0,23.28,9,8.0,2025-07-16,2025-07-15,0.0,Delivered,True,True,2607.36,1.0
PO-2025-00562,2025-07-07,Iberia Logistics SA,EMEA,Finished Goods,FIN-3354,Ocean,BlueWave Lines,DC-Central (TX),75,75.0,75.9,22,20.0,2025-07-29,2025-07-27,0.0,Delivered,True,True,5692.5,1.0
PO-2025-00563,2025-07-07,Iberia Logistics SA,EMEA,Packaging,PAC-5554,Ocean,BlueWave Lines,DC-South (GA),5277,5277.0,1.5,22,23.0,2025-07-29,2025-07-30,1.0,Delivered,False,True,7915.5,0.0
PO-2025-00564,2025-07-07,Great Lakes Packaging,North America,Packaging,PAC-5841,Ground,RoadRunner Freight,DC-West (CA),5476,5476.0,1.35,4,3.0,2025-07-11,2025-07-10,0.0,Delivered,True,True,7392.6,1.0
PO-2025-00565,2025-07-07,Monterrey Assembly,LATAM,Components,COM-6936,Ground,RoadRunner Freight,DC-East (PA),541,541.0,20.03,13,10.0,2025-07-20,2025-07-17,0.0,Delivered,True,True,10836.23,1.0
PO-2025-00566,2025-07-08,Rhine Components GmbH,EMEA,Electronics,ELE-8038,Air,AeroFast,DC-West (CA),97,97.0,41.0,9,7.0,2025-07-17,2025-07-15,0.0,Delivered,True,True,3977.0,1.0
PO-2025-00567,2025-07-08,Rhine Components GmbH,EMEA,Components,COM-1170,Air,SkyBridge Air Cargo,DC-West (CA),611,611.0,19.15,11,8.0,2025-07-19,2025-07-16,0.0,Delivered,True,True,11700.65,1.0
PO-2025-00568,2025-07-08,Iberia Logistics SA,EMEA,Finished Goods,FIN-8275,Ocean,BlueWave Lines,DC-Central (TX),77,77.0,88.92,23,20.0,2025-07-31,2025-07-28,0.0,Delivered,True,True,6846.84,1.0
PO-2025-00569,2025-07-08,Allegheny Metals,North America,Components,COM-8907,Ground,Continental Trucking,DC-East (PA),605,605.0,17.32,7,4.0,2025-07-15,2025-07-12,0.0,Delivered,True,True,10478.6,1.0
PO-2025-00570,2025-07-08,Bangalore ElectroTech,APAC,Electronics,ELE-3500,Air,AeroFast,DC-Central (TX),120,120.0,31.77,12,11.0,2025-07-20,2025-07-19,0.0,Delivered,True,True,3812.4,1.0
PO-2025-00571,2025-07-08,Allegheny Metals,North America,Components,COM-3366,Ground,Continental Trucking,DC-South (GA),613,613.0,13.91,6,3.0,2025-07-14,2025-07-11,0.0,Delivered,True,True,8526.83,1.0
PO-2025-00572,2025-07-08,Rhine Components GmbH,EMEA,Electronics,ELE-2604,Air,AeroFast,DC-East (PA),135,135.0,49.14,10,6.0,2025-07-18,2025-07-14,0.0,Delivered,True,True,6633.9,1.0
PO-2025-00573,2025-07-08,Iberia Logistics SA,EMEA,Finished Goods,FIN-1484,Ocean,Meridian Shipping,DC-Central (TX),92,92.0,94.93,23,19.0,2025-07-31,2025-07-27,0.0,Delivered,True,True,8733.56,1.0
PO-2025-00574,2025-07-08,São Paulo Supply,LATAM,Finished Goods,FIN-6234,Ocean,BlueWave Lines,DC-Central (TX),77,77.0,102.61,28,27.0,2025-08-05,2025-08-04,0.0,Delivered,True,True,7900.97,1.0
PO-2025-00575,2025-07-08,Monterrey Assembly,LATAM,Finished Goods,FIN-7588,Ground,RoadRunner Freight,DC-South (GA),86,86.0,73.69,11,7.0,2025-07-19,2025-07-15,0.0,Delivered,True,True,6337.34,1.0
PO-2025-00576,2025-07-08,Shenzhen Precision Ltd,APAC,Electronics,ELE-8124,Ocean,BlueWave Lines,DC-South (GA),121,121.0,37.48,33,29.0,2025-08-10,2025-08-06,0.0,Delivered,True,True,4535.08,1.0
PO-2025-00577,2025-07-08,Monterrey Assembly,LATAM,Components,COM-8285,Ground,Continental Trucking,DC-East (PA),552,552.0,17.46,12,11.0,2025-07-20,2025-07-19,0.0,Delivered,True,True,9637.92,1.0
PO-2025-00578,2025-07-09,Bangalore ElectroTech,APAC,Electronics,ELE-3356,Air,AeroFast,DC-Central (TX),113,113.0,38.11,14,10.0,2025-07-23,2025-07-19,0.0,Delivered,True,True,4306.43,1.0
PO-2025-00579,2025-07-09,Pacific Components Co.,APAC,Electronics,ELE-3303,Ocean,Meridian Shipping,DC-South (GA),124,124.0,43.8,33,34.0,2025-08-11,2025-08-12,1.0,Delivered,False,True,5431.2,0.0
PO-2025-00580,2025-07-09,Monterrey Assembly,LATAM,Components,COM-6978,Ground,Continental Trucking,DC-East (PA),582,582.0,17.71,11,8.0,2025-07-20,2025-07-17,0.0,Delivered,True,True,10307.22,1.0
PO-2025-00581,2025-07-09,Iberia Logistics SA,EMEA,Packaging,PAC-5839,Ocean,Meridian Shipping,DC-West (CA),5454,5454.0,1.49,23,24.0,2025-08-01,2025-08-02,1.0,Delivered,False,True,8126.46,0.0
PO-2025-00582,2025-07-09,Great Lakes Packaging,North America,Packaging,PAC-5318,Ground,Continental Trucking,DC-Central (TX),5424,5424.0,0.87,5,1.0,2025-07-14,2025-07-10,0.0,Delivered,True,True,4718.88,1.0
PO-2025-00583,2025-07-09,Allegheny Metals,North America,Raw Materials,RAW-6899,Ground,RoadRunner Freight,DC-Central (TX),2177,2177.0,6.84,8,3.0,2025-07-17,2025-07-12,0.0,Delivered,True,True,14890.68,1.0
PO-2025-00584,2025-07-10,Bangalore ElectroTech,APAC,Electronics,ELE-7307,Air,AeroFast,DC-West (CA),123,123.0,34.44,13,11.0,2025-07-23,2025-07-21,0.0,Delivered,True,True,4236.12,1.0
PO-2025-00585,2025-07-10,Monterrey Assembly,LATAM,Finished Goods,FIN-1157,Ground,RoadRunner Freight,DC-South (GA),87,87.0,72.01,11,5.0,2025-07-21,2025-07-15,0.0,Delivered,True,True,6264.87,1.0
PO-2025-00586,2025-07-10,Monterrey Assembly,LATAM,Components,COM-7550,Ground,RoadRunner Freight,DC-South (GA),572,572.0,17.23,11,11.0,2025-07-21,2025-07-21,0.0,Delivered,True,True,9855.56,1.0
PO-2025-00587,2025-07-10,Pacific Components Co.,APAC,Electronics,ELE-5961,Ocean,Meridian Shipping,DC-Central (TX),124,124.0,46.82,35,36.0,2025-08-14,2025-08-15,1.0,Delivered,False,True,5805.68,0.0
PO-2025-00588,2025-07-10,Great Lakes Packaging,North America,Packaging,PAC-9381,Ground,Continental Trucking,DC-Central (TX),5489,5489.0,1.24,5,2.0,2025-07-15,2025-07-12,0.0,Delivered,True,True,6806.36,1.0
PO-2025-00589,2025-07-10,Bangalore ElectroTech,APAC,Electronics,ELE-8973,Air,AeroFast,DC-South (GA),118,118.0,55.49,11,6.0,2025-07-21,2025-07-16,0.0,Delivered,True,True,6547.82,1.0
PO-2025-00590,2025-07-10,Monterrey Assembly,LATAM,Components,COM-9648,Ground,Continental Trucking,DC-East (PA),629,629.0,20.53,10,5.0,2025-07-20,2025-07-15,0.0,Delivered,True,True,12913.37,1.0
PO-2025-00591,2025-07-10,Allegheny Metals,North America,Components,COM-3420,Ground,RoadRunner Freight,DC-West (CA),606,606.0,16.71,7,5.0,2025-07-17,2025-07-15,0.0,Delivered,True,True,10126.26,1.0
PO-2025-00592,2025-07-10,Bangalore ElectroTech,APAC,Electronics,ELE-3247,Air,SkyBridge Air Cargo,DC-South (GA),144,144.0,51.63,12,12.0,2025-07-22,2025-07-22,0.0,Delivered,True,True,7434.72,1.0
PO-2025-00593,2025-07-10,São Paulo Supply,LATAM,Finished Goods,FIN-7146,Ocean,BlueWave Lines,DC-South (GA),96,96.0,51.72,29,29.0,2025-08-08,2025-08-08,0.0,Delivered,True,True,4965.12,1.0
PO-2025-00594,2025-07-11,Monterrey Assembly,LATAM,Components,COM-5718,Ground,Continental Trucking,DC-Central (TX),591,591.0,17.57,12,11.0,2025-07-23,2025-07-22,0.0,Delivered,True,True,10383.87,1.0
PO-2025-00595,2025-07-11,Iberia Logistics SA,EMEA,Finished Goods,FIN-6851,Ocean,BlueWave Lines,DC-South (GA),93,93.0,90.83,24,24.0,2025-08-04,2025-08-04,0.0,Delivered,True,True,8447.19,1.0
PO-2025-00596,2025-07-11,Iberia Logistics SA,EMEA,Finished Goods,FIN-2433,Ocean,Meridian Shipping,DC-West (CA),95,95.0,79.63,24,22.0,2025-08-04,2025-08-02,0.0,Delivered,True,True,7564.85,1.0
PO-2025-00597,2025-07-11,Shenzhen Precision Ltd,APAC,Components,COM-2399,Ocean,BlueWave Lines,DC-West (CA),576,576.0,12.1,32,29.0,2025-08-12,2025-08-09,0.0,Delivered,True,True,6969.6,1.0
PO-2025-00598,2025-07-11,Bangalore ElectroTech,APAC,Electronics,ELE-2973,Air,SkyBridge Air Cargo,DC-East (PA),125,125.0,41.41,12,8.0,2025-07-23,2025-07-19,0.0,Delivered,True,True,5176.25,1.0
PO-2025-00599,2025-07-11,Bangalore ElectroTech,APAC,Electronics,ELE-8861,Air,SkyBridge Air Cargo,DC-West (CA),135,135.0,51.63,11,7.0,2025-07-22,2025-07-18,0.0,Delivered,True,True,6970.05,1.0
PO-2025-00600,2025-07-11,Monterrey Assembly,LATAM,Finished Goods,FIN-5809,Ground,RoadRunner Freight,DC-Central (TX),82,82.0,92.22,9,8.0,2025-07-20,2025-07-19,0.0,Delivered,True,True,7562.04,1.0
PO-2025-00601,2025-07-11,Pacific Components Co.,APAC,Components,COM-4581,Ocean,Meridian Shipping,DC-South (GA),610,610.0,14.12,34,37.0,2025-08-14,2025-08-17,3.0,Delivered,False,True,8613.2,0.0
PO-2025-00602,2025-07-11,São Paulo Supply,LATAM,Finished Goods,FIN-2703,Ocean,BlueWave Lines,DC-Central (TX),87,87.0,70.73,27,25.0,2025-08-07,2025-08-05,0.0,Delivered,True,True,6153.51,1.0
PO-2025-00603,2025-07-12,Great Lakes Packaging,North America,Packaging,PAC-4252,Ground,RoadRunner Freight,DC-South (GA),5340,5340.0,1.19,6,4.0,2025-07-18,2025-07-16,0.0,Delivered,True,True,6354.6,1.0
PO-2025-00604,2025-07-12,Monterrey Assembly,LATAM,Finished Goods,FIN-5465,Ground,RoadRunner Freight,DC-Central (TX),108,108.0,106.19,10,9.0,2025-07-22,2025-07-21,0.0,Delivered,True,True,11468.52,1.0
PO-2025-00605,2025-07-12,Allegheny Metals,North America,Components,COM-5850,Ground,RoadRunner Freight,DC-East (PA),654,654.0,19.63,8,7.0,2025-07-20,2025-07-19,0.0,Delivered,True,True,12838.02,1.0
PO-2025-00606,2025-07-12,Bangalore ElectroTech,APAC,Electronics,ELE-1230,Air,AeroFast,DC-Central (TX),119,119.0,24.91,12,9.0,2025-07-24,2025-07-21,0.0,Delivered,True,True,2964.29,1.0
PO-2025-00607,2025-07-12,São Paulo Supply,LATAM,Finished Goods,FIN-3897,Ocean,BlueWave Lines,DC-West (CA),89,89.0,93.09,28,36.0,2025-08-09,2025-08-17,8.0,Delivered,False,True,8285.01,0.0
PO-2025-00608,2025-07-12,São Paulo Supply,LATAM,Raw Materials,RAW-9362,Ocean,Meridian Shipping,DC-South (GA),2188,2188.0,5.8,28,25.0,2025-08-09,2025-08-06,0.0,Delivered,True,True,12690.4,1.0
PO-2025-00609,2025-07-12,Monterrey Assembly,LATAM,Finished Goods,FIN-7989,Ground,Continental Trucking,DC-East (PA),88,88.0,101.26,12,9.0,2025-07-24,2025-07-21,0.0,Delivered,True,True,8910.88,1.0
PO-2025-00610,2025-07-13,Shenzhen Precision Ltd,APAC,Components,COM-6723,Ocean,Meridian Shipping,DC-Central (TX),565,565.0,20.67,32,27.0,2025-08-14,2025-08-09,0.0,Delivered,True,True,11678.55,1.0
PO-2025-00611,2025-07-13,São Paulo Supply,LATAM,Raw Materials,RAW-4169,Ocean,BlueWave Lines,DC-East (PA),2293,1974.0,7.02,29,26.0,2025-08-11,2025-08-08,0.0,Delivered,True,False,16096.86,0.0
PO-2025-00612,2025-07-13,São Paulo Supply,LATAM,Finished Goods,FIN-4152,Ocean,Meridian Shipping,DC-East (PA),83,83.0,76.17,27,24.0,2025-08-09,2025-08-06,0.0,Delivered,True,True,6322.11,1.0
PO-2025-00613,2025-07-13,Great Lakes Packaging,North America,Packaging,PAC-5095,Ground,Continental Trucking,DC-Central (TX),5440,5440.0,1.08,4,1.0,2025-07-17,2025-07-14,0.0,Delivered,True,True,5875.2,1.0
PO-2025-00614,2025-07-13,Shenzhen Precision Ltd,APAC,Electronics,ELE-6738,Ocean,BlueWave Lines,DC-Central (TX),107,107.0,35.15,32,30.0,2025-08-14,2025-08-12,0.0,Delivered,True,True,3761.05,1.0
PO-2025-00615,2025-07-13,Allegheny Metals,North America,Raw Materials,RAW-6560,Ground,Continental Trucking,DC-Central (TX),2196,2196.0,7.33,6,3.0,2025-07-19,2025-07-16,0.0,Delivered,True,True,16096.68,1.0
PO-2025-00616,2025-07-13,Great Lakes Packaging,North America,Packaging,PAC-3776,Ground,Continental Trucking,DC-South (GA),5268,5268.0,1.05,8,7.0,2025-07-21,2025-07-20,0.0,Delivered,True,True,5531.4,1.0
PO-2025-00617,2025-07-14,Pacific Components Co.,APAC,Components,COM-4608,Ocean,Meridian Shipping,DC-South (GA),610,610.0,13.84,35,32.0,2025-08-18,2025-08-15,0.0,Delivered,True,True,8442.4,1.0
PO-2025-00618,2025-07-14,Monterrey Assembly,LATAM,Components,COM-8946,Ground,RoadRunner Freight,DC-South (GA),575,575.0,11.55,11,9.0,2025-07-25,2025-07-23,0.0,Delivered,True,True,6641.25,1.0
PO-2025-00619,2025-07-14,Great Lakes Packaging,North America,Packaging,PAC-2548,Ground,Continental Trucking,DC-Central (TX),5218,5218.0,0.89,5,4.0,2025-07-19,2025-07-18,0.0,Delivered,True,True,4644.02,1.0
PO-2025-00620,2025-07-14,Pacific Components Co.,APAC,Electronics,ELE-8589,Ocean,Meridian Shipping,DC-Central (TX),115,115.0,34.48,34,36.0,2025-08-17,2025-08-19,2.0,Delivered,False,True,3965.2,0.0
PO-2025-00621,2025-07-15,Pacific Components Co.,APAC,Electronics,ELE-6184,Ocean,BlueWave Lines,DC-Central (TX),130,130.0,31.34,33,32.0,2025-08-17,2025-08-16,0.0,Delivered,True,True,4074.2,1.0
PO-2025-00622,2025-07-15,Monterrey Assembly,LATAM,Finished Goods,FIN-6563,Ground,Continental Trucking,DC-South (GA),100,100.0,66.25,10,7.0,2025-07-25,2025-07-22,0.0,Delivered,True,True,6625.0,1.0
PO-2025-00623,2025-07-15,Shenzhen Precision Ltd,APAC,Electronics,ELE-8935,Ocean,BlueWave Lines,DC-West (CA),106,106.0,39.87,32,29.0,2025-08-16,2025-08-13,0.0,Delivered,True,True,4226.22,1.0
PO-2025-00624,2025-07-15,Iberia Logistics SA,EMEA,Packaging,PAC-8451,Ocean,Meridian Shipping,DC-West (CA),5379,5379.0,1.11,25,27.0,2025-08-09,2025-08-11,2.0,Delivered,False,True,5970.69,0.0
PO-2025-00625,2025-07-16,Rhine Components GmbH,EMEA,Components,COM-9193,Air,SkyBridge Air Cargo,DC-East (PA),638,638.0,11.05,9,4.0,2025-07-25,2025-07-20,0.0,Delivered,True,True,7049.9,1.0
PO-2025-00626,2025-07-16,Pacific Components Co.,APAC,Components,COM-3022,Ocean,BlueWave Lines,DC-West (CA),598,598.0,14.23,32,29.0,2025-08-17,2025-08-14,0.0,Delivered,True,True,8509.54,1.0
PO-2025-00627,2025-07-16,Shenzhen Precision Ltd,APAC,Electronics,ELE-4065,Ocean,Meridian Shipping,DC-Central (TX),115,115.0,49.86,31,23.0,2025-08-16,2025-08-08,0.0,Delivered,True,True,5733.9,1.0
PO-2025-00628,2025-07-16,Allegheny Metals,North America,Raw Materials,RAW-4600,Ground,RoadRunner Freight,DC-West (CA),2236,2236.0,11.68,6,1.0,2025-07-22,2025-07-17,0.0,Delivered,True,True,26116.48,1.0
PO-2025-00629,2025-07-16,Monterrey Assembly,LATAM,Components,COM-9082,Ground,Continental Trucking,DC-East (PA),617,617.0,8.34,11,6.0,2025-07-27,2025-07-22,0.0,Delivered,True,True,5145.78,1.0
PO-2025-00630,2025-07-16,Pacific Components Co.,APAC,Components,COM-9541,Ocean,Meridian Shipping,DC-South (GA),595,595.0,10.54,32,32.0,2025-08-17,2025-08-17,0.0,Delivered,True,True,6271.3,1.0
PO-2025-00631,2025-07-16,Great Lakes Packaging,North America,Packaging,PAC-6120,Ground,RoadRunner Freight,DC-South (GA),5414,5207.0,1.14,6,1.0,2025-07-22,2025-07-17,0.0,Delivered,True,False,6171.96,0.0
PO-2025-00632,2025-07-17,Rhine Components GmbH,EMEA,Components,COM-7944,Air,AeroFast,DC-West (CA),605,605.0,21.64,8,1.0,2025-07-25,2025-07-18,0.0,Delivered,True,True,13092.2,1.0
PO-2025-00633,2025-07-17,Pacific Components Co.,APAC,Electronics,ELE-3987,Ocean,Meridian Shipping,DC-South (GA),123,123.0,54.39,34,35.0,2025-08-20,2025-08-21,1.0,Delivered,False,True,6689.97,0.0
PO-2025-00634,2025-07-17,São Paulo Supply,LATAM,Raw Materials,RAW-2167,Ocean,Meridian Shipping,DC-South (GA),2181,2181.0,10.23,27,30.0,2025-08-13,2025-08-16,3.0,Delivered,False,True,22311.63,0.0
PO-2025-00635,2025-07-17,Great Lakes Packaging,North America,Packaging,PAC-2961,Ground,Continental Trucking,DC-West (CA),5423,5423.0,1.39,6,3.0,2025-07-23,2025-07-20,0.0,Delivered,True,True,7537.97,1.0
PO-2025-00636,2025-07-17,Monterrey Assembly,LATAM,Finished Goods,FIN-7279,Ground,Continental Trucking,DC-South (GA),80,80.0,95.68,12,7.0,2025-07-29,2025-07-24,0.0,Delivered,True,True,7654.4,1.0
PO-2025-00637,2025-07-17,Monterrey Assembly,LATAM,Finished Goods,FIN-3785,Ground,RoadRunner Freight,DC-Central (TX),96,96.0,67.65,12,7.0,2025-07-29,2025-07-24,0.0,Delivered,True,True,6494.4,1.0
PO-2025-00638,2025-07-17,Great Lakes Packaging,North America,Packaging,PAC-2724,Ground,RoadRunner Freight,DC-West (CA),5386,5386.0,1.09,6,2.0,2025-07-23,2025-07-19,0.0,Delivered,True,True,5870.74,1.0
PO-2025-00639,2025-07-17,São Paulo Supply,LATAM,Finished Goods,FIN-4843,Ocean,BlueWave Lines,DC-Central (TX),99,90.0,69.62,29,24.0,2025-08-15,2025-08-10,0.0,Delivered,True,False,6892.38,0.0
PO-2025-00640,2025-07-17,Shenzhen Precision Ltd,APAC,Electronics,ELE-6188,Ocean,Meridian Shipping,DC-Central (TX),115,115.0,42.18,33,34.0,2025-08-19,2025-08-20,1.0,Delivered,False,True,4850.7,0.0
PO-2025-00641,2025-07-18,Bangalore ElectroTech,APAC,Electronics,ELE-9053,Air,SkyBridge Air Cargo,DC-Central (TX),105,105.0,50.35,12,10.0,2025-07-30,2025-07-28,0.0,Delivered,True,True,5286.75,1.0
PO-2025-00642,2025-07-18,Shenzhen Precision Ltd,APAC,Components,COM-5373,Ocean,Meridian Shipping,DC-South (GA),605,605.0,14.66,33,24.0,2025-08-20,2025-08-11,0.0,Delivered,True,True,8869.3,1.0
PO-2025-00643,2025-07-18,Pacific Components Co.,APAC,Electronics,ELE-6035,Ocean,Meridian Shipping,DC-Central (TX),100,100.0,46.03,33,29.0,2025-08-20,2025-08-16,0.0,Delivered,True,True,4603.0,1.0
PO-2025-00644,2025-07-18,Allegheny Metals,North America,Components,COM-8296,Ground,Continental Trucking,DC-West (CA),613,613.0,16.41,8,5.0,2025-07-26,2025-07-23,0.0,Delivered,True,True,10059.33,1.0
PO-2025-00645,2025-07-18,Monterrey Assembly,LATAM,Components,COM-8530,Ground,RoadRunner Freight,DC-Central (TX),598,598.0,16.69,10,6.0,2025-07-28,2025-07-24,0.0,Delivered,True,True,9980.62,1.0
PO-2025-00646,2025-07-18,São Paulo Supply,LATAM,Finished Goods,FIN-7979,Ocean,BlueWave Lines,DC-East (PA),94,94.0,79.09,27,25.0,2025-08-14,2025-08-12,0.0,Delivered,True,True,7434.46,1.0
PO-2025-00647,2025-07-18,São Paulo Supply,LATAM,Finished Goods,FIN-6722,Ocean,Meridian Shipping,DC-South (GA),93,93.0,86.13,28,26.0,2025-08-15,2025-08-13,0.0,Delivered,True,True,8010.09,1.0
PO-2025-00648,2025-07-19,Shenzhen Precision Ltd,APAC,Electronics,ELE-5429,Ocean,BlueWave Lines,DC-South (GA),121,121.0,38.19,29,27.0,2025-08-17,2025-08-15,0.0,Delivered,True,True,4620.99,1.0
PO-2025-00649,2025-07-19,Iberia Logistics SA,EMEA,Packaging,PAC-5928,Ocean,Meridian Shipping,DC-West (CA),5361,5361.0,1.03,24,18.0,2025-08-12,2025-08-06,0.0,Delivered,True,True,5521.83,1.0
PO-2025-00650,2025-07-19,Allegheny Metals,North America,Components,COM-7131,Ground,RoadRunner Freight,DC-South (GA),567,567.0,18.89,7,4.0,2025-07-26,2025-07-23,0.0,Delivered,True,True,10710.63,1.0
PO-2025-00651,2025-07-19,Rhine Components GmbH,EMEA,Components,COM-4045,Air,SkyBridge Air Cargo,DC-Central (TX),575,575.0,10.74,9,5.0,2025-07-28,2025-07-24,0.0,Delivered,True,True,6175.5,1.0
PO-2025-00652,2025-07-19,Shenzhen Precision Ltd,APAC,Components,COM-2305,Ocean,Meridian Shipping,DC-East (PA),604,543.0,11.93,32,28.0,2025-08-20,2025-08-16,0.0,Delivered,True,False,7205.72,0.0
PO-2025-00653,2025-07-19,Allegheny Metals,North America,Components,COM-8665,Ground,Continental Trucking,DC-Central (TX),615,615.0,20.83,7,5.0,2025-07-26,2025-07-24,0.0,Delivered,True,True,12810.45,1.0
PO-2025-00654,2025-07-19,Monterrey Assembly,LATAM,Finished Goods,FIN-1008,Ground,Continental Trucking,DC-Central (TX),67,67.0,112.56,12,11.0,2025-07-31,2025-07-30,0.0,Delivered,True,True,7541.52,1.0
PO-2025-00655,2025-07-19,Bangalore ElectroTech,APAC,Electronics,ELE-1162,Air,AeroFast,DC-South (GA),137,137.0,39.03,13,10.0,2025-08-01,2025-07-29,0.0,Delivered,True,True,5347.11,1.0
PO-2025-00656,2025-07-19,Monterrey Assembly,LATAM,Finished Goods,FIN-6629,Ground,Continental Trucking,DC-Central (TX),100,100.0,88.96,11,9.0,2025-07-30,2025-07-28,0.0,Delivered,True,True,8896.0,1.0
PO-2025-00657,2025-07-19,Allegheny Metals,North America,Raw Materials,RAW-1099,Ground,RoadRunner Freight,DC-South (GA),2192,2192.0,11.99,6,1.0,2025-07-25,2025-07-20,0.0,Delivered,True,True,26282.08,1.0
PO-2025-00658,2025-07-19,Monterrey Assembly,LATAM,Components,COM-1276,Ground,Continental Trucking,DC-South (GA),599,599.0,5.15,12,10.0,2025-07-31,2025-07-29,0.0,Delivered,True,True,3084.85,1.0
PO-2025-00659,2025-07-19,São Paulo Supply,LATAM,Raw Materials,RAW-9114,Ocean,BlueWave Lines,DC-West (CA),2245,2245.0,7.17,28,17.0,2025-08-16,2025-08-05,0.0,Delivered,True,True,16096.65,1.0
PO-2025-00660,2025-07-19,Great Lakes Packaging,North America,Packaging,PAC-5580,Ground,RoadRunner Freight,DC-South (GA),5446,5446.0,1.75,6,3.0,2025-07-25,2025-07-22,0.0,Delivered,True,True,9530.5,1.0
PO-2025-00661,2025-07-19,Great Lakes Packaging,North America,Packaging,PAC-3898,Ground,Continental Trucking,DC-West (CA),5267,5267.0,0.87,5,1.0,2025-07-24,2025-07-20,0.0,Delivered,True,True,4582.29,1.0
PO-2025-00662,2025-07-19,Great Lakes Packaging,North America,Packaging,PAC-2475,Ground,RoadRunner Freight,DC-South (GA),5344,5344.0,1.11,6,4.0,2025-07-25,2025-07-23,0.0,Delivered,True,True,5931.84,1.0
PO-2025-00663,2025-07-19,Monterrey Assembly,LATAM,Components,COM-6600,Ground,RoadRunner Freight,DC-West (CA),618,618.0,16.05,11,9.0,2025-07-30,2025-07-28,0.0,Delivered,True,True,9918.9,1.0
PO-2025-00664,2025-07-20,Bangalore ElectroTech,APAC,Electronics,ELE-6333,Air,SkyBridge Air Cargo,DC-West (CA),124,124.0,24.35,10,2.0,2025-07-30,2025-07-22,0.0,Delivered,True,True,3019.4,1.0
PO-2025-00665,2025-07-20,Great Lakes Packaging,North America,Packaging,PAC-9255,Ground,RoadRunner Freight,DC-East (PA),5331,5331.0,1.1,6,3.0,2025-07-26,2025-07-23,0.0,Delivered,True,True,5864.1,1.0
PO-2025-00666,2025-07-20,Shenzhen Precision Ltd,APAC,Electronics,ELE-9956,Ocean,BlueWave Lines,DC-South (GA),119,119.0,51.91,32,27.0,2025-08-21,2025-08-16,0.0,Delivered,True,True,6177.29,1.0
PO-2025-00667,2025-07-20,Iberia Logistics SA,EMEA,Finished Goods,FIN-3305,Ocean,BlueWave Lines,DC-East (PA),94,94.0,69.68,24,21.0,2025-08-13,2025-08-10,0.0,Delivered,True,True,6549.92,1.0
PO-2025-00668,2025-07-20,Iberia Logistics SA,EMEA,Finished Goods,FIN-3561,Ocean,Meridian Shipping,DC-West (CA),84,84.0,93.92,26,24.0,2025-08-15,2025-08-13,0.0,Delivered,True,True,7889.28,1.0
PO-2025-00669,2025-07-20,São Paulo Supply,LATAM,Finished Goods,FIN-5613,Ocean,Meridian Shipping,DC-East (PA),110,110.0,80.03,28,28.0,2025-08-17,2025-08-17,0.0,Delivered,True,True,8803.3,1.0
PO-2025-00670,2025-07-20,Pacific Components Co.,APAC,Components,COM-3265,Ocean,Meridian Shipping,DC-West (CA),598,598.0,16.27,36,35.0,2025-08-25,2025-08-24,0.0,Delivered,True,True,9729.46,1.0
PO-2025-00671,2025-07-20,Great Lakes Packaging,North America,Packaging,PAC-1160,Ground,RoadRunner Freight,DC-South (GA),5359,5359.0,1.06,6,4.0,2025-07-26,2025-07-24,0.0,Delivered,True,True,5680.54,1.0
PO-2025-00672,2025-07-20,Allegheny Metals,North America,Components,COM-4735,Ground,RoadRunner Freight,DC-South (GA),587,587.0,16.56,6,4.0,2025-07-26,2025-07-24,0.0,Delivered,True,True,9720.72,1.0
PO-2025-00673,2025-07-20,Iberia Logistics SA,EMEA,Packaging,PAC-2496,Ocean,BlueWave Lines,DC-West (CA),5568,5332.0,1.44,24,21.0,2025-08-13,2025-08-10,0.0,Delivered,True,False,8017.92,0.0
PO-2025-00674,2025-07-20,Shenzhen Precision Ltd,APAC,Electronics,ELE-3565,Ocean,Meridian Shipping,DC-South (GA),139,139.0,50.24,34,36.0,2025-08-23,2025-08-25,2.0,Delivered,False,True,6983.36,0.0
PO-2025-00675,2025-07-20,Rhine Components GmbH,EMEA,Components,COM-3341,Air,SkyBridge Air Cargo,DC-West (CA),553,553.0,24.66,9,7.0,2025-07-29,2025-07-27,0.0,Delivered,True,True,13636.98,1.0
PO-2025-00676,2025-07-20,Pacific Components Co.,APAC,Electronics,ELE-4515,Ocean,Meridian Shipping,DC-Central (TX),127,127.0,27.68,35,35.0,2025-08-24,2025-08-24,0.0,Delivered,True,True,3515.36,1.0
PO-2025-00677,2025-07-20,Bangalore ElectroTech,APAC,Electronics,ELE-7335,Air,SkyBridge Air Cargo,DC-East (PA),120,120.0,47.21,11,8.0,2025-07-31,2025-07-28,0.0,Delivered,True,True,5665.2,1.0
PO-2025-00678,2025-07-21,Iberia Logistics SA,EMEA,Packaging,PAC-2366,Ocean,BlueWave Lines,DC-West (CA),5393,5393.0,1.34,24,23.0,2025-08-14,2025-08-13,0.0,Delivered,True,True,7226.62,1.0
PO-2025-00679,2025-07-21,Iberia Logistics SA,EMEA,Finished Goods,FIN-5855,Ocean,BlueWave Lines,DC-West (CA),89,89.0,51.3,25,26.0,2025-08-15,2025-08-16,1.0,Delivered,False,True,4565.7,0.0
PO-2025-00680,2025-07-21,Rhine Components GmbH,EMEA,Electronics,ELE-1317,Air,SkyBridge Air Cargo,DC-East (PA),126,103.0,41.35,9,3.0,2025-07-30,2025-07-24,0.0,Delivered,True,False,5210.1,0.0
PO-2025-00681,2025-07-21,São Paulo Supply,LATAM,Finished Goods,FIN-2554,Ocean,Meridian Shipping,DC-South (GA),100,89.0,85.55,29,33.0,2025-08-19,2025-08-23,4.0,Delivered,False,False,8555.0,0.0
PO-2025-00682,2025-07-21,Great Lakes Packaging,North America,Packaging,PAC-2935,Ground,Continental Trucking,DC-East (PA),5522,5522.0,1.07,4,1.0,2025-07-25,2025-07-22,0.0,Delivered,True,True,5908.54,1.0
PO-2025-00683,2025-07-21,Pacific Components Co.,APAC,Electronics,ELE-6346,Ocean,Meridian Shipping,DC-Central (TX),126,126.0,27.98,34,31.0,2025-08-24,2025-08-21,0.0,Delivered,True,True,3525.48,1.0
PO-2025-00684,2025-07-21,Great Lakes Packaging,North America,Packaging,PAC-6158,Ground,Continental Trucking,DC-West (CA),5402,5402.0,1.17,6,6.0,2025-07-27,2025-07-27,0.0,Delivered,True,True,6320.34,1.0
PO-2025-00685,2025-07-21,São Paulo Supply,LATAM,Raw Materials,RAW-3320,Ocean,Meridian Shipping,DC-East (PA),2196,2196.0,10.54,28,25.0,2025-08-18,2025-08-15,0.0,Delivered,True,True,23145.84,1.0
PO-2025-00686,2025-07-21,Iberia Logistics SA,EMEA,Packaging,PAC-3239,Ocean,Meridian Shipping,DC-South (GA),5259,5259.0,0.88,25,26.0,2025-08-15,2025-08-16,1.0,Delivered,False,True,4627.92,0.0
PO-2025-00687,2025-07-22,Monterrey Assembly,LATAM,Components,COM-8264,Ground,Continental Trucking,DC-Central (TX),590,590.0,11.28,12,9.0,2025-08-03,2025-07-31,0.0,Delivered,True,True,6655.2,1.0
PO-2025-00688,2025-07-22,São Paulo Supply,LATAM,Raw Materials,RAW-8899,Ocean,Meridian Shipping,DC-East (PA),2229,2229.0,4.67,27,24.0,2025-08-18,2025-08-15,0.0,Delivered,True,True,10409.43,1.0
PO-2025-00689,2025-07-22,Allegheny Metals,North America,Raw Materials,RAW-8891,Ground,RoadRunner Freight,DC-East (PA),2244,2244.0,13.19,6,3.0,2025-07-28,2025-07-25,0.0,Delivered,True,True,29598.36,1.0
PO-2025-00690,2025-07-22,Iberia Logistics SA,EMEA,Finished Goods,FIN-8016,Ocean,BlueWave Lines,DC-South (GA),84,84.0,114.34,24,24.0,2025-08-15,2025-08-15,0.0,Delivered,True,True,9604.56,1.0
PO-2025-00691,2025-07-22,Great Lakes Packaging,North America,Packaging,PAC-6208,Ground,RoadRunner Freight,DC-Central (TX),5311,5311.0,0.99,7,4.0,2025-07-29,2025-07-26,0.0,Delivered,True,True,5257.89,1.0
PO-2025-00692,2025-07-22,Bangalore ElectroTech,APAC,Electronics,ELE-8992,Air,SkyBridge Air Cargo,DC-East (PA),113,113.0,27.87,12,9.0,2025-08-03,2025-07-31,0.0,Delivered,True,True,3149.31,1.0
PO-2025-00693,2025-07-22,Monterrey Assembly,LATAM,Components,COM-3082,Ground,Continental Trucking,DC-South (GA),617,617.0,14.63,11,7.0,2025-08-02,2025-07-29,0.0,Delivered,True,True,9026.71,1.0
PO-2025-00694,2025-07-23,Pacific Components Co.,APAC,Components,COM-3355,Ocean,BlueWave Lines,DC-South (GA),613,613.0,13.3,33,26.0,2025-08-25,2025-08-18,0.0,Delivered,True,True,8152.9,1.0
PO-2025-00695,2025-07-23,Shenzhen Precision Ltd,APAC,Components,COM-3908,Ocean,BlueWave Lines,DC-Central (TX),647,647.0,17.45,32,31.0,2025-08-24,2025-08-23,0.0,Delivered,True,True,11290.15,1.0
PO-2025-00696,2025-07-23,Great Lakes Packaging,North America,Packaging,PAC-3382,Ground,RoadRunner Freight,DC-West (CA),5362,5362.0,1.3,7,2.0,2025-07-30,2025-07-25,0.0,Delivered,True,True,6970.6,1.0
PO-2025-00697,2025-07-23,Allegheny Metals,North America,Raw Materials,RAW-6987,Ground,Continental Trucking,DC-Central (TX),2172,2172.0,7.99,8,6.0,2025-07-31,2025-07-29,0.0,Delivered,True,True,17354.28,1.0
PO-2025-00698,2025-07-23,Shenzhen Precision Ltd,APAC,Components,COM-4582,Ocean,BlueWave Lines,DC-Central (TX),614,614.0,12.98,33,34.0,2025-08-25,2025-08-26,1.0,Delivered,False,True,7969.72,0.0
PO-2025-00699,2025-07-23,Rhine Components GmbH,EMEA,Components,COM-4538,Air,SkyBridge Air Cargo,DC-East (PA),597,597.0,10.08,9,4.0,2025-08-01,2025-07-27,0.0,Delivered,True,True,6017.76,1.0
PO-2025-00700,2025-07-23,Allegheny Metals,North America,Raw Materials,RAW-4664,Ground,RoadRunner Freight,DC-West (CA),2162,2162.0,8.8,7,4.0,2025-07-30,2025-07-27,0.0,Delivered,True,True,19025.6,1.0
PO-2025-00701,2025-07-24,Bangalore ElectroTech,APAC,Electronics,ELE-2391,Air,SkyBridge Air Cargo,DC-Central (TX),129,129.0,35.03,12,10.0,2025-08-05,2025-08-03,0.0,Delivered,True,True,4518.87,1.0
PO-2025-00702,2025-07-24,São Paulo Supply,LATAM,Finished Goods,FIN-4516,Ocean,BlueWave Lines,DC-East (PA),71,71.0,65.09,29,23.0,2025-08-22,2025-08-16,0.0,Delivered,True,True,4621.39,1.0
PO-2025-00703,2025-07-24,Great Lakes Packaging,North America,Packaging,PAC-3027,Ground,RoadRunner Freight,DC-Central (TX),5447,5447.0,1.52,6,3.0,2025-07-30,2025-07-27,0.0,Delivered,True,True,8279.44,1.0
PO-2025-00704,2025-07-24,Monterrey Assembly,LATAM,Finished Goods,FIN-4560,Ground,Continental Trucking,DC-East (PA),94,94.0,89.42,11,10.0,2025-08-04,2025-08-03,0.0,Delivered,True,True,8405.48,1.0
PO-2025-00705,2025-07-24,Monterrey Assembly,LATAM,Components,COM-5663,Ground,RoadRunner Freight,DC-Central (TX),582,582.0,12.55,11,9.0,2025-08-04,2025-08-02,0.0,Delivered,True,True,7304.1,1.0
PO-2025-00706,2025-07-24,Monterrey Assembly,LATAM,Finished Goods,FIN-1188,Ground,RoadRunner Freight,DC-South (GA),77,77.0,86.12,11,11.0,2025-08-04,2025-08-04,0.0,Delivered,True,True,6631.24,1.0
PO-2025-00707,2025-07-24,Bangalore ElectroTech,APAC,Electronics,ELE-2946,Air,AeroFast,DC-West (CA),119,119.0,39.42,12,8.0,2025-08-05,2025-08-01,0.0,Delivered,True,True,4690.98,1.0
PO-2025-00708,2025-07-24,Monterrey Assembly,LATAM,Finished Goods,FIN-9572,Ground,Continental Trucking,DC-East (PA),82,82.0,58.46,13,12.0,2025-08-06,2025-08-05,0.0,Delivered,True,True,4793.72,1.0
PO-2025-00709,2025-07-24,Pacific Components Co.,APAC,Electronics,ELE-4922,Ocean,Meridian Shipping,DC-West (CA),132,132.0,41.24,34,29.0,2025-08-27,2025-08-22,0.0,Delivered,True,True,5443.68,1.0
PO-2025-00710,2025-07-25,Rhine Components GmbH,EMEA,Electronics,ELE-9756,Air,AeroFast,DC-West (CA),112,112.0,52.71,9,8.0,2025-08-03,2025-08-02,0.0,Delivered,True,True,5903.52,1.0
PO-2025-00711,2025-07-25,Great Lakes Packaging,North America,Packaging,PAC-2466,Ground,Continental Trucking,DC-West (CA),5503,5503.0,1.39,5,2.0,2025-07-30,2025-07-27,0.0,Delivered,True,True,7649.17,1.0
PO-2025-00712,2025-07-25,Allegheny Metals,North America,Raw Materials,RAW-6891,Ground,Continental Trucking,DC-East (PA),2235,2235.0,12.2,7,4.0,2025-08-01,2025-07-29,0.0,Delivered,True,True,27267.0,1.0
PO-2025-00713,2025-07-25,Rhine Components GmbH,EMEA,Components,COM-2726,Air,SkyBridge Air Cargo,DC-East (PA),584,584.0,20.2,10,10.0,2025-08-04,2025-08-04,0.0,Delivered,True,True,11796.8,1.0
PO-2025-00714,2025-07-25,Iberia Logistics SA,EMEA,Finished Goods,FIN-8517,Ocean,BlueWave Lines,DC-Central (TX),86,86.0,79.18,25,20.0,2025-08-19,2025-08-14,0.0,Delivered,True,True,6809.48,1.0
PO-2025-00715,2025-07-25,Bangalore ElectroTech,APAC,Electronics,ELE-9737,Air,AeroFast,DC-Central (TX),143,143.0,30.74,11,8.0,2025-08-05,2025-08-02,0.0,Delivered,True,True,4395.82,1.0
PO-2025-00716,2025-07-25,Bangalore ElectroTech,APAC,Electronics,ELE-7160,Air,SkyBridge Air Cargo,DC-East (PA),124,124.0,39.76,13,15.0,2025-08-07,2025-08-09,2.0,Delivered,False,True,4930.24,0.0
PO-2025-00717,2025-07-25,Great Lakes Packaging,North America,Packaging,PAC-8854,Ground,RoadRunner Freight,DC-South (GA),5338,5338.0,1.39,4,4.0,2025-07-29,2025-07-29,0.0,Delivered,True,True,7419.82,1.0
PO-2025-00718,2025-07-25,Great Lakes Packaging,North America,Packaging,PAC-6515,Ground,Continental Trucking,DC-South (GA),5372,5372.0,0.87,7,3.0,2025-08-01,2025-07-28,0.0,Delivered,True,True,4673.64,1.0
PO-2025-00719,2025-07-25,Great Lakes Packaging,North America,Packaging,PAC-9189,Ground,Continental Trucking,DC-East (PA),5401,5401.0,1.27,5,1.0,2025-07-30,2025-07-26,0.0,Delivered,True,True,6859.27,1.0
PO-2025-00720,2025-07-25,Iberia Logistics SA,EMEA,Finished Goods,FIN-4998,Ocean,BlueWave Lines,DC-South (GA),89,89.0,77.75,24,23.0,2025-08-18,2025-08-17,0.0,Delivered,True,True,6919.75,1.0
PO-2025-00721,2025-07-26,Iberia Logistics SA,EMEA,Packaging,PAC-5187,Ocean,Meridian Shipping,DC-West (CA),5417,5417.0,1.62,24,21.0,2025-08-19,2025-08-16,0.0,Delivered,True,True,8775.54,1.0
PO-2025-00722,2025-07-26,Iberia Logistics SA,EMEA,Packaging,PAC-5352,Ocean,Meridian Shipping,DC-East (PA),5366,5366.0,1.23,26,25.0,2025-08-21,2025-08-20,0.0,Delivered,True,True,6600.18,1.0
PO-2025-00723,2025-07-26,Pacific Components Co.,APAC,Components,COM-9423,Ocean,Meridian Shipping,DC-East (PA),577,577.0,18.21,35,35.0,2025-08-30,2025-08-30,0.0,Delivered,True,True,10507.17,1.0
PO-2025-00724,2025-07-26,Monterrey Assembly,LATAM,Components,COM-5641,Ground,RoadRunner Freight,DC-East (PA),591,591.0,20.18,12,8.0,2025-08-07,2025-08-03,0.0,Delivered,True,True,11926.38,1.0
PO-2025-00725,2025-07-26,São Paulo Supply,LATAM,Raw Materials,RAW-3865,Ocean,Meridian Shipping,DC-Central (TX),2165,2165.0,10.01,28,24.0,2025-08-23,2025-08-19,0.0,Delivered,True,True,21671.65,1.0
PO-2025-00726,2025-07-26,São Paulo Supply,LATAM,Finished Goods,FIN-9321,Ocean,Meridian Shipping,DC-West (CA),91,91.0,71.42,28,22.0,2025-08-23,2025-08-17,0.0,Delivered,True,True,6499.22,1.0
PO-2025-00727,2025-07-26,Great Lakes Packaging,North America,Packaging,PAC-8637,Ground,RoadRunner Freight,DC-West (CA),5329,5329.0,1.4,4,1.0,2025-07-30,2025-07-27,0.0,Delivered,True,True,7460.6,1.0
PO-2025-00728,2025-07-26,Great Lakes Packaging,North America,Packaging,PAC-8291,Ground,RoadRunner Freight,DC-East (PA),5376,5376.0,1.63,6,4.0,2025-08-01,2025-07-30,0.0,Delivered,True,True,8762.88,1.0
PO-2025-00729,2025-07-27,Monterrey Assembly,LATAM,Finished Goods,FIN-2743,Ground,RoadRunner Freight,DC-Central (TX),96,96.0,54.77,11,7.0,2025-08-07,2025-08-03,0.0,Delivered,True,True,5257.92,1.0
PO-2025-00730,2025-07-27,Allegheny Metals,North America,Components,COM-6337,Ground,RoadRunner Freight,DC-South (GA),583,583.0,18.5,9,7.0,2025-08-05,2025-08-03,0.0,Delivered,True,True,10785.5,1.0
PO-2025-00731,2025-07-27,Shenzhen Precision Ltd,APAC,Components,COM-8635,Ocean,BlueWave Lines,DC-South (GA),623,623.0,18.66,31,25.0,2025-08-27,2025-08-21,0.0,Delivered,True,True,11625.18,1.0
PO-2025-00732,2025-07-27,Bangalore ElectroTech,APAC,Electronics,ELE-5375,Air,AeroFast,DC-East (PA),119,119.0,38.33,11,10.0,2025-08-07,2025-08-06,0.0,Delivered,True,True,4561.27,1.0
PO-2025-00733,2025-07-27,Pacific Components Co.,APAC,Components,COM-9718,Ocean,Meridian Shipping,DC-West (CA),579,579.0,21.31,34,42.0,2025-08-30,2025-09-07,8.0,Delivered,False,True,12338.49,0.0
PO-2025-00734,2025-07-27,São Paulo Supply,LATAM,Raw Materials,RAW-3973,Ocean,BlueWave Lines,DC-West (CA),2092,2092.0,9.57,27,27.0,2025-08-23,2025-08-23,0.0,Delivered,True,True,20020.44,1.0
PO-2025-00735,2025-07-27,Great Lakes Packaging,North America,Packaging,PAC-9943,Ground,RoadRunner Freight,DC-South (GA),5416,5416.0,1.46,5,1.0,2025-08-01,2025-07-28,0.0,Delivered,True,True,7907.36,1.0
PO-2025-00736,2025-07-28,São Paulo Supply,LATAM,Finished Goods,FIN-2254,Ocean,BlueWave Lines,DC-East (PA),81,81.0,88.68,27,23.0,2025-08-24,2025-08-20,0.0,Delivered,True,True,7183.08,1.0
PO-2025-00737,2025-07-28,Shenzhen Precision Ltd,APAC,Components,COM-6749,Ocean,Meridian Shipping,DC-West (CA),584,584.0,13.7,32,31.0,2025-08-29,2025-08-28,0.0,Delivered,True,True,8000.8,1.0
PO-2025-00738,2025-07-28,Allegheny Metals,North America,Components,COM-7709,Ground,Continental Trucking,DC-West (CA),627,627.0,15.08,7,2.0,2025-08-04,2025-07-30,0.0,Delivered,True,True,9455.16,1.0
PO-2025-00739,2025-07-28,São Paulo Supply,LATAM,Raw Materials,RAW-9123,Ocean,Meridian Shipping,DC-East (PA),2186,2186.0,13.31,28,26.0,2025-08-25,2025-08-23,0.0,Delivered,True,True,29095.66,1.0
PO-2025-00740,2025-07-28,Pacific Components Co.,APAC,Electronics,ELE-9215,Ocean,BlueWave Lines,DC-Central (TX),105,105.0,48.5,35,32.0,2025-09-01,2025-08-29,0.0,Delivered,True,True,5092.5,1.0
PO-2025-00741,2025-07-28,Allegheny Metals,North America,Components,COM-3990,Ground,RoadRunner Freight,DC-South (GA),561,561.0,12.11,5,2.0,2025-08-02,2025-07-30,0.0,Delivered,True,True,6793.71,1.0
PO-2025-00742,2025-07-28,Iberia Logistics SA,EMEA,Packaging,PAC-1899,Ocean,Meridian Shipping,DC-West (CA),5424,5424.0,1.32,25,22.0,2025-08-22,2025-08-19,0.0,Delivered,True,True,7159.68,1.0
PO-2025-00743,2025-07-28,São Paulo Supply,LATAM,Finished Goods,FIN-7383,Ocean,BlueWave Lines,DC-West (CA),87,87.0,91.3,29,31.0,2025-08-26,2025-08-28,2.0,Delivered,False,True,7943.1,0.0
PO-2025-00744,2025-07-28,Great Lakes Packaging,North America,Packaging,PAC-9725,Ground,Continental Trucking,DC-West (CA),5341,5341.0,1.53,4,5.0,2025-08-01,2025-08-02,1.0,Delivered,False,True,8171.73,0.0
PO-2025-00745,2025-07-29,Allegheny Metals,North America,Components,COM-6908,Ground,RoadRunner Freight,DC-West (CA),616,616.0,19.61,7,2.0,2025-08-05,2025-07-31,0.0,Delivered,True,True,12079.76,1.0
PO-2025-00746,2025-07-29,Bangalore ElectroTech,APAC,Electronics,ELE-4696,Air,AeroFast,DC-West (CA),110,110.0,31.93,12,9.0,2025-08-10,2025-08-07,0.0,Delivered,True,True,3512.3,1.0
PO-2025-00747,2025-07-29,Bangalore ElectroTech,APAC,Electronics,ELE-5282,Air,SkyBridge Air Cargo,DC-West (CA),131,131.0,37.48,12,9.0,2025-08-10,2025-08-07,0.0,Delivered,True,True,4909.88,1.0
PO-2025-00748,2025-07-29,Rhine Components GmbH,EMEA,Electronics,ELE-9539,Air,AeroFast,DC-West (CA),118,118.0,43.35,10,3.0,2025-08-08,2025-08-01,0.0,Delivered,True,True,5115.3,1.0
PO-2025-00749,2025-07-29,Shenzhen Precision Ltd,APAC,Electronics,ELE-1522,Ocean,Meridian Shipping,DC-West (CA),118,118.0,53.59,30,31.0,2025-08-28,2025-08-29,1.0,Delivered,False,True,6323.62,0.0
PO-2025-00750,2025-07-29,Bangalore ElectroTech,APAC,Electronics,ELE-4974,Air,AeroFast,DC-Central (TX),121,121.0,30.3,11,9.0,2025-08-09,2025-08-07,0.0,Delivered,True,True,3666.3,1.0
PO-2025-00751,2025-07-29,Bangalore ElectroTech,APAC,Electronics,ELE-6913,Air,SkyBridge Air Cargo,DC-South (GA),123,123.0,41.32,13,8.0,2025-08-11,2025-08-06,0.0,Delivered,True,True,5082.36,1.0
PO-2025-00752,2025-07-29,Bangalore ElectroTech,APAC,Electronics,ELE-8244,Air,SkyBridge Air Cargo,DC-West (CA),121,121.0,45.98,12,11.0,2025-08-10,2025-08-09,0.0,Delivered,True,True,5563.58,1.0
PO-2025-00753,2025-07-30,Iberia Logistics SA,EMEA,Finished Goods,FIN-8332,Ocean,Meridian Shipping,DC-Central (TX),95,95.0,69.62,25,21.0,2025-08-24,2025-08-20,0.0,Delivered,True,True,6613.9,1.0
PO-2025-00754,2025-07-30,Pacific Components Co.,APAC,Components,COM-5723,Ocean,Meridian Shipping,DC-Central (TX),579,579.0,20.22,33,28.0,2025-09-01,2025-08-27,0.0,Delivered,True,True,11707.38,1.0
PO-2025-00755,2025-07-30,Shenzhen Precision Ltd,APAC,Components,COM-5223,Ocean,BlueWave Lines,DC-East (PA),605,605.0,13.9,31,28.0,2025-08-30,2025-08-27,0.0,Delivered,True,True,8409.5,1.0
PO-2025-00756,2025-07-30,Allegheny Metals,North America,Components,COM-2756,Ground,RoadRunner Freight,DC-West (CA),585,585.0,19.63,10,6.0,2025-08-09,2025-08-05,0.0,Delivered,True,True,11483.55,1.0
PO-2025-00757,2025-07-30,Bangalore ElectroTech,APAC,Electronics,ELE-8312,Air,AeroFast,DC-Central (TX),112,112.0,46.88,14,10.0,2025-08-13,2025-08-09,0.0,Delivered,True,True,5250.56,1.0
PO-2025-00758,2025-07-30,Pacific Components Co.,APAC,Electronics,ELE-9633,Ocean,Meridian Shipping,DC-East (PA),110,110.0,64.71,34,31.0,2025-09-02,2025-08-30,0.0,Delivered,True,True,7118.1,1.0
PO-2025-00759,2025-07-30,Monterrey Assembly,LATAM,Components,COM-3850,Ground,Continental Trucking,DC-West (CA),585,585.0,15.68,10,5.0,2025-08-09,2025-08-04,0.0,Delivered,True,True,9172.8,1.0
PO-2025-00760,2025-07-31,Pacific Components Co.,APAC,Components,COM-1225,Ocean,BlueWave Lines,DC-East (PA),599,599.0,7.8,32,35.0,2025-09-01,2025-09-04,3.0,Delivered,False,True,4672.2,0.0
PO-2025-00761,2025-07-31,Bangalore ElectroTech,APAC,Electronics,ELE-6258,Air,AeroFast,DC-West (CA),116,116.0,53.16,11,11.0,2025-08-11,2025-08-11,0.0,Delivered,True,True,6166.56,1.0
PO-2025-00762,2025-07-31,São Paulo Supply,LATAM,Raw Materials,RAW-6109,Ocean,Meridian Shipping,DC-South (GA),2123,2123.0,5.45,29,25.0,2025-08-29,2025-08-25,0.0,Delivered,True,True,11570.35,1.0
PO-2025-00763,2025-07-31,Monterrey Assembly,LATAM,Finished Goods,FIN-1068,Ground,Continental Trucking,DC-Central (TX),74,74.0,63.36,13,10.0,2025-08-13,2025-08-10,0.0,Delivered,True,True,4688.64,1.0
PO-2025-00764,2025-07-31,Monterrey Assembly,LATAM,Finished Goods,FIN-1515,Ground,RoadRunner Freight,DC-East (PA),96,96.0,47.19,10,5.0,2025-08-10,2025-08-05,0.0,Delivered,True,True,4530.24,1.0
PO-2025-00765,2025-07-31,Allegheny Metals,North America,Components,COM-6314,Ground,RoadRunner Freight,DC-East (PA),589,589.0,13.52,8,4.0,2025-08-08,2025-08-04,0.0,Delivered,True,True,7963.28,1.0
PO-2025-00766,2025-07-31,Bangalore ElectroTech,APAC,Electronics,ELE-8307,Air,AeroFast,DC-South (GA),119,111.0,37.15,14,11.0,2025-08-14,2025-08-11,0.0,Delivered,True,False,4420.85,0.0
PO-2025-00767,2025-07-31,Pacific Components Co.,APAC,Components,COM-3516,Ocean,BlueWave Lines,DC-Central (TX),626,626.0,16.37,34,29.0,2025-09-03,2025-08-29,0.0,Delivered,True,True,10247.62,1.0
PO-2025-00768,2025-07-31,Allegheny Metals,North America,Components,COM-5895,Ground,RoadRunner Freight,DC-South (GA),594,594.0,19.28,8,5.0,2025-08-08,2025-08-05,0.0,Delivered,True,True,11452.32,1.0
PO-2025-00769,2025-07-31,Monterrey Assembly,LATAM,Components,COM-3947,Ground,RoadRunner Freight,DC-Central (TX),563,563.0,17.09,10,9.0,2025-08-10,2025-08-09,0.0,Delivered,True,True,9621.67,1.0
PO-2025-00770,2025-08-01,Bangalore ElectroTech,APAC,Electronics,ELE-8181,Air,SkyBridge Air Cargo,DC-East (PA),133,133.0,42.91,12,11.0,2025-08-13,2025-08-12,0.0,Delivered,True,True,5707.03,1.0
PO-2025-00771,2025-08-01,Iberia Logistics SA,EMEA,Finished Goods,FIN-4568,Ocean,Meridian Shipping,DC-West (CA),84,84.0,77.9,25,12.0,2025-08-26,2025-08-13,0.0,Delivered,True,True,6543.6,1.0
PO-2025-00772,2025-08-01,Allegheny Metals,North America,Raw Materials,RAW-4994,Ground,RoadRunner Freight,DC-West (CA),2333,2333.0,9.94,7,6.0,2025-08-08,2025-08-07,0.0,Delivered,True,True,23190.02,1.0
PO-2025-00773,2025-08-01,Shenzhen Precision Ltd,APAC,Components,COM-7338,Ocean,BlueWave Lines,DC-Central (TX),675,675.0,17.23,33,28.0,2025-09-03,2025-08-29,0.0,Delivered,True,True,11630.25,1.0
PO-2025-00774,2025-08-01,Allegheny Metals,North America,Components,COM-9545,Ground,Continental Trucking,DC-East (PA),575,575.0,10.76,9,5.0,2025-08-10,2025-08-06,0.0,Delivered,True,True,6187.0,1.0
PO-2025-00775,2025-08-01,Great Lakes Packaging,North America,Packaging,PAC-6017,Ground,Continental Trucking,DC-South (GA),5370,5370.0,0.92,5,4.0,2025-08-06,2025-08-05,0.0,Delivered,True,True,4940.4,1.0
PO-2025-00776,2025-08-01,Iberia Logistics SA,EMEA,Packaging,PAC-4452,Ocean,Meridian Shipping,DC-South (GA),5380,5380.0,1.12,24,19.0,2025-08-25,2025-08-20,0.0,Delivered,True,True,6025.6,1.0
PO-2025-00777,2025-08-01,Iberia Logistics SA,EMEA,Packaging,PAC-5374,Ocean,Meridian Shipping,DC-West (CA),5448,5448.0,1.05,24,25.0,2025-08-25,2025-08-26,1.0,Delivered,False,True,5720.4,0.0
PO-2025-00778,2025-08-01,Iberia Logistics SA,EMEA,Finished Goods,FIN-4044,Ocean,BlueWave Lines,DC-Central (TX),94,94.0,62.69,23,25.0,2025-08-24,2025-08-26,2.0,Delivered,False,True,5892.86,0.0
PO-2025-00779,2025-08-01,Great Lakes Packaging,North America,Packaging,PAC-2475,Ground,Continental Trucking,DC-Central (TX),5355,5355.0,1.09,7,1.0,2025-08-08,2025-08-02,0.0,Delivered,True,True,5836.95,1.0
PO-2025-00780,2025-08-01,Rhine Components GmbH,EMEA,Electronics,ELE-9285,Air,AeroFast,DC-East (PA),132,132.0,31.13,8,4.0,2025-08-09,2025-08-05,0.0,Delivered,True,True,4109.16,1.0
PO-2025-00781,2025-08-02,Monterrey Assembly,LATAM,Finished Goods,FIN-6074,Ground,RoadRunner Freight,DC-Central (TX),91,91.0,71.7,11,6.0,2025-08-13,2025-08-08,0.0,Delivered,True,True,6524.7,1.0
PO-2025-00782,2025-08-02,Rhine Components GmbH,EMEA,Components,COM-4460,Air,SkyBridge Air Cargo,DC-West (CA),604,604.0,19.96,8,10.0,2025-08-10,2025-08-12,2.0,Delivered,False,True,12055.84,0.0
PO-2025-00783,2025-08-02,Great Lakes Packaging,North America,Packaging,PAC-2472,Ground,Continental Trucking,DC-West (CA),5334,5334.0,0.9,7,4.0,2025-08-09,2025-08-06,0.0,Delivered,True,True,4800.6,1.0
PO-2025-00784,2025-08-02,Pacific Components Co.,APAC,Electronics,ELE-1550,Ocean,BlueWave Lines,DC-West (CA),127,127.0,48.13,33,36.0,2025-09-04,2025-09-07,3.0,Delivered,False,True,6112.51,0.0
PO-2025-00785,2025-08-03,Shenzhen Precision Ltd,APAC,Components,COM-1402,Ocean,Meridian Shipping,DC-East (PA),623,623.0,17.94,31,27.0,2025-09-03,2025-08-30,0.0,Delivered,True,True,11176.62,1.0
PO-2025-00786,2025-08-03,Great Lakes Packaging,North America,Packaging,PAC-3428,Ground,Continental Trucking,DC-Central (TX),5349,5349.0,1.57,5,4.0,2025-08-08,2025-08-07,0.0,Delivered,True,True,8397.93,1.0
PO-2025-00787,2025-08-03,Shenzhen Precision Ltd,APAC,Components,COM-5836,Ocean,BlueWave Lines,DC-East (PA),598,598.0,22.01,32,29.0,2025-09-04,2025-09-01,0.0,Delivered,True,True,13161.98,1.0
PO-2025-00788,2025-08-03,Great Lakes Packaging,North America,Packaging,PAC-1783,Ground,Continental Trucking,DC-West (CA),5511,5511.0,0.81,7,3.0,2025-08-10,2025-08-06,0.0,Delivered,True,True,4463.91,1.0
PO-2025-00789,2025-08-03,Shenzhen Precision Ltd,APAC,Components,COM-2520,Ocean,Meridian Shipping,DC-West (CA),558,558.0,17.81,33,33.0,2025-09-05,2025-09-05,0.0,Delivered,True,True,9937.98,1.0
PO-2025-00790,2025-08-04,Rhine Components GmbH,EMEA,Components,COM-4762,Air,SkyBridge Air Cargo,DC-South (GA),612,612.0,8.69,9,11.0,2025-08-13,2025-08-15,2.0,Delivered,False,True,5318.28,0.0
PO-2025-00791,2025-08-04,Monterrey Assembly,LATAM,Components,COM-1703,Ground,RoadRunner Freight,DC-East (PA),606,606.0,19.77,10,9.0,2025-08-14,2025-08-13,0.0,Delivered,True,True,11980.62,1.0
PO-2025-00792,2025-08-04,Monterrey Assembly,LATAM,Finished Goods,FIN-1124,Ground,RoadRunner Freight,DC-Central (TX),85,85.0,99.31,12,10.0,2025-08-16,2025-08-14,0.0,Delivered,True,True,8441.35,1.0
PO-2025-00793,2025-08-04,Monterrey Assembly,LATAM,Finished Goods,FIN-9513,Ground,RoadRunner Freight,DC-East (PA),94,94.0,86.5,10,7.0,2025-08-14,2025-08-11,0.0,Delivered,True,True,8131.0,1.0
PO-2025-00794,2025-08-04,Shenzhen Precision Ltd,APAC,Electronics,ELE-8697,Ocean,Meridian Shipping,DC-East (PA),125,125.0,40.09,33,31.0,2025-09-06,2025-09-04,0.0,Delivered,True,True,5011.25,1.0
PO-2025-00795,2025-08-04,Iberia Logistics SA,EMEA,Finished Goods,FIN-2259,Ocean,Meridian Shipping,DC-West (CA),93,93.0,75.96,23,18.0,2025-08-27,2025-08-22,0.0,Delivered,True,True,7064.28,1.0
PO-2025-00796,2025-08-04,Allegheny Metals,North America,Components,COM-1049,Ground,Continental Trucking,DC-Central (TX),620,620.0,14.82,7,1.0,2025-08-11,2025-08-05,0.0,Delivered,True,True,9188.4,1.0
PO-2025-00797,2025-08-04,Shenzhen Precision Ltd,APAC,Electronics,ELE-7425,Ocean,BlueWave Lines,DC-East (PA),114,114.0,49.83,33,28.0,2025-09-06,2025-09-01,0.0,Delivered,True,True,5680.62,1.0
PO-2025-00798,2025-08-04,Monterrey Assembly,LATAM,Finished Goods,FIN-8255,Ground,RoadRunner Freight,DC-East (PA),102,102.0,70.05,9,6.0,2025-08-13,2025-08-10,0.0,Delivered,True,True,7145.1,1.0
PO-2025-00799,2025-08-04,Shenzhen Precision Ltd,APAC,Electronics,ELE-8903,Ocean,BlueWave Lines,DC-West (CA),141,141.0,59.27,33,30.0,2025-09-06,2025-09-03,0.0,Delivered,True,True,8357.07,1.0
PO-2025-00800,2025-08-04,Rhine Components GmbH,EMEA,Components,COM-1997,Air,SkyBridge Air Cargo,DC-Central (TX),641,641.0,15.62,8,5.0,2025-08-12,2025-08-09,0.0,Delivered,True,True,10012.42,1.0
PO-2025-00801,2025-08-04,Monterrey Assembly,LATAM,Finished Goods,FIN-3536,Ground,Continental Trucking,DC-West (CA),94,94.0,67.91,12,9.0,2025-08-16,2025-08-13,0.0,Delivered,True,True,6383.54,1.0
PO-2025-00802,2025-08-05,Rhine Components GmbH,EMEA,Electronics,ELE-6575,Air,SkyBridge Air Cargo,DC-West (CA),108,108.0,48.05,10,7.0,2025-08-15,2025-08-12,0.0,Delivered,True,True,5189.4,1.0
PO-2025-00803,2025-08-05,Monterrey Assembly,LATAM,Components,COM-5798,Ground,Continental Trucking,DC-Central (TX),614,614.0,12.83,13,11.0,2025-08-18,2025-08-16,0.0,Delivered,True,True,7877.62,1.0
PO-2025-00804,2025-08-05,Bangalore ElectroTech,APAC,Electronics,ELE-3862,Air,AeroFast,DC-East (PA),129,129.0,38.53,12,5.0,2025-08-17,2025-08-10,0.0,Delivered,True,True,4970.37,1.0
PO-2025-00805,2025-08-05,Bangalore ElectroTech,APAC,Electronics,ELE-2730,Air,AeroFast,DC-Central (TX),134,134.0,43.1,13,9.0,2025-08-18,2025-08-14,0.0,Delivered,True,True,5775.4,1.0
PO-2025-00806,2025-08-05,São Paulo Supply,LATAM,Finished Goods,FIN-2349,Ocean,BlueWave Lines,DC-Central (TX),91,91.0,33.24,29,26.0,2025-09-03,2025-08-31,0.0,Delivered,True,True,3024.84,1.0
PO-2025-00807,2025-08-05,Great Lakes Packaging,North America,Packaging,PAC-2703,Ground,Continental Trucking,DC-South (GA),5458,5458.0,1.1,6,2.0,2025-08-11,2025-08-07,0.0,Delivered,True,True,6003.8,1.0
PO-2025-00808,2025-08-05,Rhine Components GmbH,EMEA,Electronics,ELE-6530,Air,SkyBridge Air Cargo,DC-South (GA),112,112.0,53.72,9,7.0,2025-08-14,2025-08-12,0.0,Delivered,True,True,6016.64,1.0
PO-2025-00809,2025-08-05,Allegheny Metals,North America,Components,COM-3132,Ground,RoadRunner Freight,DC-Central (TX),639,639.0,11.5,9,6.0,2025-08-14,2025-08-11,0.0,Delivered,True,True,7348.5,1.0
PO-2025-00810,2025-08-06,Bangalore ElectroTech,APAC,Electronics,ELE-4282,Air,SkyBridge Air Cargo,DC-West (CA),130,130.0,48.84,13,10.0,2025-08-19,2025-08-16,0.0,Delivered,True,True,6349.2,1.0
PO-2025-00811,2025-08-06,Rhine Components GmbH,EMEA,Electronics,ELE-5176,Air,AeroFast,DC-East (PA),111,111.0,33.16,9,8.0,2025-08-15,2025-08-14,0.0,Delivered,True,True,3680.76,1.0
PO-2025-00812,2025-08-06,Allegheny Metals,North America,Raw Materials,RAW-2472,Ground,RoadRunner Freight,DC-Central (TX),2162,2162.0,7.49,7,3.0,2025-08-13,2025-08-09,0.0,Delivered,True,True,16193.38,1.0
PO-2025-00813,2025-08-06,Pacific Components Co.,APAC,Components,COM-1176,Ocean,BlueWave Lines,DC-Central (TX),586,586.0,17.07,32,26.0,2025-09-07,2025-09-01,0.0,Delivered,True,True,10003.02,1.0
PO-2025-00814,2025-08-06,Shenzhen Precision Ltd,APAC,Electronics,ELE-8630,Ocean,Meridian Shipping,DC-Central (TX),115,115.0,47.32,32,32.0,2025-09-07,2025-09-07,0.0,Delivered,True,True,5441.8,1.0
PO-2025-00815,2025-08-06,Shenzhen Precision Ltd,APAC,Electronics,ELE-7827,Ocean,Meridian Shipping,DC-East (PA),123,123.0,36.81,33,32.0,2025-09-08,2025-09-07,0.0,Delivered,True,True,4527.63,1.0
PO-2025-00816,2025-08-06,Shenzhen Precision Ltd,APAC,Electronics,ELE-9901,Ocean,Meridian Shipping,DC-East (PA),106,106.0,33.45,31,28.0,2025-09-06,2025-09-03,0.0,Delivered,True,True,3545.7,1.0
PO-2025-00817,2025-08-06,Bangalore ElectroTech,APAC,Electronics,ELE-8835,Air,AeroFast,DC-West (CA),135,132.0,23.31,12,10.0,2025-08-18,2025-08-16,0.0,Delivered,True,False,3146.85,0.0
PO-2025-00818,2025-08-06,Pacific Components Co.,APAC,Components,COM-8565,Ocean,Meridian Shipping,DC-South (GA),637,637.0,17.86,35,39.0,2025-09-10,2025-09-14,4.0,Delivered,False,True,11376.82,0.0
PO-2025-00819,2025-08-06,Allegheny Metals,North America,Raw Materials,RAW-8132,Ground,Continental Trucking,DC-Central (TX),2110,2110.0,7.41,6,2.0,2025-08-12,2025-08-08,0.0,Delivered,True,True,15635.1,1.0
PO-2025-00820,2025-08-06,Great Lakes Packaging,North America,Packaging,PAC-4411,Ground,RoadRunner Freight,DC-East (PA),5411,5411.0,0.52,8,3.0,2025-08-14,2025-08-09,0.0,Delivered,True,True,2813.72,1.0
PO-2025-00821,2025-08-06,São Paulo Supply,LATAM,Finished Goods,FIN-7791,Ocean,Meridian Shipping,DC-Central (TX),78,78.0,37.46,26,31.0,2025-09-01,2025-09-06,5.0,Delivered,False,True,2921.88,0.0
PO-2025-00822,2025-08-07,Iberia Logistics SA,EMEA,Finished Goods,FIN-5413,Ocean,Meridian Shipping,DC-East (PA),79,79.0,87.88,22,21.0,2025-08-29,2025-08-28,0.0,Delivered,True,True,6942.52,1.0
PO-2025-00823,2025-08-07,Monterrey Assembly,LATAM,Finished Goods,FIN-8614,Ground,Continental Trucking,DC-South (GA),85,85.0,112.76,13,9.0,2025-08-20,2025-08-16,0.0,Delivered,True,True,9584.6,1.0
PO-2025-00824,2025-08-07,Monterrey Assembly,LATAM,Components,COM-6785,Ground,Continental Trucking,DC-Central (TX),577,526.0,9.61,11,10.0,2025-08-18,2025-08-17,0.0,Delivered,True,False,5544.97,0.0
PO-2025-00825,2025-08-07,Monterrey Assembly,LATAM,Components,COM-5487,Ground,Continental Trucking,DC-South (GA),592,592.0,14.73,11,6.0,2025-08-18,2025-08-13,0.0,Delivered,True,True,8720.16,1.0
PO-2025-00826,2025-08-07,Rhine Components GmbH,EMEA,Components,COM-6932,Air,AeroFast,DC-East (PA),557,557.0,22.88,7,3.0,2025-08-14,2025-08-10,0.0,Delivered,True,True,12744.16,1.0
PO-2025-00827,2025-08-07,Allegheny Metals,North America,Raw Materials,RAW-1097,Ground,RoadRunner Freight,DC-Central (TX),2218,2218.0,11.72,6,3.0,2025-08-13,2025-08-10,0.0,Delivered,True,True,25994.96,1.0
PO-2025-00828,2025-08-07,Great Lakes Packaging,North America,Packaging,PAC-7079,Ground,RoadRunner Freight,DC-Central (TX),5361,5361.0,0.96,6,2.0,2025-08-13,2025-08-09,0.0,Delivered,True,True,5146.56,1.0
PO-2025-00829,2025-08-07,Allegheny Metals,North America,Raw Materials,RAW-7836,Ground,RoadRunner Freight,DC-East (PA),2160,2160.0,10.64,6,1.0,2025-08-13,2025-08-08,0.0,Delivered,True,True,22982.4,1.0
PO-2025-00830,2025-08-08,Pacific Components Co.,APAC,Components,COM-7769,Ocean,Meridian Shipping,DC-East (PA),625,625.0,14.16,33,33.0,2025-09-10,2025-09-10,0.0,Delivered,True,True,8850.0,1.0
PO-2025-00831,2025-08-08,Allegheny Metals,North America,Raw Materials,RAW-1328,Ground,Continental Trucking,DC-South (GA),2114,2114.0,7.22,5,2.0,2025-08-13,2025-08-10,0.0,Delivered,True,True,15263.08,1.0
PO-2025-00832,2025-08-08,Great Lakes Packaging,North America,Packaging,PAC-5251,Ground,RoadRunner Freight,DC-West (CA),5549,5549.0,1.35,5,3.0,2025-08-13,2025-08-11,0.0,Delivered,True,True,7491.15,1.0
PO-2025-00833,2025-08-08,Bangalore ElectroTech,APAC,Electronics,ELE-3889,Air,AeroFast,DC-East (PA),126,126.0,35.14,9,3.0,2025-08-17,2025-08-11,0.0,Delivered,True,True,4427.64,1.0
PO-2025-00834,2025-08-08,Shenzhen Precision Ltd,APAC,Electronics,ELE-3168,Ocean,Meridian Shipping,DC-East (PA),132,132.0,55.7,32,26.0,2025-09-09,2025-09-03,0.0,Delivered,True,True,7352.4,1.0
PO-2025-00835,2025-08-08,Great Lakes Packaging,North America,Packaging,PAC-2788,Ground,RoadRunner Freight,DC-East (PA),5427,5427.0,1.17,8,4.0,2025-08-16,2025-08-12,0.0,Delivered,True,True,6349.59,1.0
PO-2025-00836,2025-08-08,Rhine Components GmbH,EMEA,Components,COM-6597,Air,AeroFast,DC-East (PA),657,657.0,15.86,10,6.0,2025-08-18,2025-08-14,0.0,Delivered,True,True,10420.02,1.0
PO-2025-00837,2025-08-08,Pacific Components Co.,APAC,Electronics,ELE-7858,Ocean,BlueWave Lines,DC-South (GA),102,102.0,49.84,32,32.0,2025-09-09,2025-09-09,0.0,Delivered,True,True,5083.68,1.0
PO-2025-00838,2025-08-08,São Paulo Supply,LATAM,Finished Goods,FIN-7385,Ocean,Meridian Shipping,DC-South (GA),95,95.0,77.9,27,21.0,2025-09-04,2025-08-29,0.0,Delivered,True,True,7400.5,1.0
PO-2025-00839,2025-08-09,Monterrey Assembly,LATAM,Finished Goods,FIN-8083,Ground,RoadRunner Freight,DC-Central (TX),74,74.0,78.04,11,10.0,2025-08-20,2025-08-19,0.0,Delivered,True,True,5774.96,1.0
PO-2025-00840,2025-08-09,Monterrey Assembly,LATAM,Components,COM-7232,Ground,RoadRunner Freight,DC-South (GA),612,612.0,10.9,11,6.0,2025-08-20,2025-08-15,0.0,Delivered,True,True,6670.8,1.0
PO-2025-00841,2025-08-09,Pacific Components Co.,APAC,Electronics,ELE-7256,Ocean,BlueWave Lines,DC-East (PA),122,122.0,40.76,35,30.0,2025-09-13,2025-09-08,0.0,Delivered,True,True,4972.72,1.0
PO-2025-00842,2025-08-09,Allegheny Metals,North America,Components,COM-5319,Ground,RoadRunner Freight,DC-East (PA),599,490.0,12.83,8,4.0,2025-08-17,2025-08-13,0.0,Delivered,True,False,7685.17,0.0
PO-2025-00843,2025-08-09,Monterrey Assembly,LATAM,Finished Goods,FIN-5562,Ground,RoadRunner Freight,DC-West (CA),86,86.0,59.42,11,6.0,2025-08-20,2025-08-15,0.0,Delivered,True,True,5110.12,1.0
PO-2025-00844,2025-08-09,Allegheny Metals,North America,Components,COM-1170,Ground,RoadRunner Freight,DC-South (GA),636,636.0,15.52,8,4.0,2025-08-17,2025-08-13,0.0,Delivered,True,True,9870.72,1.0
PO-2025-00845,2025-08-09,Bangalore ElectroTech,APAC,Electronics,ELE-4664,Air,SkyBridge Air Cargo,DC-East (PA),118,118.0,30.68,12,11.0,2025-08-21,2025-08-20,0.0,Delivered,True,True,3620.24,1.0
PO-2025-00846,2025-08-09,Iberia Logistics SA,EMEA,Finished Goods,FIN-2419,Ocean,Meridian Shipping,DC-East (PA),83,83.0,98.86,24,23.0,2025-09-02,2025-09-01,0.0,Delivered,True,True,8205.38,1.0
PO-2025-00847,2025-08-10,Allegheny Metals,North America,Components,COM-5348,Ground,RoadRunner Freight,DC-East (PA),616,616.0,9.16,9,8.0,2025-08-19,2025-08-18,0.0,Delivered,True,True,5642.56,1.0
PO-2025-00848,2025-08-10,Pacific Components Co.,APAC,Components,COM-5670,Ocean,BlueWave Lines,DC-South (GA),610,610.0,14.17,33,29.0,2025-09-12,2025-09-08,0.0,Delivered,True,True,8643.7,1.0
PO-2025-00849,2025-08-10,Shenzhen Precision Ltd,APAC,Electronics,ELE-1861,Ocean,Meridian Shipping,DC-South (GA),100,100.0,43.84,32,25.0,2025-09-11,2025-09-04,0.0,Delivered,True,True,4384.0,1.0
PO-2025-00850,2025-08-10,Allegheny Metals,North America,Raw Materials,RAW-9893,Ground,Continental Trucking,DC-West (CA),2225,2225.0,9.27,8,6.0,2025-08-18,2025-08-16,0.0,Delivered,True,True,20625.75,1.0
PO-2025-00851,2025-08-10,Rhine Components GmbH,EMEA,Electronics,ELE-6328,Air,SkyBridge Air Cargo,DC-Central (TX),142,142.0,53.68,11,6.0,2025-08-21,2025-08-16,0.0,Delivered,True,True,7622.56,1.0
PO-2025-00852,2025-08-10,Shenzhen Precision Ltd,APAC,Electronics,ELE-1127,Ocean,BlueWave Lines,DC-East (PA),127,127.0,39.62,33,28.0,2025-09-12,2025-09-07,0.0,Delivered,True,True,5031.74,1.0
PO-2025-00853,2025-08-10,São Paulo Supply,LATAM,Finished Goods,FIN-8817,Ocean,BlueWave Lines,DC-West (CA),91,86.0,86.06,27,31.0,2025-09-06,2025-09-10,4.0,Delivered,False,False,7831.46,0.0
PO-2025-00854,2025-08-10,Allegheny Metals,North America,Components,COM-9968,Ground,Continental Trucking,DC-South (GA),552,552.0,13.19,7,3.0,2025-08-17,2025-08-13,0.0,Delivered,True,True,7280.88,1.0
PO-2025-00855,2025-08-10,Pacific Components Co.,APAC,Electronics,ELE-3918,Ocean,BlueWave Lines,DC-Central (TX),119,119.0,41.48,33,34.0,2025-09-12,2025-09-13,1.0,Delivered,False,True,4936.12,0.0
PO-2025-00856,2025-08-10,Bangalore ElectroTech,APAC,Electronics,ELE-9943,Air,AeroFast,DC-West (CA),135,135.0,41.49,11,10.0,2025-08-21,2025-08-20,0.0,Delivered,True,True,5601.15,1.0
PO-2025-00857,2025-08-10,Monterrey Assembly,LATAM,Components,COM-3189,Ground,RoadRunner Freight,DC-East (PA),597,597.0,16.06,12,13.0,2025-08-22,2025-08-23,1.0,Delivered,False,True,9587.82,0.0
PO-2025-00858,2025-08-11,Rhine Components GmbH,EMEA,Electronics,ELE-2023,Air,AeroFast,DC-West (CA),113,113.0,52.09,9,7.0,2025-08-20,2025-08-18,0.0,Delivered,True,True,5886.17,1.0
PO-2025-00859,2025-08-11,Bangalore ElectroTech,APAC,Electronics,ELE-7691,Air,AeroFast,DC-West (CA),112,112.0,54.36,12,9.0,2025-08-23,2025-08-20,0.0,Delivered,True,True,6088.32,1.0
PO-2025-00860,2025-08-11,Shenzhen Precision Ltd,APAC,Components,COM-1161,Ocean,Meridian Shipping,DC-East (PA),542,542.0,15.82,31,34.0,2025-09-11,2025-09-14,3.0,Delivered,False,True,8574.44,0.0
PO-2025-00861,2025-08-11,São Paulo Supply,LATAM,Finished Goods,FIN-1908,Ocean,BlueWave Lines,DC-West (CA),89,89.0,81.61,27,26.0,2025-09-07,2025-09-06,0.0,Delivered,True,True,7263.29,1.0
PO-2025-00862,2025-08-11,Iberia Logistics SA,EMEA,Packaging,PAC-7811,Ocean,BlueWave Lines,DC-South (GA),5553,5553.0,1.26,25,25.0,2025-09-05,2025-09-05,0.0,Delivered,True,True,6996.78,1.0
PO-2025-00863,2025-08-11,Monterrey Assembly,LATAM,Components,COM-6280,Ground,RoadRunner Freight,DC-Central (TX),596,596.0,19.38,12,11.0,2025-08-23,2025-08-22,0.0,Delivered,True,True,11550.48,1.0
PO-2025-00864,2025-08-11,São Paulo Supply,LATAM,Raw Materials,RAW-9983,Ocean,BlueWave Lines,DC-South (GA),2251,2251.0,9.95,30,28.0,2025-09-10,2025-09-08,0.0,Delivered,True,True,22397.45,1.0
PO-2025-00865,2025-08-11,Monterrey Assembly,LATAM,Components,COM-4124,Ground,RoadRunner Freight,DC-West (CA),558,558.0,12.64,10,9.0,2025-08-21,2025-08-20,0.0,Delivered,True,True,7053.12,1.0
PO-2025-00866,2025-08-11,Iberia Logistics SA,EMEA,Packaging,PAC-8310,Ocean,Meridian Shipping,DC-West (CA),5461,5461.0,0.82,25,20.0,2025-09-05,2025-08-31,0.0,Delivered,True,True,4478.02,1.0
PO-2025-00867,2025-08-11,São Paulo Supply,LATAM,Raw Materials,RAW-1459,Ocean,BlueWave Lines,DC-Central (TX),2202,2202.0,9.6,29,24.0,2025-09-09,2025-09-04,0.0,Delivered,True,True,21139.2,1.0
PO-2025-00868,2025-08-11,Pacific Components Co.,APAC,Electronics,ELE-3779,Ocean,Meridian Shipping,DC-East (PA),125,125.0,46.33,34,36.0,2025-09-14,2025-09-16,2.0,Delivered,False,True,5791.25,0.0
PO-2025-00869,2025-08-11,Bangalore ElectroTech,APAC,Electronics,ELE-9008,Air,SkyBridge Air Cargo,DC-East (PA),122,122.0,42.58,12,8.0,2025-08-23,2025-08-19,0.0,Delivered,True,True,5194.76,1.0
PO-2025-00870,2025-08-11,Monterrey Assembly,LATAM,Finished Goods,FIN-6218,Ground,RoadRunner Freight,DC-South (GA),81,81.0,99.59,12,10.0,2025-08-23,2025-08-21,0.0,Delivered,True,True,8066.79,1.0
PO-2025-00871,2025-08-11,Iberia Logistics SA,EMEA,Finished Goods,FIN-9795,Ocean,Meridian Shipping,DC-South (GA),90,90.0,96.36,25,17.0,2025-09-05,2025-08-28,0.0,Delivered,True,True,8672.4,1.0
PO-2025-00872,2025-08-11,Monterrey Assembly,LATAM,Finished Goods,FIN-1891,Ground,Continental Trucking,DC-South (GA),80,80.0,90.89,12,10.0,2025-08-23,2025-08-21,0.0,Delivered,True,True,7271.2,1.0
PO-2025-00873,2025-08-11,Iberia Logistics SA,EMEA,Packaging,PAC-5265,Ocean,BlueWave Lines,DC-West (CA),5335,5335.0,0.75,26,19.0,2025-09-06,2025-08-30,0.0,Delivered,True,True,4001.25,1.0
PO-2025-00874,2025-08-12,Shenzhen Precision Ltd,APAC,Components,COM-9438,Ocean,Meridian Shipping,DC-West (CA),572,572.0,11.33,32,31.0,2025-09-13,2025-09-12,0.0,Delivered,True,True,6480.76,1.0
PO-2025-00875,2025-08-12,Shenzhen Precision Ltd,APAC,Components,COM-3001,Ocean,Meridian Shipping,DC-West (CA),558,558.0,19.02,33,26.0,2025-09-14,2025-09-07,0.0,Delivered,True,True,10613.16,1.0
PO-2025-00876,2025-08-12,Shenzhen Precision Ltd,APAC,Components,COM-4415,Ocean,Meridian Shipping,DC-West (CA),600,600.0,6.94,34,33.0,2025-09-15,2025-09-14,0.0,Delivered,True,True,4164.0,1.0
PO-2025-00877,2025-08-12,Shenzhen Precision Ltd,APAC,Components,COM-5563,Ocean,Meridian Shipping,DC-West (CA),615,615.0,9.33,31,25.0,2025-09-12,2025-09-06,0.0,Delivered,True,True,5737.95,1.0
PO-2025-00878,2025-08-12,Rhine Components GmbH,EMEA,Electronics,ELE-4048,Air,AeroFast,DC-South (GA),119,119.0,30.5,8,5.0,2025-08-20,2025-08-17,0.0,Delivered,True,True,3629.5,1.0
PO-2025-00879,2025-08-12,Monterrey Assembly,LATAM,Finished Goods,FIN-1236,Ground,RoadRunner Freight,DC-South (GA),77,77.0,114.03,11,10.0,2025-08-23,2025-08-22,0.0,Delivered,True,True,8780.31,1.0
PO-2025-00880,2025-08-13,Shenzhen Precision Ltd,APAC,Components,COM-8807,Ocean,BlueWave Lines,DC-Central (TX),583,583.0,17.58,31,34.0,2025-09-13,2025-09-16,3.0,Delivered,False,True,10249.14,0.0
PO-2025-00881,2025-08-13,Shenzhen Precision Ltd,APAC,Electronics,ELE-5531,Ocean,BlueWave Lines,DC-South (GA),124,124.0,45.36,31,31.0,2025-09-13,2025-09-13,0.0,Delivered,True,True,5624.64,1.0
PO-2025-00882,2025-08-13,Shenzhen Precision Ltd,APAC,Components,COM-2041,Ocean,Meridian Shipping,DC-Central (TX),580,580.0,13.76,32,30.0,2025-09-14,2025-09-12,0.0,Delivered,True,True,7980.8,1.0
PO-2025-00883,2025-08-13,Iberia Logistics SA,EMEA,Packaging,PAC-4156,Ocean,BlueWave Lines,DC-Central (TX),5382,5382.0,1.67,24,26.0,2025-09-06,2025-09-08,2.0,Delivered,False,True,8987.94,0.0
PO-2025-00884,2025-08-13,Rhine Components GmbH,EMEA,Components,COM-3819,Air,SkyBridge Air Cargo,DC-Central (TX),644,644.0,16.31,10,6.0,2025-08-23,2025-08-19,0.0,Delivered,True,True,10503.64,1.0
PO-2025-00885,2025-08-14,Bangalore ElectroTech,APAC,Electronics,ELE-8420,Air,AeroFast,DC-East (PA),127,127.0,66.08,11,10.0,2025-08-25,2025-08-24,0.0,Delivered,True,True,8392.16,1.0
PO-2025-00886,2025-08-14,Allegheny Metals,North America,Components,COM-1650,Ground,RoadRunner Freight,DC-East (PA),603,603.0,19.82,5,1.0,2025-08-19,2025-08-15,0.0,Delivered,True,True,11951.46,1.0
PO-2025-00887,2025-08-14,Iberia Logistics SA,EMEA,Finished Goods,FIN-7222,Ocean,Meridian Shipping,DC-South (GA),100,100.0,65.72,24,18.0,2025-09-07,2025-09-01,0.0,Delivered,True,True,6572.0,1.0
PO-2025-00888,2025-08-14,Iberia Logistics SA,EMEA,Finished Goods,FIN-8208,Ocean,BlueWave Lines,DC-South (GA),84,84.0,65.81,24,20.0,2025-09-07,2025-09-03,0.0,Delivered,True,True,5528.04,1.0
PO-2025-00889,2025-08-14,Iberia Logistics SA,EMEA,Finished Goods,FIN-5255,Ocean,Meridian Shipping,DC-West (CA),115,115.0,43.79,26,19.0,2025-09-09,2025-09-02,0.0,Delivered,True,True,5035.85,1.0
PO-2025-00890,2025-08-14,Bangalore ElectroTech,APAC,Electronics,ELE-5602,Air,AeroFast,DC-West (CA),139,139.0,59.33,12,10.0,2025-08-26,2025-08-24,0.0,Delivered,True,True,8246.87,1.0
PO-2025-00891,2025-08-15,Pacific Components Co.,APAC,Components,COM-3317,Ocean,BlueWave Lines,DC-West (CA),601,601.0,14.71,33,35.0,2025-09-17,2025-09-19,2.0,Delivered,False,True,8840.71,0.0
PO-2025-00892,2025-08-15,Shenzhen Precision Ltd,APAC,Electronics,ELE-9810,Ocean,Meridian Shipping,DC-Central (TX),121,121.0,55.53,33,31.0,2025-09-17,2025-09-15,0.0,Delivered,True,True,6719.13,1.0
PO-2025-00893,2025-08-15,Great Lakes Packaging,North America,Packaging,PAC-9833,Ground,RoadRunner Freight,DC-East (PA),5447,5447.0,1.03,7,6.0,2025-08-22,2025-08-21,0.0,Delivered,True,True,5610.41,1.0
PO-2025-00894,2025-08-15,Shenzhen Precision Ltd,APAC,Electronics,ELE-4419,Ocean,BlueWave Lines,DC-West (CA),110,110.0,32.24,31,28.0,2025-09-15,2025-09-12,0.0,Delivered,True,True,3546.4,1.0
PO-2025-00895,2025-08-15,São Paulo Supply,LATAM,Finished Goods,FIN-5366,Ocean,BlueWave Lines,DC-West (CA),71,71.0,58.34,28,21.0,2025-09-12,2025-09-05,0.0,Delivered,True,True,4142.14,1.0
PO-2025-00896,2025-08-15,Monterrey Assembly,LATAM,Finished Goods,FIN-9617,Ground,RoadRunner Freight,DC-Central (TX),89,89.0,69.29,11,7.0,2025-08-26,2025-08-22,0.0,Delivered,True,True,6166.81,1.0
PO-2025-00897,2025-08-15,Iberia Logistics SA,EMEA,Finished Goods,FIN-7403,Ocean,BlueWave Lines,DC-East (PA),69,69.0,76.03,23,22.0,2025-09-07,2025-09-06,0.0,Delivered,True,True,5246.07,1.0
PO-2025-00898,2025-08-16,Monterrey Assembly,LATAM,Components,COM-4426,Ground,Continental Trucking,DC-East (PA),608,608.0,10.71,12,8.0,2025-08-28,2025-08-24,0.0,Delivered,True,True,6511.68,1.0
PO-2025-00899,2025-08-16,Shenzhen Precision Ltd,APAC,Electronics,ELE-9041,Ocean,BlueWave Lines,DC-West (CA),137,137.0,43.38,32,31.0,2025-09-17,2025-09-16,0.0,Delivered,True,True,5943.06,1.0
PO-2025-00900,2025-08-16,Rhine Components GmbH,EMEA,Components,COM-9823,Air,AeroFast,DC-Central (TX),570,570.0,11.89,9,6.0,2025-08-25,2025-08-22,0.0,Delivered,True,True,6777.3,1.0
PO-2025-00901,2025-08-16,Allegheny Metals,North America,Raw Materials,RAW-2786,Ground,Continental Trucking,DC-East (PA),2160,2160.0,6.18,6,2.0,2025-08-22,2025-08-18,0.0,Delivered,True,True,13348.8,1.0
PO-2025-00902,2025-08-17,Bangalore ElectroTech,APAC,Electronics,ELE-2083,Air,SkyBridge Air Cargo,DC-East (PA),101,101.0,46.57,10,5.0,2025-08-27,2025-08-22,0.0,Delivered,True,True,4703.57,1.0
PO-2025-00903,2025-08-17,Iberia Logistics SA,EMEA,Packaging,PAC-9987,Ocean,BlueWave Lines,DC-Central (TX),5494,5494.0,1.49,25,20.0,2025-09-11,2025-09-06,0.0,Delivered,True,True,8186.06,1.0
PO-2025-00904,2025-08-17,Pacific Components Co.,APAC,Components,COM-9030,Ocean,BlueWave Lines,DC-East (PA),567,531.0,16.35,34,34.0,2025-09-20,2025-09-20,0.0,Delivered,True,False,9270.45,0.0
PO-2025-00905,2025-08-17,São Paulo Supply,LATAM,Raw Materials,RAW-4629,Ocean,BlueWave Lines,DC-West (CA),2126,2126.0,8.95,30,29.0,2025-09-16,2025-09-15,0.0,Delivered,True,True,19027.7,1.0
PO-2025-00906,2025-08-17,Bangalore ElectroTech,APAC,Electronics,ELE-6984,Air,AeroFast,DC-Central (TX),138,138.0,48.64,14,12.0,2025-08-31,2025-08-29,0.0,Delivered,True,True,6712.32,1.0
PO-2025-00907,2025-08-17,Rhine Components GmbH,EMEA,Components,COM-6127,Air,SkyBridge Air Cargo,DC-West (CA),590,590.0,12.52,8,3.0,2025-08-25,2025-08-20,0.0,Delivered,True,True,7386.8,1.0
PO-2025-00908,2025-08-17,Shenzhen Precision Ltd,APAC,Components,COM-4869,Ocean,Meridian Shipping,DC-East (PA),607,501.0,17.44,33,29.0,2025-09-19,2025-09-15,0.0,Delivered,True,False,10586.08,0.0
PO-2025-00909,2025-08-17,Monterrey Assembly,LATAM,Components,COM-8966,Ground,Continental Trucking,DC-South (GA),615,615.0,18.64,12,11.0,2025-08-29,2025-08-28,0.0,Delivered,True,True,11463.6,1.0
PO-2025-00910,2025-08-17,São Paulo Supply,LATAM,Finished Goods,FIN-9241,Ocean,BlueWave Lines,DC-Central (TX),91,91.0,71.37,31,28.0,2025-09-17,2025-09-14,0.0,Delivered,True,True,6494.67,1.0
PO-2025-00911,2025-08-17,Iberia Logistics SA,EMEA,Finished Goods,FIN-5210,Ocean,BlueWave Lines,DC-East (PA),80,80.0,96.99,22,19.0,2025-09-08,2025-09-05,0.0,Delivered,True,True,7759.2,1.0
PO-2025-00912,2025-08-17,Allegheny Metals,North America,Raw Materials,RAW-1718,Ground,RoadRunner Freight,DC-South (GA),2182,2182.0,6.43,7,3.0,2025-08-24,2025-08-20,0.0,Delivered,True,True,14030.26,1.0
PO-2025-00913,2025-08-17,Rhine Components GmbH,EMEA,Components,COM-9842,Air,SkyBridge Air Cargo,DC-Central (TX),545,545.0,16.37,10,7.0,2025-08-27,2025-08-24,0.0,Delivered,True,True,8921.65,1.0
PO-2025-00914,2025-08-17,Pacific Components Co.,APAC,Components,COM-8393,Ocean,BlueWave Lines,DC-East (PA),623,623.0,18.18,33,33.0,2025-09-19,2025-09-19,0.0,Delivered,True,True,11326.14,1.0
PO-2025-00915,2025-08-18,Great Lakes Packaging,North America,Packaging,PAC-4894,Ground,RoadRunner Freight,DC-West (CA),5413,5413.0,1.31,8,3.0,2025-08-26,2025-08-21,0.0,Delivered,True,True,7091.03,1.0
PO-2025-00916,2025-08-18,Allegheny Metals,North America,Raw Materials,RAW-9641,Ground,RoadRunner Freight,DC-East (PA),2216,2216.0,11.93,7,4.0,2025-08-25,2025-08-22,0.0,Delivered,True,True,26436.88,1.0
PO-2025-00917,2025-08-18,Monterrey Assembly,LATAM,Finished Goods,FIN-7674,Ground,RoadRunner Freight,DC-South (GA),87,87.0,76.0,13,12.0,2025-08-31,2025-08-30,0.0,Delivered,True,True,6612.0,1.0
PO-2025-00918,2025-08-18,São Paulo Supply,LATAM,Raw Materials,RAW-8005,Ocean,BlueWave Lines,DC-South (GA),2181,2181.0,8.9,28,23.0,2025-09-15,2025-09-10,0.0,Delivered,True,True,19410.9,1.0
PO-2025-00919,2025-08-18,Allegheny Metals,North America,Raw Materials,RAW-1705,Ground,RoadRunner Freight,DC-Central (TX),2141,2141.0,10.41,7,3.0,2025-08-25,2025-08-21,0.0,Delivered,True,True,22287.81,1.0
PO-2025-00920,2025-08-18,Iberia Logistics SA,EMEA,Finished Goods,FIN-1524,Ocean,Meridian Shipping,DC-South (GA),91,91.0,95.98,23,19.0,2025-09-10,2025-09-06,0.0,Delivered,True,True,8734.18,1.0
PO-2025-00921,2025-08-18,Bangalore ElectroTech,APAC,Electronics,ELE-4828,Air,SkyBridge Air Cargo,DC-South (GA),108,108.0,31.31,11,7.0,2025-08-29,2025-08-25,0.0,Delivered,True,True,3381.48,1.0
PO-2025-00922,2025-08-18,Great Lakes Packaging,North America,Packaging,PAC-1192,Ground,Continental Trucking,DC-Central (TX),5458,5458.0,1.01,5,1.0,2025-08-23,2025-08-19,0.0,Delivered,True,True,5512.58,1.0
PO-2025-00923,2025-08-18,Allegheny Metals,North America,Raw Materials,RAW-2003,Ground,Continental Trucking,DC-West (CA),2193,2193.0,10.03,6,3.0,2025-08-24,2025-08-21,0.0,Delivered,True,True,21995.79,1.0
PO-2025-00924,2025-08-18,Shenzhen Precision Ltd,APAC,Components,COM-9013,Ocean,BlueWave Lines,DC-East (PA),580,580.0,20.32,32,28.0,2025-09-19,2025-09-15,0.0,Delivered,True,True,11785.6,1.0
PO-2025-00925,2025-08-18,Rhine Components GmbH,EMEA,Electronics,ELE-6321,Air,AeroFast,DC-Central (TX),120,120.0,35.54,7,1.0,2025-08-25,2025-08-19,0.0,Delivered,True,True,4264.8,1.0
PO-2025-00926,2025-08-19,Monterrey Assembly,LATAM,Finished Goods,FIN-5178,Ground,Continental Trucking,DC-South (GA),102,84.0,82.11,10,9.0,2025-08-29,2025-08-28,0.0,Delivered,True,False,8375.22,0.0
PO-2025-00927,2025-08-19,Rhine Components GmbH,EMEA,Electronics,ELE-9791,Air,SkyBridge Air Cargo,DC-Central (TX),110,110.0,33.58,10,5.0,2025-08-29,2025-08-24,0.0,Delivered,True,True,3693.8,1.0
PO-2025-00928,2025-08-19,São Paulo Supply,LATAM,Finished Goods,FIN-5624,Ocean,BlueWave Lines,DC-West (CA),82,82.0,94.96,27,25.0,2025-09-15,2025-09-13,0.0,Delivered,True,True,7786.72,1.0
PO-2025-00929,2025-08-19,Pacific Components Co.,APAC,Electronics,ELE-5516,Ocean,Meridian Shipping,DC-East (PA),134,134.0,36.31,34,33.0,2025-09-22,2025-09-21,0.0,Delivered,True,True,4865.54,1.0
PO-2025-00930,2025-08-19,Bangalore ElectroTech,APAC,Electronics,ELE-9665,Air,AeroFast,DC-East (PA),108,108.0,34.8,12,8.0,2025-08-31,2025-08-27,0.0,Delivered,True,True,3758.4,1.0
PO-2025-00931,2025-08-19,Allegheny Metals,North America,Components,COM-2147,Ground,Continental Trucking,DC-Central (TX),576,576.0,10.33,8,6.0,2025-08-27,2025-08-25,0.0,Delivered,True,True,5950.08,1.0
PO-2025-00932,2025-08-19,Iberia Logistics SA,EMEA,Packaging,PAC-2950,Ocean,BlueWave Lines,DC-East (PA),5341,5341.0,0.91,22,23.0,2025-09-10,2025-09-11,1.0,Delivered,False,True,4860.31,0.0
PO-2025-00933,2025-08-19,São Paulo Supply,LATAM,Raw Materials,RAW-7372,Ocean,BlueWave Lines,DC-South (GA),2237,2237.0,6.44,28,24.0,2025-09-16,2025-09-12,0.0,Delivered,True,True,14406.28,1.0
PO-2025-00934,2025-08-20,Monterrey Assembly,LATAM,Finished Goods,FIN-9079,Ground,Continental Trucking,DC-East (PA),76,76.0,75.8,11,8.0,2025-08-31,2025-08-28,0.0,Delivered,True,True,5760.8,1.0
PO-2025-00935,2025-08-20,Great Lakes Packaging,North America,Packaging,PAC-9593,Ground,Continental Trucking,DC-West (CA),5360,5360.0,1.66,5,3.0,2025-08-25,2025-08-23,0.0,Delivered,True,True,8897.6,1.0
PO-2025-00936,2025-08-20,Pacific Components Co.,APAC,Electronics,ELE-6866,Ocean,BlueWave Lines,DC-East (PA),137,137.0,38.52,36,39.0,2025-09-25,2025-09-28,3.0,Delivered,False,True,5277.24,0.0
PO-2025-00937,2025-08-20,Monterrey Assembly,LATAM,Components,COM-5124,Ground,RoadRunner Freight,DC-Central (TX),618,618.0,18.99,11,8.0,2025-08-31,2025-08-28,0.0,Delivered,True,True,11735.82,1.0
PO-2025-00938,2025-08-20,Great Lakes Packaging,North America,Packaging,PAC-4404,Ground,Continental Trucking,DC-East (PA),5338,5338.0,0.92,6,3.0,2025-08-26,2025-08-23,0.0,Delivered,True,True,4910.96,1.0
PO-2025-00939,2025-08-20,Shenzhen Precision Ltd,APAC,Components,COM-4885,Ocean,BlueWave Lines,DC-West (CA),606,606.0,14.88,31,29.0,2025-09-20,2025-09-18,0.0,Delivered,True,True,9017.28,1.0
PO-2025-00940,2025-08-20,Rhine Components GmbH,EMEA,Components,COM-9285,Air,SkyBridge Air Cargo,DC-South (GA),572,572.0,12.64,10,9.0,2025-08-30,2025-08-29,0.0,Delivered,True,True,7230.08,1.0
PO-2025-00941,2025-08-20,Iberia Logistics SA,EMEA,Finished Goods,FIN-4300,Ocean,BlueWave Lines,DC-West (CA),84,84.0,72.47,25,26.0,2025-09-14,2025-09-15,1.0,Delivered,False,True,6087.48,0.0
PO-2025-00942,2025-08-20,Iberia Logistics SA,EMEA,Finished Goods,FIN-7169,Ocean,BlueWave Lines,DC-East (PA),103,103.0,100.15,24,24.0,2025-09-13,2025-09-13,0.0,Delivered,True,True,10315.45,1.0
PO-2025-00943,2025-08-20,São Paulo Supply,LATAM,Raw Materials,RAW-1437,Ocean,Meridian Shipping,DC-West (CA),2187,2187.0,5.88,29,26.0,2025-09-18,2025-09-15,0.0,Delivered,True,True,12859.56,1.0
PO-2025-00944,2025-08-20,Monterrey Assembly,LATAM,Finished Goods,FIN-6938,Ground,RoadRunner Freight,DC-South (GA),85,85.0,68.61,10,9.0,2025-08-30,2025-08-29,0.0,Delivered,True,True,5831.85,1.0
PO-2025-00945,2025-08-20,Allegheny Metals,North America,Components,COM-3877,Ground,RoadRunner Freight,DC-Central (TX),536,536.0,21.18,7,5.0,2025-08-27,2025-08-25,0.0,Delivered,True,True,11352.48,1.0
PO-2025-00946,2025-08-21,Bangalore ElectroTech,APAC,Electronics,ELE-4350,Air,SkyBridge Air Cargo,DC-West (CA),120,120.0,42.24,12,7.0,2025-09-02,2025-08-28,0.0,Delivered,True,True,5068.8,1.0
PO-2025-00947,2025-08-21,Shenzhen Precision Ltd,APAC,Electronics,ELE-1196,Ocean,BlueWave Lines,DC-Central (TX),120,120.0,47.81,34,33.0,2025-09-24,2025-09-23,0.0,Delivered,True,True,5737.2,1.0
PO-2025-00948,2025-08-21,Pacific Components Co.,APAC,Components,COM-4651,Ocean,Meridian Shipping,DC-East (PA),560,560.0,18.92,33,26.0,2025-09-23,2025-09-16,0.0,Delivered,True,True,10595.2,1.0
PO-2025-00949,2025-08-21,Rhine Components GmbH,EMEA,Electronics,ELE-6463,Air,AeroFast,DC-West (CA),121,121.0,43.25,9,8.0,2025-08-30,2025-08-29,0.0,Delivered,True,True,5233.25,1.0
PO-2025-00950,2025-08-21,Bangalore ElectroTech,APAC,Electronics,ELE-6535,Air,AeroFast,DC-East (PA),138,138.0,42.25,12,10.0,2025-09-02,2025-08-31,0.0,Delivered,True,True,5830.5,1.0
PO-2025-00951,2025-08-21,Iberia Logistics SA,EMEA,Finished Goods,FIN-2770,Ocean,BlueWave Lines,DC-East (PA),78,63.0,83.24,25,19.0,2025-09-15,2025-09-09,0.0,Delivered,True,False,6492.72,0.0
PO-2025-00952,2025-08-21,Shenzhen Precision Ltd,APAC,Electronics,ELE-6378,Ocean,BlueWave Lines,DC-South (GA),111,111.0,31.1,31,28.0,2025-09-21,2025-09-18,0.0,Delivered,True,True,3452.1,1.0
PO-2025-00953,2025-08-21,Iberia Logistics SA,EMEA,Packaging,PAC-6066,Ocean,BlueWave Lines,DC-South (GA),5394,5394.0,1.76,24,21.0,2025-09-14,2025-09-11,0.0,Delivered,True,True,9493.44,1.0
PO-2025-00954,2025-08-21,Pacific Components Co.,APAC,Components,COM-7750,Ocean,Meridian Shipping,DC-South (GA),631,631.0,10.31,34,30.0,2025-09-24,2025-09-20,0.0,Delivered,True,True,6505.61,1.0
PO-2025-00955,2025-08-22,Great Lakes Packaging,North America,Packaging,PAC-8497,Ground,Continental Trucking,DC-East (PA),5466,5466.0,1.16,6,4.0,2025-08-28,2025-08-26,0.0,Delivered,True,True,6340.56,1.0
PO-2025-00956,2025-08-22,Pacific Components Co.,APAC,Components,COM-5902,Ocean,BlueWave Lines,DC-South (GA),631,631.0,7.16,34,30.0,2025-09-25,2025-09-21,0.0,Delivered,True,True,4517.96,1.0
PO-2025-00957,2025-08-22,Iberia Logistics SA,EMEA,Packaging,PAC-6525,Ocean,Meridian Shipping,DC-East (PA),5372,5372.0,0.65,22,19.0,2025-09-13,2025-09-10,0.0,Delivered,True,True,3491.8,1.0
PO-2025-00958,2025-08-22,São Paulo Supply,LATAM,Finished Goods,FIN-1166,Ocean,BlueWave Lines,DC-South (GA),80,66.0,72.27,28,25.0,2025-09-19,2025-09-16,0.0,Delivered,True,False,5781.6,0.0
PO-2025-00959,2025-08-22,Monterrey Assembly,LATAM,Finished Goods,FIN-2230,Ground,RoadRunner Freight,DC-East (PA),84,84.0,71.14,12,7.0,2025-09-03,2025-08-29,0.0,Delivered,True,True,5975.76,1.0
PO-2025-00960,2025-08-23,Pacific Components Co.,APAC,Components,COM-1437,Ocean,Meridian Shipping,DC-West (CA),596,546.0,12.67,34,36.0,2025-09-26,2025-09-28,2.0,Delivered,False,False,7551.32,0.0
PO-2025-00961,2025-08-23,Bangalore ElectroTech,APAC,Electronics,ELE-4696,Air,SkyBridge Air Cargo,DC-East (PA),117,117.0,44.86,11,9.0,2025-09-03,2025-09-01,0.0,Delivered,True,True,5248.62,1.0
PO-2025-00962,2025-08-23,Pacific Components Co.,APAC,Components,COM-4845,Ocean,Meridian Shipping,DC-Central (TX),587,587.0,15.6,35,31.0,2025-09-27,2025-09-23,0.0,Delivered,True,True,9157.2,1.0
PO-2025-00963,2025-08-23,Iberia Logistics SA,EMEA,Finished Goods,FIN-4851,Ocean,BlueWave Lines,DC-South (GA),91,91.0,105.03,24,22.0,2025-09-16,2025-09-14,0.0,Delivered,True,True,9557.73,1.0
PO-2025-00964,2025-08-23,Pacific Components Co.,APAC,Electronics,ELE-2832,Ocean,Meridian Shipping,DC-Central (TX),132,132.0,43.28,33,33.0,2025-09-25,2025-09-25,0.0,Delivered,True,True,5712.96,1.0
PO-2025-00965,2025-08-23,Monterrey Assembly,LATAM,Finished Goods,FIN-5521,Ground,Continental Trucking,DC-West (CA),93,93.0,78.39,11,10.0,2025-09-03,2025-09-02,0.0,Delivered,True,True,7290.27,1.0
PO-2025-00966,2025-08-23,Shenzhen Precision Ltd,APAC,Electronics,ELE-4254,Ocean,Meridian Shipping,DC-West (CA),135,115.0,19.72,32,29.0,2025-09-24,2025-09-21,0.0,Delivered,True,False,2662.2,0.0
PO-2025-00967,2025-08-24,Rhine Components GmbH,EMEA,Components,COM-9880,Air,SkyBridge Air Cargo,DC-Central (TX),625,625.0,15.55,10,6.0,2025-09-03,2025-08-30,0.0,Delivered,True,True,9718.75,1.0
PO-2025-00968,2025-08-24,Rhine Components GmbH,EMEA,Electronics,ELE-1095,Air,AeroFast,DC-South (GA),118,118.0,46.37,8,1.0,2025-09-01,2025-08-25,0.0,Delivered,True,True,5471.66,1.0
PO-2025-00969,2025-08-24,Rhine Components GmbH,EMEA,Components,COM-6976,Air,SkyBridge Air Cargo,DC-East (PA),626,626.0,14.56,10,9.0,2025-09-03,2025-09-02,0.0,Delivered,True,True,9114.56,1.0
PO-2025-00970,2025-08-24,Bangalore ElectroTech,APAC,Electronics,ELE-3782,Air,SkyBridge Air Cargo,DC-West (CA),119,119.0,24.26,13,12.0,2025-09-06,2025-09-05,0.0,Delivered,True,True,2886.94,1.0
PO-2025-00971,2025-08-25,Pacific Components Co.,APAC,Electronics,ELE-7612,Ocean,BlueWave Lines,DC-Central (TX),113,113.0,43.15,34,34.0,2025-09-28,2025-09-28,0.0,Delivered,True,True,4875.95,1.0
PO-2025-00972,2025-08-25,Iberia Logistics SA,EMEA,Packaging,PAC-7268,Ocean,BlueWave Lines,DC-Central (TX),5382,5382.0,1.26,25,22.0,2025-09-19,2025-09-16,0.0,Delivered,True,True,6781.32,1.0
PO-2025-00973,2025-08-25,São Paulo Supply,LATAM,Raw Materials,RAW-1672,Ocean,Meridian Shipping,DC-East (PA),2176,2176.0,4.45,27,27.0,2025-09-21,2025-09-21,0.0,Delivered,True,True,9683.2,1.0
PO-2025-00974,2025-08-25,Monterrey Assembly,LATAM,Finished Goods,FIN-1443,Ground,Continental Trucking,DC-Central (TX),94,94.0,81.22,11,8.0,2025-09-05,2025-09-02,0.0,Delivered,True,True,7634.68,1.0
PO-2025-00975,2025-08-25,Great Lakes Packaging,North America,Packaging,PAC-3100,Ground,RoadRunner Freight,DC-West (CA),5325,5325.0,0.87,7,4.0,2025-09-01,2025-08-29,0.0,Delivered,True,True,4632.75,1.0
PO-2025-00976,2025-08-25,São Paulo Supply,LATAM,Finished Goods,FIN-7346,Ocean,BlueWave Lines,DC-West (CA),75,75.0,70.64,29,28.0,2025-09-23,2025-09-22,0.0,Delivered,True,True,5298.0,1.0
PO-2025-00977,2025-08-25,São Paulo Supply,LATAM,Finished Goods,FIN-8791,Ocean,Meridian Shipping,DC-South (GA),82,82.0,94.77,27,24.0,2025-09-21,2025-09-18,0.0,Delivered,True,True,7771.14,1.0
PO-2025-00978,2025-08-25,Rhine Components GmbH,EMEA,Electronics,ELE-3049,Air,SkyBridge Air Cargo,DC-East (PA),103,92.0,40.23,9,7.0,2025-09-03,2025-09-01,0.0,Delivered,True,False,4143.69,0.0
PO-2025-00979,2025-08-25,Shenzhen Precision Ltd,APAC,Components,COM-5345,Ocean,BlueWave Lines,DC-South (GA),589,589.0,16.77,32,28.0,2025-09-26,2025-09-22,0.0,Delivered,True,True,9877.53,1.0
PO-2025-00980,2025-08-26,São Paulo Supply,LATAM,Raw Materials,RAW-9606,Ocean,Meridian Shipping,DC-West (CA),2150,2150.0,9.97,28,24.0,2025-09-23,2025-09-19,0.0,Delivered,True,True,21435.5,1.0
PO-2025-00981,2025-08-26,Great Lakes Packaging,North America,Packaging,PAC-3027,Ground,RoadRunner Freight,DC-East (PA),5442,5442.0,1.4,6,3.0,2025-09-01,2025-08-29,0.0,Delivered,True,True,7618.8,1.0
PO-2025-00982,2025-08-26,Iberia Logistics SA,EMEA,Packaging,PAC-8782,Ocean,BlueWave Lines,DC-East (PA),5446,5446.0,1.6,26,24.0,2025-09-21,2025-09-19,0.0,Delivered,True,True,8713.6,1.0
PO-2025-00983,2025-08-26,São Paulo Supply,LATAM,Raw Materials,RAW-5398,Ocean,BlueWave Lines,DC-Central (TX),2163,2163.0,5.78,28,25.0,2025-09-23,2025-09-20,0.0,Delivered,True,True,12502.14,1.0
PO-2025-00984,2025-08-26,Monterrey Assembly,LATAM,Components,COM-1559,Ground,RoadRunner Freight,DC-East (PA),590,590.0,14.44,12,7.0,2025-09-07,2025-09-02,0.0,Delivered,True,True,8519.6,1.0
PO-2025-00985,2025-08-26,Great Lakes Packaging,North America,Packaging,PAC-1534,Ground,RoadRunner Freight,DC-Central (TX),5421,5421.0,1.14,4,1.0,2025-08-30,2025-08-27,0.0,Delivered,True,True,6179.94,1.0
PO-2025-00986,2025-08-26,Monterrey Assembly,LATAM,Components,COM-7302,Ground,RoadRunner Freight,DC-East (PA),589,589.0,23.97,12,9.0,2025-09-07,2025-09-04,0.0,Delivered,True,True,14118.33,1.0
PO-2025-00987,2025-08-26,Shenzhen Precision Ltd,APAC,Electronics,ELE-4767,Ocean,BlueWave Lines,DC-West (CA),113,113.0,49.94,33,35.0,2025-09-28,2025-09-30,2.0,Delivered,False,True,5643.22,0.0
PO-2025-00988,2025-08-26,Allegheny Metals,North America,Components,COM-7240,Ground,Continental Trucking,DC-West (CA),592,592.0,9.48,7,7.0,2025-09-02,2025-09-02,0.0,Delivered,True,True,5612.16,1.0
PO-2025-00989,2025-08-27,Shenzhen Precision Ltd,APAC,Components,COM-6978,Ocean,BlueWave Lines,DC-Central (TX),549,549.0,14.52,30,27.0,2025-09-26,2025-09-23,0.0,Delivered,True,True,7971.48,1.0
PO-2025-00990,2025-08-27,Iberia Logistics SA,EMEA,Packaging,PAC-1148,Ocean,BlueWave Lines,DC-Central (TX),5403,5403.0,1.62,25,20.0,2025-09-21,2025-09-16,0.0,Delivered,True,True,8752.86,1.0
PO-2025-00991,2025-08-27,Great Lakes Packaging,North America,Packaging,PAC-5229,Ground,Continental Trucking,DC-South (GA),5472,5472.0,1.42,7,3.0,2025-09-03,2025-08-30,0.0,Delivered,True,True,7770.24,1.0
PO-2025-00992,2025-08-27,Pacific Components Co.,APAC,Electronics,ELE-5251,Ocean,Meridian Shipping,DC-South (GA),131,131.0,45.71,32,28.0,2025-09-28,2025-09-24,0.0,Delivered,True,True,5988.01,1.0
PO-2025-00993,2025-08-27,Pacific Components Co.,APAC,Electronics,ELE-7082,Ocean,BlueWave Lines,DC-South (GA),136,136.0,32.76,35,34.0,2025-10-01,2025-09-30,0.0,Delivered,True,True,4455.36,1.0
PO-2025-00994,2025-08-27,Shenzhen Precision Ltd,APAC,Components,COM-3992,Ocean,BlueWave Lines,DC-South (GA),627,627.0,16.77,33,31.0,2025-09-29,2025-09-27,0.0,Delivered,True,True,10514.79,1.0
PO-2025-00995,2025-08-27,Monterrey Assembly,LATAM,Finished Goods,FIN-9469,Ground,Continental Trucking,DC-East (PA),85,85.0,49.45,11,8.0,2025-09-07,2025-09-04,0.0,Delivered,True,True,4203.25,1.0
PO-2025-00996,2025-08-27,Allegheny Metals,North America,Raw Materials,RAW-3401,Ground,Continental Trucking,DC-East (PA),2181,2181.0,8.2,6,1.0,2025-09-02,2025-08-28,0.0,Delivered,True,True,17884.2,1.0
PO-2025-00997,2025-08-27,Monterrey Assembly,LATAM,Components,COM-8667,Ground,RoadRunner Freight,DC-West (CA),591,591.0,13.27,11,9.0,2025-09-07,2025-09-05,0.0,Delivered,True,True,7842.57,1.0
PO-2025-00998,2025-08-27,Iberia Logistics SA,EMEA,Packaging,PAC-6090,Ocean,BlueWave Lines,DC-East (PA),5398,5398.0,0.67,24,22.0,2025-09-20,2025-09-18,0.0,Delivered,True,True,3616.66,1.0
PO-2025-00999,2025-08-27,Rhine Components GmbH,EMEA,Electronics,ELE-5915,Air,AeroFast,DC-East (PA),104,104.0,29.85,9,7.0,2025-09-05,2025-09-03,0.0,Delivered,True,True,3104.4,1.0
PO-2025-01000,2025-08-28,Rhine Components GmbH,EMEA,Components,COM-3399,Air,SkyBridge Air Cargo,DC-West (CA),633,633.0,22.68,9,5.0,2025-09-06,2025-09-02,0.0,Delivered,True,True,14356.44,1.0
PO-2025-01001,2025-08-28,Rhine Components GmbH,EMEA,Components,COM-7177,Air,AeroFast,DC-West (CA),577,474.0,7.09,9,2.0,2025-09-06,2025-08-30,0.0,Delivered,True,False,4090.93,0.0
PO-2025-01002,2025-08-28,Monterrey Assembly,LATAM,Components,COM-9790,Ground,RoadRunner Freight,DC-West (CA),600,600.0,16.38,11,8.0,2025-09-08,2025-09-05,0.0,Delivered,True,True,9828.0,1.0
PO-2025-01003,2025-08-28,Shenzhen Precision Ltd,APAC,Components,COM-3407,Ocean,BlueWave Lines,DC-East (PA),586,586.0,20.37,30,25.0,2025-09-27,2025-09-22,0.0,Delivered,True,True,11936.82,1.0
PO-2025-01004,2025-08-28,Shenzhen Precision Ltd,APAC,Electronics,ELE-8091,Ocean,BlueWave Lines,DC-South (GA),113,113.0,43.77,33,37.0,2025-09-30,2025-10-04,4.0,Delivered,False,True,4946.01,0.0
PO-2025-01005,2025-08-28,Rhine Components GmbH,EMEA,Electronics,ELE-8863,Air,AeroFast,DC-Central (TX),127,127.0,45.69,9,6.0,2025-09-06,2025-09-03,0.0,Delivered,True,True,5802.63,1.0
PO-2025-01006,2025-08-28,Shenzhen Precision Ltd,APAC,Components,COM-9825,Ocean,BlueWave Lines,DC-South (GA),562,459.0,11.2,34,33.0,2025-10-01,2025-09-30,0.0,Delivered,True,False,6294.4,0.0
PO-2025-01007,2025-08-28,São Paulo Supply,LATAM,Raw Materials,RAW-7671,Ocean,Meridian Shipping,DC-East (PA),2268,2268.0,7.73,29,29.0,2025-09-26,2025-09-26,0.0,Delivered,True,True,17531.64,1.0
PO-2025-01008,2025-08-28,São Paulo Supply,LATAM,Raw Materials,RAW-3620,Ocean,Meridian Shipping,DC-South (GA),2216,2216.0,9.91,27,31.0,2025-09-24,2025-09-28,4.0,Delivered,False,True,21960.56,0.0
PO-2025-01009,2025-08-28,Monterrey Assembly,LATAM,Finished Goods,FIN-4458,Ground,RoadRunner Freight,DC-Central (TX),100,100.0,85.38,10,9.0,2025-09-07,2025-09-06,0.0,Delivered,True,True,8538.0,1.0
PO-2025-01010,2025-08-29,Monterrey Assembly,LATAM,Components,COM-4059,Ground,RoadRunner Freight,DC-South (GA),566,566.0,17.72,10,10.0,2025-09-08,2025-09-08,0.0,Delivered,True,True,10029.52,1.0
PO-2025-01011,2025-08-29,Pacific Components Co.,APAC,Electronics,ELE-6371,Ocean,Meridian Shipping,DC-West (CA),124,124.0,39.9,35,31.0,2025-10-03,2025-09-29,0.0,Delivered,True,True,4947.6,1.0
PO-2025-01012,2025-08-29,Allegheny Metals,North America,Components,COM-2841,Ground,Continental Trucking,DC-Central (TX),581,581.0,15.14,6,5.0,2025-09-04,2025-09-03,0.0,Delivered,True,True,8796.34,1.0
PO-2025-01013,2025-08-29,Bangalore ElectroTech,APAC,Electronics,ELE-7049,Air,SkyBridge Air Cargo,DC-South (GA),113,113.0,45.04,14,9.0,2025-09-12,2025-09-07,0.0,Delivered,True,True,5089.52,1.0
PO-2025-01014,2025-08-29,Rhine Components GmbH,EMEA,Electronics,ELE-6590,Air,AeroFast,DC-East (PA),120,120.0,29.69,8,7.0,2025-09-06,2025-09-05,0.0,Delivered,True,True,3562.8,1.0
PO-2025-01015,2025-08-29,Iberia Logistics SA,EMEA,Packaging,PAC-5260,Ocean,BlueWave Lines,DC-Central (TX),5349,5349.0,1.04,24,18.0,2025-09-22,2025-09-16,0.0,Delivered,True,True,5562.96,1.0
PO-2025-01016,2025-08-29,Shenzhen Precision Ltd,APAC,Electronics,ELE-6336,Ocean,Meridian Shipping,DC-West (CA),112,112.0,32.38,32,29.0,2025-09-30,2025-09-27,0.0,Delivered,True,True,3626.56,1.0
PO-2025-01017,2025-08-29,Monterrey Assembly,LATAM,Components,COM-4681,Ground,RoadRunner Freight,DC-West (CA),598,598.0,15.65,12,11.0,2025-09-10,2025-09-09,0.0,Delivered,True,True,9358.7,1.0
PO-2025-01018,2025-08-30,São Paulo Supply,LATAM,Raw Materials,RAW-6343,Ocean,Meridian Shipping,DC-East (PA),2203,2203.0,8.47,28,27.0,2025-09-27,2025-09-26,0.0,Delivered,True,True,18659.41,1.0
PO-2025-01019,2025-08-30,Great Lakes Packaging,North America,Packaging,PAC-8513,Ground,RoadRunner Freight,DC-West (CA),5375,5375.0,1.08,6,2.0,2025-09-05,2025-09-01,0.0,Delivered,True,True,5805.0,1.0
PO-2025-01020,2025-08-30,Great Lakes Packaging,North America,Packaging,PAC-6366,Ground,RoadRunner Freight,DC-East (PA),5310,5310.0,1.16,5,2.0,2025-09-04,2025-09-01,0.0,Delivered,True,True,6159.6,1.0
PO-2025-01021,2025-08-30,Rhine Components GmbH,EMEA,Components,COM-6011,Air,SkyBridge Air Cargo,DC-West (CA),590,590.0,13.25,10,6.0,2025-09-09,2025-09-05,0.0,Delivered,True,True,7817.5,1.0
PO-2025-01022,2025-08-30,Shenzhen Precision Ltd,APAC,Components,COM-5087,Ocean,Meridian Shipping,DC-Central (TX),629,629.0,14.9,32,29.0,2025-10-01,2025-09-28,0.0,Delivered,True,True,9372.1,1.0
PO-2025-01023,2025-08-31,Iberia Logistics SA,EMEA,Finished Goods,FIN-7837,Ocean,Meridian Shipping,DC-East (PA),91,91.0,82.13,23,22.0,2025-09-23,2025-09-22,0.0,Delivered,True,True,7473.83,1.0
PO-2025-01024,2025-08-31,Pacific Components Co.,APAC,Components,COM-9564,Ocean,BlueWave Lines,DC-Central (TX),631,631.0,23.28,33,32.0,2025-10-03,2025-10-02,0.0,Delivered,True,True,14689.68,1.0
PO-2025-01025,2025-08-31,Bangalore ElectroTech,APAC,Electronics,ELE-4509,Air,AeroFast,DC-East (PA),129,129.0,41.71,12,8.0,2025-09-12,2025-09-08,0.0,Delivered,True,True,5380.59,1.0
PO-2025-01026,2025-08-31,Bangalore ElectroTech,APAC,Electronics,ELE-7480,Air,SkyBridge Air Cargo,DC-Central (TX),131,131.0,44.54,11,9.0,2025-09-11,2025-09-09,0.0,Delivered,True,True,5834.74,1.0
PO-2025-01027,2025-08-31,Shenzhen Precision Ltd,APAC,Electronics,ELE-4915,Ocean,Meridian Shipping,DC-East (PA),123,123.0,51.66,33,35.0,2025-10-03,2025-10-05,2.0,Delivered,False,True,6354.18,0.0
PO-2025-01028,2025-08-31,Iberia Logistics SA,EMEA,Finished Goods,FIN-7932,Ocean,Meridian Shipping,DC-South (GA),100,100.0,92.92,24,22.0,2025-09-24,2025-09-22,0.0,Delivered,True,True,9292.0,1.0
PO-2025-01029,2025-08-31,Iberia Logistics SA,EMEA,Finished Goods,FIN-4151,Ocean,BlueWave Lines,DC-West (CA),79,79.0,93.31,25,27.0,2025-09-25,2025-09-27,2.0,Delivered,False,True,7371.49,0.0
PO-2025-01030,2025-08-31,Pacific Components Co.,APAC,Electronics,ELE-7904,Ocean,BlueWave Lines,DC-Central (TX),121,121.0,49.22,34,37.0,2025-10-04,2025-10-07,3.0,Delivered,False,True,5955.62,0.0
PO-2025-01031,2025-08-31,São Paulo Supply,LATAM,Raw Materials,RAW-8637,Ocean,Meridian Shipping,DC-Central (TX),-5,2220.0,9.15,28,25.0,2025-09-28,2025-09-25,0.0,Delivered,True,True,20313.0,1.0
PO-2025-01032,2025-08-31,Bangalore ElectroTech,APAC,Electronics,ELE-7285,Air,AeroFast,DC-Central (TX),140,140.0,28.58,12,9.0,2025-09-12,2025-09-09,0.0,Delivered,True,True,4001.2,1.0
PO-2025-01033,2025-09-01,Monterrey Assembly,LATAM,Components,COM-5976,Ground,RoadRunner Freight,DC-West (CA),572,572.0,15.16,11,10.0,2025-09-12,2025-09-11,0.0,Delivered,True,True,8671.52,1.0
PO-2025-01034,2025-09-01,Pacific Components Co.,APAC,Electronics,ELE-6428,Ocean,Meridian Shipping,DC-South (GA),123,104.0,60.26,34,33.0,2025-10-05,2025-10-04,0.0,Delivered,True,False,7411.98,0.0
PO-2025-01035,2025-09-01,Pacific Components Co.,APAC,Electronics,ELE-1759,Ocean,BlueWave Lines,DC-West (CA),115,115.0,47.68,33,29.0,2025-10-04,2025-09-30,0.0,Delivered,True,True,5483.2,1.0
PO-2025-01036,2025-09-01,Rhine Components GmbH,EMEA,Electronics,ELE-2710,Air,SkyBridge Air Cargo,DC-South (GA),122,122.0,40.7,10,11.0,2025-09-11,2025-09-12,1.0,Delivered,False,True,4965.4,0.0
PO-2025-01037,2025-09-01,Great Lakes Packaging,North America,Packaging,PAC-1670,Ground,Continental Trucking,DC-Central (TX),5419,5419.0,1.8,6,5.0,2025-09-07,2025-09-06,0.0,Delivered,True,True,9754.2,1.0
PO-2025-01038,2025-09-01,Rhine Components GmbH,EMEA,Electronics,ELE-9892,Air,SkyBridge Air Cargo,DC-West (CA),114,114.0,38.43,9,5.0,2025-09-10,2025-09-06,0.0,Delivered,True,True,4381.02,1.0
PO-2025-01039,2025-09-02,Iberia Logistics SA,EMEA,Packaging,PAC-5000,Ocean,Meridian Shipping,DC-South (GA),5544,5544.0,1.32,24,19.0,2025-09-26,2025-09-21,0.0,Delivered,True,True,7318.08,1.0
PO-2025-01040,2025-09-02,Iberia Logistics SA,EMEA,Packaging,PAC-9658,Ocean,BlueWave Lines,DC-South (GA),5418,5418.0,1.37,24,23.0,2025-09-26,2025-09-25,0.0,Delivered,True,True,7422.66,1.0
PO-2025-01041,2025-09-02,Allegheny Metals,North America,Components,COM-4519,Ground,RoadRunner Freight,DC-Central (TX),596,596.0,15.74,6,4.0,2025-09-08,2025-09-06,0.0,Delivered,True,True,9381.04,1.0
PO-2025-01042,2025-09-02,Allegheny Metals,North America,Components,COM-9947,Ground,Continental Trucking,DC-West (CA),622,622.0,17.62,7,4.0,2025-09-09,2025-09-06,0.0,Delivered,True,True,10959.64,1.0
PO-2025-01043,2025-09-02,São Paulo Supply,LATAM,Finished Goods,FIN-5381,Ocean,Meridian Shipping,DC-Central (TX),95,95.0,84.01,30,34.0,2025-10-02,2025-10-06,4.0,Delivered,False,True,7980.95,0.0
PO-2025-01044,2025-09-02,Allegheny Metals,North America,Components,COM-8250,Ground,RoadRunner Freight,DC-South (GA),599,599.0,17.84,8,5.0,2025-09-10,2025-09-07,0.0,Delivered,True,True,10686.16,1.0
PO-2025-01045,2025-09-02,Monterrey Assembly,LATAM,Components,COM-4294,Ground,Continental Trucking,DC-Central (TX),565,463.0,9.7,13,10.0,2025-09-15,2025-09-12,0.0,Delivered,True,False,5480.5,0.0
PO-2025-01046,2025-09-02,Rhine Components GmbH,EMEA,Components,COM-4492,Air,AeroFast,DC-West (CA),575,575.0,10.87,10,9.0,2025-09-12,2025-09-11,0.0,Delivered,True,True,6250.25,1.0
PO-2025-01047,2025-09-02,Monterrey Assembly,LATAM,Components,COM-1624,Ground,RoadRunner Freight,DC-East (PA),631,631.0,11.77,11,9.0,2025-09-13,2025-09-11,0.0,Delivered,True,True,7426.87,1.0
PO-2025-01048,2025-09-03,Great Lakes Packaging,North America,Packaging,PAC-5625,Ground,RoadRunner Freight,DC-Central (TX),5363,5363.0,1.07,6,1.0,2025-09-09,2025-09-04,0.0,Delivered,True,True,5738.41,1.0
PO-2025-01049,2025-09-03,Great Lakes Packaging,North America,Packaging,PAC-2686,Ground,Continental Trucking,DC-Central (TX),5514,5514.0,1.58,7,3.0,2025-09-10,2025-09-06,0.0,Delivered,True,True,8712.12,1.0
PO-2025-01050,2025-09-03,Monterrey Assembly,LATAM,Finished Goods,FIN-1109,Ground,Continental Trucking,DC-East (PA),101,101.0,53.32,12,10.0,2025-09-15,2025-09-13,0.0,Delivered,True,True,5385.32,1.0
PO-2025-01051,2025-09-03,Monterrey Assembly,LATAM,Finished Goods,FIN-4470,Ground,Continental Trucking,DC-West (CA),95,95.0,83.39,11,9.0,2025-09-14,2025-09-12,0.0,Delivered,True,True,7922.05,1.0
PO-2025-01052,2025-09-03,Allegheny Metals,North America,Raw Materials,RAW-5687,Ground,RoadRunner Freight,DC-Central (TX),2235,2235.0,7.8,7,3.0,2025-09-10,2025-09-06,0.0,Delivered,True,True,17433.0,1.0
PO-2025-01053,2025-09-03,Allegheny Metals,North America,Components,COM-5713,Ground,Continental Trucking,DC-West (CA),552,552.0,19.23,6,1.0,2025-09-09,2025-09-04,0.0,Delivered,True,True,10614.96,1.0
PO-2025-01054,2025-09-04,Allegheny Metals,North America,Raw Materials,RAW-3704,Ground,RoadRunner Freight,DC-East (PA),2239,2239.0,6.5,8,2.0,2025-09-12,2025-09-06,0.0,Delivered,True,True,14553.5,1.0
PO-2025-01055,2025-09-04,Pacific Components Co.,APAC,Components,COM-3545,Ocean,Meridian Shipping,DC-South (GA),580,580.0,16.64,34,33.0,2025-10-08,2025-10-07,0.0,Delivered,True,True,9651.2,1.0
PO-2025-01056,2025-09-04,Allegheny Metals,North America,Components,COM-7984,Ground,RoadRunner Freight,DC-South (GA),606,606.0,19.94,5,4.0,2025-09-09,2025-09-08,0.0,Delivered,True,True,12083.64,1.0
PO-2025-01057,2025-09-04,Monterrey Assembly,LATAM,Finished Goods,FIN-7947,Ground,Continental Trucking,DC-East (PA),85,85.0,87.72,11,6.0,2025-09-15,2025-09-10,0.0,Delivered,True,True,7456.2,1.0
PO-2025-01058,2025-09-04,Allegheny Metals,North America,Components,COM-3902,Ground,RoadRunner Freight,DC-East (PA),598,598.0,14.96,8,6.0,2025-09-12,2025-09-10,0.0,Delivered,True,True,8946.08,1.0
PO-2025-01059,2025-09-04,Pacific Components Co.,APAC,Components,COM-7195,Ocean,BlueWave Lines,DC-West (CA),612,612.0,17.96,33,30.0,2025-10-07,2025-10-04,0.0,Delivered,True,True,10991.52,1.0
PO-2025-01060,2025-09-04,Iberia Logistics SA,EMEA,Finished Goods,FIN-3923,Ocean,BlueWave Lines,DC-South (GA),85,85.0,47.93,24,24.0,2025-09-28,2025-09-28,0.0,Delivered,True,True,4074.05,1.0
PO-2025-01061,2025-09-04,Monterrey Assembly,LATAM,Components,COM-6624,Ground,Continental Trucking,DC-Central (TX),577,577.0,17.11,11,8.0,2025-09-15,2025-09-12,0.0,Delivered,True,True,9872.47,1.0
PO-2025-01062,2025-09-04,Allegheny Metals,North America,Components,COM-5790,Ground,Continental Trucking,DC-West (CA),626,626.0,13.62,7,6.0,2025-09-11,2025-09-10,0.0,Delivered,True,True,8526.12,1.0
PO-2025-01063,2025-09-04,Allegheny Metals,North America,Raw Materials,RAW-6339,Ground,RoadRunner Freight,DC-Central (TX),2149,2149.0,9.45,8,5.0,2025-09-12,2025-09-09,0.0,Delivered,True,True,20308.05,1.0
PO-2025-01064,2025-09-04,Iberia Logistics SA,EMEA,Finished Goods,FIN-1122,Ocean,Meridian Shipping,DC-South (GA),97,97.0,72.45,25,23.0,2025-09-29,2025-09-27,0.0,Delivered,True,True,7027.65,1.0
PO-2025-01065,2025-09-04,Allegheny Metals,North America,Components,COM-2864,Ground,Continental Trucking,DC-South (GA),571,571.0,13.37,7,4.0,2025-09-11,2025-09-08,0.0,Delivered,True,True,7634.27,1.0
PO-2025-01066,2025-09-05,Allegheny Metals,North America,Raw Materials,RAW-5316,Ground,Continental Trucking,DC-East (PA),2317,2317.0,10.66,7,7.0,2025-09-12,2025-09-12,0.0,Delivered,True,True,24699.22,1.0
PO-2025-01067,2025-09-05,Monterrey Assembly,LATAM,Components,COM-2084,Ground,Continental Trucking,DC-East (PA),551,551.0,16.4,12,7.0,2025-09-17,2025-09-12,0.0,Delivered,True,True,9036.4,1.0
PO-2025-01068,2025-09-05,Monterrey Assembly,LATAM,Components,COM-3269,Ground,Continental Trucking,DC-South (GA),625,625.0,14.33,12,9.0,2025-09-17,2025-09-14,0.0,Delivered,True,True,8956.25,1.0
PO-2025-01069,2025-09-05,Iberia Logistics SA,EMEA,Packaging,PAC-1363,Ocean,Meridian Shipping,DC-Central (TX),5430,5430.0,1.04,25,23.0,2025-09-30,2025-09-28,0.0,Delivered,True,True,5647.2,1.0
PO-2025-01070,2025-09-05,Great Lakes Packaging,North America,Packaging,PAC-6027,Ground,Continental Trucking,DC-East (PA),5426,5426.0,1.44,8,6.0,2025-09-13,2025-09-11,0.0,Delivered,True,True,7813.44,1.0
PO-2025-01071,2025-09-05,Rhine Components GmbH,EMEA,Electronics,ELE-9261,Air,SkyBridge Air Cargo,DC-West (CA),132,132.0,34.51,9,5.0,2025-09-14,2025-09-10,0.0,Delivered,True,True,4555.32,1.0
PO-2025-01072,2025-09-05,Shenzhen Precision Ltd,APAC,Components,COM-3448,Ocean,Meridian Shipping,DC-West (CA),639,639.0,12.13,32,31.0,2025-10-07,2025-10-06,0.0,Delivered,True,True,7751.07,1.0
PO-2025-01073,2025-09-05,Rhine Components GmbH,EMEA,Electronics,ELE-5436,Air,SkyBridge Air Cargo,DC-West (CA),119,119.0,47.22,9,6.0,2025-09-14,2025-09-11,0.0,Delivered,True,True,5619.18,1.0
PO-2025-01074,2025-09-05,Iberia Logistics SA,EMEA,Packaging,PAC-7143,Ocean,Meridian Shipping,DC-South (GA),5419,5419.0,0.8,22,21.0,2025-09-27,2025-09-26,0.0,Delivered,True,True,4335.2,1.0
PO-2025-01075,2025-09-06,São Paulo Supply,LATAM,Finished Goods,FIN-9493,Ocean,BlueWave Lines,DC-Central (TX),77,77.0,91.06,26,25.0,2025-10-02,2025-10-01,0.0,Delivered,True,True,7011.62,1.0
PO-2025-01076,2025-09-06,Shenzhen Precision Ltd,APAC,Components,COM-6962,Ocean,Meridian Shipping,DC-South (GA),587,587.0,6.42,30,28.0,2025-10-06,2025-10-04,0.0,Delivered,True,True,3768.54,1.0
PO-2025-01077,2025-09-06,Allegheny Metals,North America,Raw Materials,RAW-2789,Ground,RoadRunner Freight,DC-Central (TX),2274,2274.0,9.55,7,1.0,2025-09-13,2025-09-07,0.0,Delivered,True,True,21716.7,1.0
PO-2025-01078,2025-09-06,Bangalore ElectroTech,APAC,Electronics,ELE-6794,Air,AeroFast,DC-South (GA),110,110.0,50.0,11,9.0,2025-09-17,2025-09-15,0.0,Delivered,True,True,5500.0,1.0
PO-2025-01079,2025-09-06,São Paulo Supply,LATAM,Finished Goods,FIN-5724,Ocean,BlueWave Lines,DC-West (CA),101,101.0,78.5,28,27.0,2025-10-04,2025-10-03,0.0,Delivered,True,True,7928.5,1.0
PO-2025-01080,2025-09-06,Iberia Logistics SA,EMEA,Finished Goods,FIN-1951,Ocean,Meridian Shipping,DC-Central (TX),106,106.0,64.22,24,21.0,2025-09-30,2025-09-27,0.0,Delivered,True,True,6807.32,1.0
PO-2025-01081,2025-09-06,Pacific Components Co.,APAC,Electronics,ELE-3789,Ocean,BlueWave Lines,DC-West (CA),143,143.0,31.64,34,30.0,2025-10-10,2025-10-06,0.0,Delivered,True,True,4524.52,1.0
PO-2025-01082,2025-09-06,Pacific Components Co.,APAC,Electronics,ELE-7326,Ocean,BlueWave Lines,DC-West (CA),141,141.0,30.34,35,34.0,2025-10-11,2025-10-10,0.0,Delivered,True,True,4277.94,1.0
PO-2025-01083,2025-09-07,Iberia Logistics SA,EMEA,Finished Goods,FIN-6011,Ocean,Meridian Shipping,DC-Central (TX),83,83.0,73.94,22,21.0,2025-09-29,2025-09-28,0.0,Delivered,True,True,6137.02,1.0
PO-2025-01084,2025-09-07,Monterrey Assembly,LATAM,Finished Goods,FIN-1611,Ground,Continental Trucking,DC-Central (TX),84,84.0,84.42,9,6.0,2025-09-16,2025-09-13,0.0,Delivered,True,True,7091.28,1.0
PO-2025-01085,2025-09-07,São Paulo Supply,LATAM,Raw Materials,RAW-9803,Ocean,BlueWave Lines,DC-East (PA),2196,2196.0,8.8,28,24.0,2025-10-05,2025-10-01,0.0,Delivered,True,True,19324.8,1.0
PO-2025-01086,2025-09-07,Allegheny Metals,North America,Components,COM-8378,Ground,RoadRunner Freight,DC-South (GA),586,586.0,15.81,6,4.0,2025-09-13,2025-09-11,0.0,Delivered,True,True,9264.66,1.0
PO-2025-01087,2025-09-07,Rhine Components GmbH,EMEA,Electronics,ELE-2362,Air,SkyBridge Air Cargo,DC-East (PA),122,122.0,51.39,8,1.0,2025-09-15,2025-09-08,0.0,Delivered,True,True,6269.58,1.0
PO-2025-01088,2025-09-07,Iberia Logistics SA,EMEA,Finished Goods,FIN-7514,Ocean,BlueWave Lines,DC-Central (TX),98,98.0,78.41,22,21.0,2025-09-29,2025-09-28,0.0,Delivered,True,True,7684.18,1.0
PO-2025-01089,2025-09-07,Great Lakes Packaging,North America,Packaging,PAC-9407,Ground,Continental Trucking,DC-West (CA),5586,5586.0,1.34,6,3.0,2025-09-13,2025-09-10,0.0,Delivered,True,True,7485.24,1.0
PO-2025-01090,2025-09-07,Allegheny Metals,North America,Raw Materials,RAW-1745,Ground,Continental Trucking,DC-South (GA),2155,2155.0,10.03,6,2.0,2025-09-13,2025-09-09,0.0,Delivered,True,True,21614.65,1.0
PO-2025-01091,2025-09-07,Pacific Components Co.,APAC,Components,COM-6710,Ocean,BlueWave Lines,DC-South (GA),566,566.0,10.66,34,38.0,2025-10-11,2025-10-15,4.0,Delivered,False,True,6033.56,0.0
PO-2025-01092,2025-09-07,Allegheny Metals,North America,Components,COM-2216,Ground,RoadRunner Freight,DC-West (CA),594,594.0,16.97,7,3.0,2025-09-14,2025-09-10,0.0,Delivered,True,True,10080.18,1.0
PO-2025-01093,2025-09-07,Allegheny Metals,North America,Raw Materials,RAW-8917,Ground,Continental Trucking,DC-Central (TX),2248,2248.0,9.48,7,4.0,2025-09-14,2025-09-11,0.0,Delivered,True,True,21311.04,1.0
PO-2025-01094,2025-09-08,Allegheny Metals,North America,Components,COM-5850,Ground,Continental Trucking,DC-South (GA),597,597.0,19.53,5,5.0,2025-09-13,2025-09-13,0.0,Delivered,True,True,11659.41,1.0
PO-2025-01095,2025-09-08,Pacific Components Co.,APAC,Components,COM-1602,Ocean,BlueWave Lines,DC-Central (TX),617,617.0,9.69,35,32.0,2025-10-13,2025-10-10,0.0,Delivered,True,True,5978.73,1.0
PO-2025-01096,2025-09-08,Pacific Components Co.,APAC,Electronics,ELE-5285,Ocean,BlueWave Lines,DC-South (GA),131,131.0,35.37,33,35.0,2025-10-11,2025-10-13,2.0,Delivered,False,True,4633.47,0.0
PO-2025-01097,2025-09-08,Iberia Logistics SA,EMEA,Packaging,PAC-7140,Ocean,BlueWave Lines,DC-East (PA),5428,5428.0,1.1,24,20.0,2025-10-02,2025-09-28,0.0,Delivered,True,True,5970.8,1.0
PO-2025-01098,2025-09-08,Pacific Components Co.,APAC,Components,COM-5711,Ocean,BlueWave Lines,DC-Central (TX),593,593.0,11.94,35,39.0,2025-10-13,2025-10-17,4.0,Delivered,False,True,7080.42,0.0
PO-2025-01099,2025-09-08,Rhine Components GmbH,EMEA,Components,COM-6237,Air,AeroFast,DC-West (CA),610,610.0,17.1,10,7.0,2025-09-18,2025-09-15,0.0,Delivered,True,True,10431.0,1.0
PO-2025-01100,2025-09-08,Iberia Logistics SA,EMEA,Finished Goods,FIN-1989,Ocean,BlueWave Lines,DC-Central (TX),86,86.0,105.52,25,16.0,2025-10-03,2025-09-24,0.0,Delivered,True,True,9074.72,1.0
PO-2025-01101,2025-09-08,Rhine Components GmbH,EMEA,Components,COM-6550,Air,AeroFast,DC-Central (TX),572,572.0,13.55,10,10.0,2025-09-18,2025-09-18,0.0,Delivered,True,True,7750.6,1.0
PO-2025-01102,2025-09-08,Monterrey Assembly,LATAM,Components,COM-3817,Ground,Continental Trucking,DC-West (CA),565,565.0,11.36,10,6.0,2025-09-18,2025-09-14,0.0,Delivered,True,True,6418.4,1.0
PO-2025-01103,2025-09-08,Allegheny Metals,North America,Raw Materials,RAW-3706,Ground,RoadRunner Freight,DC-Central (TX),2225,2225.0,7.28,7,6.0,2025-09-15,2025-09-14,0.0,Delivered,True,True,16198.0,1.0
PO-2025-01104,2025-09-09,Pacific Components Co.,APAC,Components,COM-7769,Ocean,BlueWave Lines,DC-South (GA),614,614.0,16.95,33,29.0,2025-10-12,2025-10-08,0.0,Delivered,True,True,10407.3,1.0
PO-2025-01105,2025-09-09,Bangalore ElectroTech,APAC,Electronics,ELE-4124,Air,SkyBridge Air Cargo,DC-Central (TX),134,134.0,43.31,12,7.0,2025-09-21,2025-09-16,0.0,Delivered,True,True,5803.54,1.0
PO-2025-01106,2025-09-09,Great Lakes Packaging,North America,Packaging,PAC-8805,Ground,Continental Trucking,DC-East (PA),5503,5503.0,0.92,7,7.0,2025-09-16,2025-09-16,0.0,Delivered,True,True,5062.76,1.0
PO-2025-01107,2025-09-09,São Paulo Supply,LATAM,Raw Materials,RAW-5045,Ocean,BlueWave Lines,DC-West (CA),2193,2193.0,7.39,28,21.0,2025-10-07,2025-09-30,0.0,Delivered,True,True,16206.27,1.0
PO-2025-01108,2025-09-09,Pacific Components Co.,APAC,Electronics,ELE-2181,Ocean,Meridian Shipping,DC-Central (TX),113,113.0,35.98,35,33.0,2025-10-14,2025-10-12,0.0,Delivered,True,True,4065.74,1.0
PO-2025-01109,2025-09-09,Rhine Components GmbH,EMEA,Components,COM-1963,Air,SkyBridge Air Cargo,DC-South (GA),636,636.0,7.94,7,7.0,2025-09-16,2025-09-16,0.0,Delivered,True,True,5049.84,1.0
PO-2025-01110,2025-09-09,Monterrey Assembly,LATAM,Finished Goods,FIN-6008,Ground,Continental Trucking,DC-Central (TX),98,98.0,82.96,12,8.0,2025-09-21,2025-09-17,0.0,Delivered,True,True,8130.08,1.0
PO-2025-01111,2025-09-09,Shenzhen Precision Ltd,APAC,Electronics,ELE-3736,Ocean,Meridian Shipping,DC-Central (TX),138,138.0,49.84,32,27.0,2025-10-11,2025-10-06,0.0,Delivered,True,True,6877.92,1.0
PO-2025-01112,2025-09-09,Bangalore ElectroTech,APAC,Electronics,ELE-1808,Air,AeroFast,DC-South (GA),135,135.0,51.1,13,11.0,2025-09-22,2025-09-20,0.0,Delivered,True,True,6898.5,1.0
PO-2025-01113,2025-09-09,Bangalore ElectroTech,APAC,Electronics,ELE-7265,Air,SkyBridge Air Cargo,DC-East (PA),122,122.0,31.78,13,7.0,2025-09-22,2025-09-16,0.0,Delivered,True,True,3877.16,1.0
PO-2025-01114,2025-09-09,Iberia Logistics SA,EMEA,Packaging,PAC-8901,Ocean,BlueWave Lines,DC-Central (TX),5393,5393.0,0.94,24,22.0,2025-10-03,2025-10-01,0.0,Delivered,True,True,5069.42,1.0
PO-2025-01115,2025-09-10,Pacific Components Co.,APAC,Components,COM-6726,Ocean,Meridian Shipping,DC-East (PA),622,622.0,12.88,33,29.0,2025-10-13,2025-10-09,0.0,Delivered,True,True,8011.36,1.0
PO-2025-01116,2025-09-10,Great Lakes Packaging,North America,Packaging,PAC-7959,Ground,Continental Trucking,DC-East (PA),5286,5286.0,1.51,5,1.0,2025-09-15,2025-09-11,0.0,Delivered,True,True,7981.86,1.0
PO-2025-01117,2025-09-10,Bangalore ElectroTech,APAC,Electronics,ELE-1494,Air,AeroFast,DC-South (GA),121,121.0,33.04,11,8.0,2025-09-21,2025-09-18,0.0,Delivered,True,True,3997.84,1.0
PO-2025-01118,2025-09-10,Pacific Components Co.,APAC,Electronics,ELE-1030,Ocean,Meridian Shipping,DC-South (GA),110,101.0,48.43,34,35.0,2025-10-14,2025-10-15,1.0,Delivered,False,False,5327.3,0.0
PO-2025-01119,2025-09-10,Allegheny Metals,North America,Raw Materials,RAW-7792,Ground,RoadRunner Freight,DC-East (PA),2206,2206.0,10.61,8,4.0,2025-09-18,2025-09-14,0.0,Delivered,True,True,23405.66,1.0
PO-2025-01120,2025-09-11,Shenzhen Precision Ltd,APAC,Electronics,ELE-4626,Ocean,Meridian Shipping,DC-South (GA),118,118.0,51.69,31,26.0,2025-10-12,2025-10-07,0.0,Delivered,True,True,6099.42,1.0
PO-2025-01121,2025-09-11,Great Lakes Packaging,North America,Packaging,PAC-5901,Ground,RoadRunner Freight,DC-West (CA),5238,5238.0,1.17,6,2.0,2025-09-17,2025-09-13,0.0,Delivered,True,True,6128.46,1.0
PO-2025-01122,2025-09-11,Allegheny Metals,North America,Raw Materials,RAW-4060,Ground,Continental Trucking,DC-South (GA),2204,2204.0,3.43,8,4.0,2025-09-19,2025-09-15,0.0,Delivered,True,True,7559.72,1.0
PO-2025-01123,2025-09-11,Monterrey Assembly,LATAM,Finished Goods,FIN-5108,Ground,RoadRunner Freight,DC-South (GA),86,86.0,77.14,13,12.0,2025-09-24,2025-09-23,0.0,Delivered,True,True,6634.04,1.0
PO-2025-01124,2025-09-11,Shenzhen Precision Ltd,APAC,Electronics,ELE-1812,Ocean,BlueWave Lines,DC-East (PA),141,130.0,37.84,32,32.0,2025-10-13,2025-10-13,0.0,Delivered,True,False,5335.44,0.0
PO-2025-01125,2025-09-11,Pacific Components Co.,APAC,Components,COM-5627,Ocean,Meridian Shipping,DC-South (GA),548,548.0,18.43,36,37.0,2025-10-17,2025-10-18,1.0,Delivered,False,True,10099.64,0.0
PO-2025-01126,2025-09-11,Great Lakes Packaging,North America,Packaging,PAC-1157,Ground,Continental Trucking,DC-East (PA),5317,5317.0,1.72,7,4.0,2025-09-18,2025-09-15,0.0,Delivered,True,True,9145.24,1.0
PO-2025-01127,2025-09-11,Rhine Components GmbH,EMEA,Components,COM-9782,Air,AeroFast,DC-East (PA),589,589.0,17.49,8,7.0,2025-09-19,2025-09-18,0.0,Delivered,True,True,10301.61,1.0
PO-2025-01128,2025-09-11,Pacific Components Co.,APAC,Components,COM-3672,Ocean,Meridian Shipping,DC-South (GA),551,551.0,14.38,35,30.0,2025-10-16,2025-10-11,0.0,Delivered,True,True,7923.38,1.0
PO-2025-01129,2025-09-12,Pacific Components Co.,APAC,Components,COM-2461,Ocean,Meridian Shipping,DC-West (CA),621,621.0,17.53,34,25.0,2025-10-16,2025-10-07,0.0,Delivered,True,True,10886.13,1.0
PO-2025-01130,2025-09-12,São Paulo Supply,LATAM,Raw Materials,RAW-2071,Ocean,Meridian Shipping,DC-East (PA),2227,2227.0,4.79,30,27.0,2025-10-12,2025-10-09,0.0,Delivered,True,True,10667.33,1.0
PO-2025-01131,2025-09-12,Allegheny Metals,North America,Components,COM-2766,Ground,Continental Trucking,DC-Central (TX),652,652.0,12.37,8,3.0,2025-09-20,2025-09-15,0.0,Delivered,True,True,8065.24,1.0
PO-2025-01132,2025-09-12,Bangalore ElectroTech,APAC,Electronics,ELE-4620,Air,AeroFast,DC-East (PA),130,130.0,49.83,13,7.0,2025-09-25,2025-09-19,0.0,Delivered,True,True,6477.9,1.0
PO-2025-01133,2025-09-12,Great Lakes Packaging,North America,Packaging,PAC-7674,Ground,Continental Trucking,DC-West (CA),5370,5370.0,1.13,7,2.0,2025-09-19,2025-09-14,0.0,Delivered,True,True,6068.1,1.0
PO-2025-01134,2025-09-12,Monterrey Assembly,LATAM,Components,COM-4151,Ground,Continental Trucking,DC-West (CA),632,632.0,15.99,9,8.0,2025-09-21,2025-09-20,0.0,Delivered,True,True,10105.68,1.0
PO-2025-01135,2025-09-12,Rhine Components GmbH,EMEA,Electronics,ELE-9559,Air,SkyBridge Air Cargo,DC-South (GA),114,114.0,32.74,6,1.0,2025-09-18,2025-09-13,0.0,Delivered,True,True,3732.36,1.0
PO-2025-01136,2025-09-12,Rhine Components GmbH,EMEA,Electronics,ELE-4113,Air,SkyBridge Air Cargo,DC-West (CA),112,109.0,32.66,8,3.0,2025-09-20,2025-09-15,0.0,Delivered,True,False,3657.92,0.0
PO-2025-01137,2025-09-13,Rhine Components GmbH,EMEA,Components,COM-9684,Air,SkyBridge Air Cargo,DC-East (PA),624,624.0,23.03,6,3.0,2025-09-19,2025-09-16,0.0,Delivered,True,True,14370.72,1.0
PO-2025-01138,2025-09-13,Monterrey Assembly,LATAM,Finished Goods,FIN-3640,Ground,Continental Trucking,DC-Central (TX),73,73.0,89.15,11,8.0,2025-09-24,2025-09-21,0.0,Delivered,True,True,6507.95,1.0
PO-2025-01139,2025-09-13,Shenzhen Precision Ltd,APAC,Components,COM-3596,Ocean,BlueWave Lines,DC-East (PA),607,607.0,9.76,32,27.0,2025-10-15,2025-10-10,0.0,Delivered,True,True,5924.32,1.0
PO-2025-01140,2025-09-13,Pacific Components Co.,APAC,Electronics,ELE-7005,Ocean,Meridian Shipping,DC-Central (TX),119,119.0,58.53,35,33.0,2025-10-18,2025-10-16,0.0,Delivered,True,True,6965.07,1.0
PO-2025-01141,2025-09-13,Shenzhen Precision Ltd,APAC,Components,COM-8796,Ocean,Meridian Shipping,DC-East (PA),547,547.0,14.39,33,33.0,2025-10-16,2025-10-16,0.0,Delivered,True,True,7871.33,1.0
PO-2025-01142,2025-09-13,Monterrey Assembly,LATAM,Finished Goods,FIN-6574,Ground,RoadRunner Freight,DC-South (GA),96,96.0,43.5,10,7.0,2025-09-23,2025-09-20,0.0,Delivered,True,True,4176.0,1.0
PO-2025-01143,2025-09-13,São Paulo Supply,LATAM,Finished Goods,FIN-3471,Ocean,Meridian Shipping,DC-South (GA),91,72.0,54.9,26,27.0,2025-10-09,2025-10-10,1.0,Delivered,False,False,4995.9,0.0
PO-2025-01144,2025-09-13,Shenzhen Precision Ltd,APAC,Components,COM-6944,Ocean,BlueWave Lines,DC-West (CA),604,604.0,12.77,32,30.0,2025-10-15,2025-10-13,0.0,Delivered,True,True,7713.08,1.0
PO-2025-01145,2025-09-13,Iberia Logistics SA,EMEA,Packaging,PAC-2462,Ocean,Meridian Shipping,DC-South (GA),5384,5384.0,1.12,24,30.0,2025-10-07,2025-10-13,6.0,Delivered,False,True,6030.08,0.0
PO-2025-01146,2025-09-13,Iberia Logistics SA,EMEA,Packaging,PAC-7835,Ocean,Meridian Shipping,DC-West (CA),5391,5391.0,1.03,24,21.0,2025-10-07,2025-10-04,0.0,Delivered,True,True,5552.73,1.0
PO-2025-01147,2025-09-14,Iberia Logistics SA,EMEA,Packaging,PAC-8831,Ocean,BlueWave Lines,DC-East (PA),5468,5468.0,1.0,23,13.0,2025-10-07,2025-09-27,0.0,Delivered,True,True,5468.0,1.0
PO-2025-01148,2025-09-14,Great Lakes Packaging,North America,Packaging,PAC-7366,Ground,Continental Trucking,DC-West (CA),5324,5324.0,1.36,8,4.0,2025-09-22,2025-09-18,0.0,Delivered,True,True,7240.64,1.0
PO-2025-01149,2025-09-14,Rhine Components GmbH,EMEA,Electronics,ELE-9190,Air,AeroFast,DC-Central (TX),100,89.0,44.15,8,7.0,2025-09-22,2025-09-21,0.0,Delivered,True,False,4415.0,0.0
PO-2025-01150,2025-09-14,Great Lakes Packaging,North America,Packaging,PAC-1846,Ground,RoadRunner Freight,DC-East (PA),5477,5477.0,1.21,5,4.0,2025-09-19,2025-09-18,0.0,Delivered,True,True,6627.17,1.0
PO-2025-01151,2025-09-14,Shenzhen Precision Ltd,APAC,Electronics,ELE-5125,Ocean,Meridian Shipping,DC-East (PA),90,90.0,32.1,32,32.0,2025-10-16,2025-10-16,0.0,Delivered,True,True,2889.0,1.0
PO-2025-01152,2025-09-14,Allegheny Metals,North America,Components,COM-7043,Ground,Continental Trucking,DC-West (CA),596,596.0,22.88,8,6.0,2025-09-22,2025-09-20,0.0,Delivered,True,True,13636.48,1.0
PO-2025-01153,2025-09-15,Bangalore ElectroTech,APAC,Electronics,ELE-4405,Air,AeroFast,DC-Central (TX),103,103.0,55.21,12,10.0,2025-09-27,2025-09-25,0.0,Delivered,True,True,5686.63,1.0
PO-2025-01154,2025-09-15,Great Lakes Packaging,North America,Packaging,PAC-3354,Ground,Continental Trucking,DC-East (PA),5346,5346.0,1.11,5,2.0,2025-09-20,2025-09-17,0.0,Delivered,True,True,5934.06,1.0
PO-2025-01155,2025-09-15,Monterrey Assembly,LATAM,Components,COM-9603,Ground,RoadRunner Freight,DC-West (CA),626,626.0,20.63,11,9.0,2025-09-26,2025-09-24,0.0,Delivered,True,True,12914.38,1.0
PO-2025-01156,2025-09-15,Monterrey Assembly,LATAM,Finished Goods,FIN-6354,Ground,RoadRunner Freight,DC-Central (TX),91,91.0,103.04,10,7.0,2025-09-25,2025-09-22,0.0,Delivered,True,True,9376.64,1.0
PO-2025-01157,2025-09-15,São Paulo Supply,LATAM,Raw Materials,RAW-7845,Ocean,Meridian Shipping,DC-Central (TX),2219,2219.0,9.53,27,29.0,2025-10-12,2025-10-14,2.0,Delivered,False,True,21147.07,0.0
PO-2025-01158,2025-09-15,Allegheny Metals,North America,Raw Materials,RAW-6611,Ground,Continental Trucking,DC-Central (TX),2263,2263.0,13.96,7,2.0,2025-09-22,2025-09-17,0.0,Delivered,True,True,31591.48,1.0
PO-2025-01159,2025-09-15,São Paulo Supply,LATAM,Finished Goods,FIN-1592,Ocean,BlueWave Lines,DC-South (GA),79,79.0,107.92,28,21.0,2025-10-13,2025-10-06,0.0,Delivered,True,True,8525.68,1.0
PO-2025-01160,2025-09-15,Monterrey Assembly,LATAM,Finished Goods,FIN-9401,Ground,Continental Trucking,DC-East (PA),117,117.0,85.17,11,11.0,2025-09-26,2025-09-26,0.0,Delivered,True,True,9964.89,1.0
PO-2025-01161,2025-09-15,Great Lakes Packaging,North America,Packaging,PAC-6700,Ground,RoadRunner Freight,DC-West (CA),5501,5501.0,1.59,6,1.0,2025-09-21,2025-09-16,0.0,Delivered,True,True,8746.59,1.0
PO-2025-01162,2025-09-15,Allegheny Metals,North America,Components,COM-7687,Ground,RoadRunner Freight,DC-East (PA),603,603.0,13.63,8,4.0,2025-09-23,2025-09-19,0.0,Delivered,True,True,8218.89,1.0
PO-2025-01163,2025-09-15,Iberia Logistics SA,EMEA,Finished Goods,FIN-1344,Ocean,Meridian Shipping,DC-East (PA),88,88.0,104.95,26,25.0,2025-10-11,2025-10-10,0.0,Delivered,True,True,9235.6,1.0
PO-2025-01164,2025-09-15,Bangalore ElectroTech,APAC,Electronics,ELE-4677,Air,AeroFast,DC-East (PA),111,111.0,51.76,13,8.0,2025-09-28,2025-09-23,0.0,Delivered,True,True,5745.36,1.0
PO-2025-01165,2025-09-15,Bangalore ElectroTech,APAC,Electronics,ELE-2577,Air,SkyBridge Air Cargo,DC-West (CA),121,121.0,34.21,12,11.0,2025-09-27,2025-09-26,0.0,Delivered,True,True,4139.41,1.0
PO-2025-01166,2025-09-16,Pacific Components Co.,APAC,Electronics,ELE-6113,Ocean,BlueWave Lines,DC-Central (TX),131,131.0,51.06,34,33.0,2025-10-20,2025-10-19,0.0,Delivered,True,True,6688.86,1.0
PO-2025-01167,2025-09-16,São Paulo Supply,LATAM,Raw Materials,RAW-3569,Ocean,BlueWave Lines,DC-West (CA),2246,2246.0,7.95,29,25.0,2025-10-15,2025-10-11,0.0,Delivered,True,True,17855.7,1.0
PO-2025-01168,2025-09-16,Iberia Logistics SA,EMEA,Packaging,PAC-4915,Ocean,BlueWave Lines,DC-Central (TX),5242,5242.0,1.38,23,24.0,2025-10-09,2025-10-10,1.0,Delivered,False,True,7233.96,0.0
PO-2025-01169,2025-09-16,Bangalore ElectroTech,APAC,Electronics,ELE-7561,Air,SkyBridge Air Cargo,DC-South (GA),124,124.0,27.55,12,6.0,2025-09-28,2025-09-22,0.0,Delivered,True,True,3416.2,1.0
PO-2025-01170,2025-09-16,Iberia Logistics SA,EMEA,Packaging,PAC-3840,Ocean,BlueWave Lines,DC-East (PA),5316,5316.0,1.71,26,24.0,2025-10-12,2025-10-10,0.0,Delivered,True,True,9090.36,1.0
PO-2025-01171,2025-09-16,Pacific Components Co.,APAC,Components,COM-4194,Ocean,Meridian Shipping,DC-South (GA),576,576.0,16.07,32,30.0,2025-10-18,2025-10-16,0.0,Delivered,True,True,9256.32,1.0
PO-2025-01172,2025-09-16,Great Lakes Packaging,North America,Packaging,PAC-5954,Ground,RoadRunner Freight,DC-South (GA),5341,5341.0,0.96,5,1.0,2025-09-21,2025-09-17,0.0,Delivered,True,True,5127.36,1.0
PO-2025-01173,2025-09-16,São Paulo Supply,LATAM,Raw Materials,RAW-5037,Ocean,BlueWave Lines,DC-South (GA),2226,2226.0,11.66,27,27.0,2025-10-13,2025-10-13,0.0,Delivered,True,True,25955.16,1.0
PO-2025-01174,2025-09-16,Rhine Components GmbH,EMEA,Components,COM-1940,Air,SkyBridge Air Cargo,DC-South (GA),618,618.0,16.87,9,3.0,2025-09-25,2025-09-19,0.0,Delivered,True,True,10425.66,1.0
PO-2025-01175,2025-09-16,São Paulo Supply,LATAM,Raw Materials,RAW-5364,Ocean,BlueWave Lines,DC-East (PA),2167,2167.0,9.2,28,27.0,2025-10-14,2025-10-13,0.0,Delivered,True,True,19936.4,1.0
PO-2025-01176,2025-09-16,Shenzhen Precision Ltd,APAC,Components,COM-7209,Ocean,Meridian Shipping,DC-Central (TX),624,547.0,14.64,32,32.0,2025-10-18,2025-10-18,0.0,Delivered,True,False,9135.36,0.0
PO-2025-01177,2025-09-17,Pacific Components Co.,APAC,Components,COM-6299,Ocean,Meridian Shipping,DC-Central (TX),590,590.0,14.76,34,32.0,2025-10-21,2025-10-19,0.0,Delivered,True,True,8708.4,1.0
PO-2025-01178,2025-09-17,Monterrey Assembly,LATAM,Finished Goods,FIN-8624,Ground,RoadRunner Freight,DC-West (CA),89,89.0,72.5,12,11.0,2025-09-29,2025-09-28,0.0,Delivered,True,True,6452.5,1.0
PO-2025-01179,2025-09-17,Pacific Components Co.,APAC,Electronics,ELE-2079,Ocean,BlueWave Lines,DC-South (GA),128,128.0,42.81,35,40.0,2025-10-22,2025-10-27,5.0,Delivered,False,True,5479.68,0.0
PO-2025-01180,2025-09-17,São Paulo Supply,LATAM,Raw Materials,RAW-4500,Ocean,Meridian Shipping,DC-Central (TX),2237,2237.0,10.15,28,32.0,2025-10-15,2025-10-19,4.0,Delivered,False,True,22705.55,0.0
PO-2025-01181,2025-09-17,Bangalore ElectroTech,APAC,Electronics,ELE-9277,Air,AeroFast,DC-Central (TX),131,131.0,47.08,12,11.0,2025-09-29,2025-09-28,0.0,Delivered,True,True,6167.48,1.0
PO-2025-01182,2025-09-17,Shenzhen Precision Ltd,APAC,Components,COM-7482,Ocean,BlueWave Lines,DC-Central (TX),638,638.0,11.81,31,27.0,2025-10-18,2025-10-14,0.0,Delivered,True,True,7534.78,1.0
PO-2025-01183,2025-09-17,Monterrey Assembly,LATAM,Finished Goods,FIN-9132,Ground,RoadRunner Freight,DC-East (PA),101,101.0,71.3,11,7.0,2025-09-28,2025-09-24,0.0,Delivered,True,True,7201.3,1.0
PO-2025-01184,2025-09-17,Monterrey Assembly,LATAM,Finished Goods,FIN-6262,Ground,RoadRunner Freight,DC-West (CA),77,77.0,87.21,11,10.0,2025-09-28,2025-09-27,0.0,Delivered,True,True,6715.17,1.0
PO-2025-01185,2025-09-18,Iberia Logistics SA,EMEA,Packaging,PAC-3636,Ocean,BlueWave Lines,DC-East (PA),5402,5402.0,1.28,23,18.0,2025-10-11,2025-10-06,0.0,Delivered,True,True,6914.56,1.0
PO-2025-01186,2025-09-18,Rhine Components GmbH,EMEA,Components,COM-4273,Air,SkyBridge Air Cargo,DC-West (CA),632,632.0,14.03,8,2.0,2025-09-26,2025-09-20,0.0,Delivered,True,True,8866.96,1.0
PO-2025-01187,2025-09-18,Shenzhen Precision Ltd,APAC,Components,COM-3888,Ocean,BlueWave Lines,DC-West (CA),612,612.0,13.45,31,34.0,2025-10-19,2025-10-22,3.0,Delivered,False,True,8231.4,0.0
PO-2025-01188,2025-09-18,Monterrey Assembly,LATAM,Components,COM-5284,Ground,RoadRunner Freight,DC-Central (TX),604,604.0,11.03,10,5.0,2025-09-28,2025-09-23,0.0,Delivered,True,True,6662.12,1.0
PO-2025-01189,2025-09-18,Bangalore ElectroTech,APAC,Electronics,ELE-1587,Air,SkyBridge Air Cargo,DC-East (PA),121,121.0,42.04,12,6.0,2025-09-30,2025-09-24,0.0,Delivered,True,True,5086.84,1.0
PO-2025-01190,2025-09-18,Pacific Components Co.,APAC,Components,COM-4637,Ocean,BlueWave Lines,DC-West (CA),603,603.0,10.54,33,40.0,2025-10-21,2025-10-28,7.0,Delivered,False,True,6355.62,0.0
PO-2025-01191,2025-09-18,São Paulo Supply,LATAM,Finished Goods,FIN-9456,Ocean,BlueWave Lines,DC-Central (TX),89,89.0,79.87,28,28.0,2025-10-16,2025-10-16,0.0,Delivered,True,True,7108.43,1.0
PO-2025-01192,2025-09-18,Monterrey Assembly,LATAM,Components,COM-2085,Ground,RoadRunner Freight,DC-South (GA),564,564.0,12.43,12,12.0,2025-09-30,2025-09-30,0.0,Delivered,True,True,7010.52,1.0
PO-2025-01193,2025-09-18,Bangalore ElectroTech,APAC,Electronics,ELE-3311,Air,AeroFast,DC-Central (TX),121,121.0,55.26,10,10.0,2025-09-28,2025-09-28,0.0,Delivered,True,True,6686.46,1.0
PO-2025-01194,2025-09-19,Shenzhen Precision Ltd,APAC,Electronics,ELE-8449,Ocean,Meridian Shipping,DC-Central (TX),111,111.0,50.91,31,30.0,2025-10-20,2025-10-19,0.0,Delivered,True,True,5651.01,1.0
PO-2025-01195,2025-09-19,Bangalore ElectroTech,APAC,Electronics,ELE-3412,Air,SkyBridge Air Cargo,DC-South (GA),115,115.0,33.23,13,12.0,2025-10-02,2025-10-01,0.0,Delivered,True,True,3821.45,1.0
PO-2025-01196,2025-09-19,Iberia Logistics SA,EMEA,Finished Goods,FIN-5584,Ocean,BlueWave Lines,DC-West (CA),96,96.0,59.6,24,19.0,2025-10-13,2025-10-08,0.0,Delivered,True,True,5721.6,1.0
PO-2025-01197,2025-09-19,Iberia Logistics SA,EMEA,Packaging,PAC-1464,Ocean,Meridian Shipping,DC-Central (TX),5466,5466.0,0.95,24,30.0,2025-10-13,2025-10-19,6.0,Delivered,False,True,5192.7,0.0
PO-2025-01198,2025-09-19,Iberia Logistics SA,EMEA,Packaging,PAC-7041,Ocean,BlueWave Lines,DC-East (PA),5392,5392.0,1.02,23,24.0,2025-10-12,2025-10-13,1.0,Delivered,False,True,5499.84,0.0
PO-2025-01199,2025-09-19,Rhine Components GmbH,EMEA,Components,COM-8123,Air,AeroFast,DC-East (PA),622,622.0,18.95,9,5.0,2025-09-28,2025-09-24,0.0,Delivered,True,True,11786.9,1.0
PO-2025-01200,2025-09-19,Great Lakes Packaging,North America,Packaging,PAC-6982,Ground,RoadRunner Freight,DC-East (PA),5446,5446.0,0.99,8,3.0,2025-09-27,2025-09-22,0.0,Delivered,True,True,5391.54,1.0
PO-2025-01201,2025-09-19,São Paulo Supply,LATAM,Finished Goods,FIN-2596,Ocean,Meridian Shipping,DC-South (GA),73,73.0,111.59,27,26.0,2025-10-16,2025-10-15,0.0,Delivered,True,True,8146.07,1.0
PO-2025-01202,2025-09-19,Monterrey Assembly,LATAM,Components,COM-3914,Ground,Continental Trucking,DC-West (CA),592,592.0,14.68,11,9.0,2025-09-30,2025-09-28,0.0,Delivered,True,True,8690.56,1.0
PO-2025-01203,2025-09-19,São Paulo Supply,LATAM,Finished Goods,FIN-1562,Ocean,Meridian Shipping,DC-East (PA),94,85.0,86.86,29,27.0,2025-10-18,2025-10-16,0.0,Delivered,True,False,8164.84,0.0
PO-2025-01204,2025-09-19,Allegheny Metals,North America,Components,COM-9104,Ground,RoadRunner Freight,DC-East (PA),605,605.0,12.43,7,2.0,2025-09-26,2025-09-21,0.0,Delivered,True,True,7520.15,1.0
PO-2025-01205,2025-09-20,Great Lakes Packaging,North America,Packaging,PAC-7104,Ground,RoadRunner Freight,DC-South (GA),5436,5436.0,0.8,5,1.0,2025-09-25,2025-09-21,0.0,Delivered,True,True,4348.8,1.0
PO-2025-01206,2025-09-20,Great Lakes Packaging,North America,Packaging,PAC-8997,Ground,Continental Trucking,DC-East (PA),5461,5461.0,1.07,6,1.0,2025-09-26,2025-09-21,0.0,Delivered,True,True,5843.27,1.0
PO-2025-01207,2025-09-20,Pacific Components Co.,APAC,Components,COM-2731,Ocean,BlueWave Lines,DC-South (GA),608,608.0,15.55,34,33.0,2025-10-24,2025-10-23,0.0,Delivered,True,True,9454.4,1.0
PO-2025-01208,2025-09-20,Allegheny Metals,North America,Components,COM-1858,Ground,Continental Trucking,DC-East (PA),629,629.0,15.81,5,3.0,2025-09-25,2025-09-23,0.0,Delivered,True,True,9944.49,1.0
PO-2025-01209,2025-09-20,São Paulo Supply,LATAM,Raw Materials,RAW-1260,Ocean,BlueWave Lines,DC-East (PA),2245,2245.0,4.06,29,24.0,2025-10-19,2025-10-14,0.0,Delivered,True,True,9114.7,1.0
PO-2025-01210,2025-09-20,Rhine Components GmbH,EMEA,Components,COM-1852,Air,AeroFast,DC-Central (TX),613,613.0,19.25,9,5.0,2025-09-29,2025-09-25,0.0,Delivered,True,True,11800.25,1.0
PO-2025-01211,2025-09-20,Allegheny Metals,North America,Components,COM-9841,Ground,Continental Trucking,DC-South (GA),621,621.0,9.0,6,5.0,2025-09-26,2025-09-25,0.0,Delivered,True,True,5589.0,1.0
PO-2025-01212,2025-09-20,Great Lakes Packaging,North America,Packaging,PAC-6955,Ground,Continental Trucking,DC-Central (TX),5390,5390.0,0.99,6,5.0,2025-09-26,2025-09-25,0.0,Delivered,True,True,5336.1,1.0
PO-2025-01213,2025-09-21,Shenzhen Precision Ltd,APAC,Components,COM-4325,Ocean,BlueWave Lines,DC-South (GA),642,642.0,19.82,33,31.0,2025-10-24,2025-10-22,0.0,Delivered,True,True,12724.44,1.0
PO-2025-01214,2025-09-21,Great Lakes Packaging,North America,Packaging,PAC-3937,Ground,Continental Trucking,DC-West (CA),5369,5369.0,1.45,7,2.0,2025-09-28,2025-09-23,0.0,Delivered,True,True,7785.05,1.0
PO-2025-01215,2025-09-21,Rhine Components GmbH,EMEA,Electronics,ELE-8267,Air,SkyBridge Air Cargo,DC-South (GA),109,109.0,43.81,7,4.0,2025-09-28,2025-09-25,0.0,Delivered,True,True,4775.29,1.0
PO-2025-01216,2025-09-21,Pacific Components Co.,APAC,Components,COM-7491,Ocean,Meridian Shipping,DC-South (GA),647,647.0,15.76,33,29.0,2025-10-24,2025-10-20,0.0,Delivered,True,True,10196.72,1.0
PO-2025-01217,2025-09-21,Monterrey Assembly,LATAM,Finished Goods,FIN-7595,Ground,Continental Trucking,DC-Central (TX),105,105.0,72.96,12,10.0,2025-10-03,2025-10-01,0.0,Delivered,True,True,7660.8,1.0
PO-2025-01218,2025-09-21,Rhine Components GmbH,EMEA,Electronics,ELE-3072,Air,AeroFast,DC-West (CA),123,123.0,50.96,8,2.0,2025-09-29,2025-09-23,0.0,Delivered,True,True,6268.08,1.0
PO-2025-01219,2025-09-21,Monterrey Assembly,LATAM,Components,COM-2870,Ground,Continental Trucking,DC-West (CA),594,594.0,14.58,11,8.0,2025-10-02,2025-09-29,0.0,Delivered,True,True,8660.52,1.0
PO-2025-01220,2025-09-21,Allegheny Metals,North America,Raw Materials,RAW-5319,Ground,RoadRunner Freight,DC-East (PA),2174,2174.0,11.74,6,5.0,2025-09-27,2025-09-26,0.0,Delivered,True,True,25522.76,1.0
PO-2025-01221,2025-09-21,Shenzhen Precision Ltd,APAC,Components,COM-4477,Ocean,Meridian Shipping,DC-East (PA),610,610.0,10.67,32,29.0,2025-10-23,2025-10-20,0.0,Delivered,True,True,6508.7,1.0
PO-2025-01222,2025-09-21,Monterrey Assembly,LATAM,Components,COM-3705,Ground,RoadRunner Freight,DC-South (GA),593,593.0,7.58,12,12.0,2025-10-03,2025-10-03,0.0,Delivered,True,True,4494.94,1.0
PO-2025-01223,2025-09-22,Shenzhen Precision Ltd,APAC,Components,COM-5362,Ocean,Meridian Shipping,DC-East (PA),587,587.0,15.85,32,31.0,2025-10-24,2025-10-23,0.0,Delivered,True,True,9303.95,1.0
PO-2025-01224,2025-09-22,Allegheny Metals,North America,Components,COM-1441,Ground,RoadRunner Freight,DC-Central (TX),560,560.0,16.65,7,1.0,2025-09-29,2025-09-23,0.0,Delivered,True,True,9324.0,1.0
PO-2025-01225,2025-09-22,São Paulo Supply,LATAM,Finished Goods,FIN-6432,Ocean,Meridian Shipping,DC-West (CA),90,90.0,73.24,30,28.0,2025-10-22,2025-10-20,0.0,Delivered,True,True,6591.6,1.0
PO-2025-01226,2025-09-22,Bangalore ElectroTech,APAC,Electronics,ELE-4628,Air,AeroFast,DC-South (GA),140,140.0,58.47,13,11.0,2025-10-05,2025-10-03,0.0,Delivered,True,True,8185.8,1.0
PO-2025-01227,2025-09-22,Monterrey Assembly,LATAM,Components,COM-1781,Ground,Continental Trucking,DC-East (PA),583,583.0,9.39,10,9.0,2025-10-02,2025-10-01,0.0,Delivered,True,True,5474.37,1.0
PO-2025-01228,2025-09-22,Iberia Logistics SA,EMEA,Packaging,PAC-4409,Ocean,BlueWave Lines,DC-Central (TX),5420,5420.0,1.02,25,24.0,2025-10-17,2025-10-16,0.0,Delivered,True,True,5528.4,1.0
PO-2025-01229,2025-09-22,Rhine Components GmbH,EMEA,Electronics,ELE-4964,Air,AeroFast,DC-Central (TX),121,121.0,42.49,9,5.0,2025-10-01,2025-09-27,0.0,Delivered,True,True,5141.29,1.0
PO-2025-01230,2025-09-22,Great Lakes Packaging,North America,Packaging,PAC-5299,Ground,Continental Trucking,DC-South (GA),5423,5423.0,1.36,5,2.0,2025-09-27,2025-09-24,0.0,Delivered,True,True,7375.28,1.0
PO-2025-01231,2025-09-22,Rhine Components GmbH,EMEA,Components,COM-6784,Air,SkyBridge Air Cargo,DC-Central (TX),610,610.0,15.37,7,5.0,2025-09-29,2025-09-27,0.0,Delivered,True,True,9375.7,1.0
PO-2025-01232,2025-09-23,Bangalore ElectroTech,APAC,Electronics,ELE-3593,Air,AeroFast,DC-West (CA),116,116.0,40.3,13,10.0,2025-10-06,2025-10-03,0.0,Delivered,True,True,4674.8,1.0
PO-2025-01233,2025-09-23,São Paulo Supply,LATAM,Finished Goods,FIN-8497,Ocean,Meridian Shipping,DC-East (PA),84,84.0,86.62,29,25.0,2025-10-22,2025-10-18,0.0,Delivered,True,True,7276.08,1.0
PO-2025-01234,2025-09-23,Bangalore ElectroTech,APAC,Electronics,ELE-1528,Air,AeroFast,DC-East (PA),131,131.0,57.24,12,11.0,2025-10-05,2025-10-04,0.0,Delivered,True,True,7498.44,1.0
PO-2025-01235,2025-09-23,Monterrey Assembly,LATAM,Finished Goods,FIN-9778,Ground,RoadRunner Freight,DC-Central (TX),96,96.0,104.19,11,3.0,2025-10-04,2025-09-26,0.0,Delivered,True,True,10002.24,1.0
PO-2025-01236,2025-09-23,Allegheny Metals,North America,Components,COM-5426,Ground,Continental Trucking,DC-West (CA),641,641.0,10.48,5,2.0,2025-09-28,2025-09-25,0.0,Delivered,True,True,6717.68,1.0
PO-2025-01237,2025-09-23,Rhine Components GmbH,EMEA,Electronics,ELE-1783,Air,AeroFast,DC-Central (TX),124,124.0,61.78,9,7.0,2025-10-02,2025-09-30,0.0,Delivered,True,True,7660.72,1.0
PO-2025-01238,2025-09-23,Monterrey Assembly,LATAM,Components,COM-6730,Ground,RoadRunner Freight,DC-West (CA),608,608.0,12.98,11,6.0,2025-10-04,2025-09-29,0.0,Delivered,True,True,7891.84,1.0
PO-2025-01239,2025-09-24,Great Lakes Packaging,North America,Packaging,PAC-9769,Ground,Continental Trucking,DC-East (PA),5429,5429.0,1.41,4,3.0,2025-09-28,2025-09-27,0.0,Delivered,True,True,7654.89,1.0
PO-2025-01240,2025-09-24,Bangalore ElectroTech,APAC,Electronics,ELE-2818,Air,AeroFast,DC-Central (TX),126,126.0,50.03,13,8.0,2025-10-07,2025-10-02,0.0,Delivered,True,True,6303.78,1.0
PO-2025-01241,2025-09-24,Great Lakes Packaging,North America,Packaging,PAC-1646,Ground,RoadRunner Freight,DC-East (PA),5482,5482.0,1.0,5,1.0,2025-09-29,2025-09-25,0.0,Delivered,True,True,5482.0,1.0
PO-2025-01242,2025-09-24,Bangalore ElectroTech,APAC,Electronics,ELE-7518,Air,AeroFast,DC-East (PA),119,119.0,71.79,12,12.0,2025-10-06,2025-10-06,0.0,Delivered,True,True,8543.01,1.0
PO-2025-01243,2025-09-25,Great Lakes Packaging,North America,Packaging,PAC-2134,Ground,RoadRunner Freight,DC-South (GA),5526,5526.0,0.98,7,2.0,2025-10-02,2025-09-27,0.0,Delivered,True,True,5415.48,1.0
PO-2025-01244,2025-09-25,Shenzhen Precision Ltd,APAC,Electronics,ELE-6513,Ocean,Meridian Shipping,DC-Central (TX),111,111.0,40.73,32,36.0,2025-10-27,2025-10-31,4.0,Delivered,False,True,4521.03,0.0
PO-2025-01245,2025-09-25,São Paulo Supply,LATAM,Raw Materials,RAW-2297,Ocean,Meridian Shipping,DC-South (GA),2175,2175.0,7.56,27,28.0,2025-10-22,2025-10-23,1.0,Delivered,False,True,16443.0,0.0
PO-2025-01246,2025-09-25,Pacific Components Co.,APAC,Electronics,ELE-6295,Ocean,Meridian Shipping,DC-West (CA),130,130.0,59.56,34,33.0,2025-10-29,2025-10-28,0.0,Delivered,True,True,7742.8,1.0
PO-2025-01247,2025-09-25,Shenzhen Precision Ltd,APAC,Electronics,ELE-3724,Ocean,Meridian Shipping,DC-Central (TX),141,141.0,43.92,32,31.0,2025-10-27,2025-10-26,0.0,Delivered,True,True,6192.72,1.0
PO-2025-01248,2025-09-25,Pacific Components Co.,APAC,Electronics,ELE-7197,Ocean,Meridian Shipping,DC-South (GA),113,113.0,34.72,35,33.0,2025-10-30,2025-10-28,0.0,Delivered,True,True,3923.36,1.0
PO-2025-01249,2025-09-25,Rhine Components GmbH,EMEA,Components,COM-9867,Air,AeroFast,DC-West (CA),580,580.0,20.69,10,7.0,2025-10-05,2025-10-02,0.0,Delivered,True,True,12000.2,1.0
PO-2025-01250,2025-09-26,Bangalore ElectroTech,APAC,Electronics,ELE-3236,Air,AeroFast,DC-Central (TX),125,125.0,33.99,12,10.0,2025-10-08,2025-10-06,0.0,Delivered,True,True,4248.75,1.0
PO-2025-01251,2025-09-26,Rhine Components GmbH,EMEA,Components,COM-1175,Air,SkyBridge Air Cargo,DC-West (CA),571,522.0,13.62,9,5.0,2025-10-05,2025-10-01,0.0,Delivered,True,False,7777.02,0.0
PO-2025-01252,2025-09-26,Pacific Components Co.,APAC,Components,COM-7862,Ocean,BlueWave Lines,DC-South (GA),619,619.0,13.49,32,34.0,2025-10-28,2025-10-30,2.0,Delivered,False,True,8350.31,0.0
PO-2025-01253,2025-09-26,Monterrey Assembly,LATAM,Components,COM-2322,Ground,RoadRunner Freight,DC-Central (TX),609,609.0,14.21,10,9.0,2025-10-06,2025-10-05,0.0,Delivered,True,True,8653.89,1.0
PO-2025-01254,2025-09-26,São Paulo Supply,LATAM,Finished Goods,FIN-5252,Ocean,BlueWave Lines,DC-West (CA),95,95.0,99.55,28,25.0,2025-10-24,2025-10-21,0.0,Delivered,True,True,9457.25,1.0
PO-2025-01255,2025-09-26,Bangalore ElectroTech,APAC,Electronics,ELE-2001,Air,AeroFast,DC-East (PA),113,113.0,43.06,11,10.0,2025-10-07,2025-10-06,0.0,Delivered,True,True,4865.78,1.0
PO-2025-01256,2025-09-26,Iberia Logistics SA,EMEA,Finished Goods,FIN-1455,Ocean,BlueWave Lines,DC-Central (TX),80,80.0,55.37,24,18.0,2025-10-20,2025-10-14,0.0,Delivered,True,True,4429.6,1.0
PO-2025-01257,2025-09-26,Iberia Logistics SA,EMEA,Finished Goods,FIN-5832,Ocean,Meridian Shipping,DC-Central (TX),95,95.0,115.08,24,20.0,2025-10-20,2025-10-16,0.0,Delivered,True,True,10932.6,1.0
PO-2025-01258,2025-09-27,Iberia Logistics SA,EMEA,Packaging,PAC-3784,Ocean,Meridian Shipping,DC-East (PA),5399,5399.0,0.98,24,28.0,2025-10-21,2025-10-25,4.0,Delivered,False,True,5291.02,0.0
PO-2025-01259,2025-09-27,Iberia Logistics SA,EMEA,Finished Goods,FIN-7504,Ocean,Meridian Shipping,DC-South (GA),76,76.0,88.49,24,23.0,2025-10-21,2025-10-20,0.0,Delivered,True,True,6725.24,1.0
PO-2025-01260,2025-09-27,Monterrey Assembly,LATAM,Finished Goods,FIN-8064,Ground,Continental Trucking,DC-East (PA),94,94.0,96.53,12,11.0,2025-10-09,2025-10-08,0.0,Delivered,True,True,9073.82,1.0
PO-2025-01261,2025-09-27,Allegheny Metals,North America,Raw Materials,RAW-5895,Ground,Continental Trucking,DC-West (CA),2141,2141.0,10.21,9,8.0,2025-10-06,2025-10-05,0.0,Delivered,True,True,21859.61,1.0
PO-2025-01262,2025-09-27,Pacific Components Co.,APAC,Components,COM-3176,Ocean,Meridian Shipping,DC-East (PA),572,572.0,13.48,36,38.0,2025-11-02,2025-11-04,2.0,Delivered,False,True,7710.56,0.0
PO-2025-01263,2025-09-27,Bangalore ElectroTech,APAC,Electronics,ELE-3906,Air,AeroFast,DC-West (CA),115,109.0,47.97,12,8.0,2025-10-09,2025-10-05,0.0,Delivered,True,False,5516.55,0.0
PO-2025-01264,2025-09-27,Rhine Components GmbH,EMEA,Electronics,ELE-5462,Air,SkyBridge Air Cargo,DC-Central (TX),116,116.0,43.27,7,3.0,2025-10-04,2025-09-30,0.0,Delivered,True,True,5019.32,1.0
PO-2025-01265,2025-09-27,Iberia Logistics SA,EMEA,Finished Goods,FIN-8242,Ocean,BlueWave Lines,DC-South (GA),90,90.0,71.9,23,16.0,2025-10-20,2025-10-13,0.0,Delivered,True,True,6471.0,1.0
PO-2025-01266,2025-09-27,Allegheny Metals,North America,Components,COM-3575,Ground,Continental Trucking,DC-South (GA),627,627.0,13.88,6,1.0,2025-10-03,2025-09-28,0.0,Delivered,True,True,8702.76,1.0
PO-2025-01267,2025-09-27,Shenzhen Precision Ltd,APAC,Electronics,ELE-3331,Ocean,BlueWave Lines,DC-Central (TX),116,116.0,35.85,32,27.0,2025-10-29,2025-10-24,0.0,Delivered,True,True,4158.6,1.0
PO-2025-01268,2025-09-27,Shenzhen Precision Ltd,APAC,Electronics,ELE-9132,Ocean,Meridian Shipping,DC-West (CA),102,102.0,52.54,32,26.0,2025-10-29,2025-10-23,0.0,Delivered,True,True,5359.08,1.0
PO-2025-01269,2025-09-28,Allegheny Metals,North America,Raw Materials,RAW-1120,Ground,Continental Trucking,DC-Central (TX),2154,2154.0,9.85,7,4.0,2025-10-05,2025-10-02,0.0,Delivered,True,True,21216.9,1.0
PO-2025-01270,2025-09-28,Allegheny Metals,North America,Raw Materials,RAW-3549,Ground,Continental Trucking,DC-West (CA),2208,2208.0,6.36,6,1.0,2025-10-04,2025-09-29,0.0,Delivered,True,True,14042.88,1.0
PO-2025-01271,2025-09-28,Iberia Logistics SA,EMEA,Finished Goods,FIN-5852,Ocean,Meridian Shipping,DC-Central (TX),109,109.0,51.75,24,22.0,2025-10-22,2025-10-20,0.0,Delivered,True,True,5640.75,1.0
PO-2025-01272,2025-09-28,Monterrey Assembly,LATAM,Finished Goods,FIN-1445,Ground,RoadRunner Freight,DC-West (CA),84,84.0,81.54,12,10.0,2025-10-10,2025-10-08,0.0,Delivered,True,True,6849.36,1.0
PO-2025-01273,2025-09-28,Shenzhen Precision Ltd,APAC,Electronics,ELE-3129,Ocean,BlueWave Lines,DC-West (CA),116,116.0,40.76,33,33.0,2025-10-31,2025-10-31,0.0,Delivered,True,True,4728.16,1.0
PO-2025-01274,2025-09-29,Allegheny Metals,North America,Raw Materials,RAW-3425,Ground,Continental Trucking,DC-East (PA),2156,2156.0,7.54,8,7.0,2025-10-07,2025-10-06,0.0,Delivered,True,True,16256.24,1.0
PO-2025-01275,2025-09-29,Iberia Logistics SA,EMEA,Packaging,PAC-7679,Ocean,Meridian Shipping,DC-West (CA),5263,5263.0,1.29,23,21.0,2025-10-22,2025-10-20,0.0,Delivered,True,True,6789.27,1.0
PO-2025-01276,2025-09-29,Pacific Components Co.,APAC,Electronics,ELE-8577,Ocean,BlueWave Lines,DC-East (PA),117,117.0,35.95,34,32.0,2025-11-02,2025-10-31,0.0,Delivered,True,True,4206.15,1.0
PO-2025-01277,2025-09-29,Allegheny Metals,North America,Raw Materials,RAW-4526,Ground,RoadRunner Freight,DC-West (CA),2211,2211.0,3.79,7,4.0,2025-10-06,2025-10-03,0.0,Delivered,True,True,8379.69,1.0
PO-2025-01278,2025-09-29,Rhine Components GmbH,EMEA,Components,COM-4560,Air,SkyBridge Air Cargo,DC-West (CA),585,585.0,18.33,8,5.0,2025-10-07,2025-10-04,0.0,Delivered,True,True,10723.05,1.0
PO-2025-01279,2025-09-30,Rhine Components GmbH,EMEA,Electronics,ELE-2274,Air,AeroFast,DC-West (CA),118,118.0,32.67,11,7.0,2025-10-11,2025-10-07,0.0,Delivered,True,True,3855.06,1.0
PO-2025-01280,2025-09-30,Iberia Logistics SA,EMEA,Packaging,PAC-3756,Ocean,Meridian Shipping,DC-South (GA),5395,5395.0,1.46,23,17.0,2025-10-23,2025-10-17,0.0,Delivered,True,True,7876.7,1.0
PO-2025-01281,2025-09-30,Rhine Components GmbH,EMEA,Electronics,ELE-4788,Air,AeroFast,DC-Central (TX),129,129.0,38.79,10,8.0,2025-10-10,2025-10-08,0.0,Delivered,True,True,5003.91,1.0
PO-2025-01282,2025-09-30,Iberia Logistics SA,EMEA,Packaging,PAC-2622,Ocean,Meridian Shipping,DC-Central (TX),5399,5399.0,1.32,24,15.0,2025-10-24,2025-10-15,0.0,Delivered,True,True,7126.68,1.0
PO-2025-01283,2025-09-30,Great Lakes Packaging,North America,Packaging,PAC-9323,Ground,RoadRunner Freight,DC-East (PA),5388,5388.0,0.91,5,1.0,2025-10-05,2025-10-01,0.0,Delivered,True,True,4903.08,1.0
PO-2025-01284,2025-09-30,Iberia Logistics SA,EMEA,Packaging,PAC-3262,Ocean,Meridian Shipping,DC-West (CA),5337,5337.0,1.48,26,26.0,2025-10-26,2025-10-26,0.0,Delivered,True,True,7898.76,1.0
PO-2025-01285,2025-09-30,São Paulo Supply,LATAM,Finished Goods,FIN-1192,Ocean,BlueWave Lines,DC-West (CA),89,89.0,97.76,27,23.0,2025-10-27,2025-10-23,0.0,Delivered,True,True,8700.64,1.0
PO-2025-01286,2025-09-30,Rhine Components GmbH,EMEA,Components,COM-8466,Air,SkyBridge Air Cargo,DC-West (CA),579,579.0,19.39,9,3.0,2025-10-09,2025-10-03,0.0,Delivered,True,True,11226.81,1.0
PO-2025-01287,2025-09-30,São Paulo Supply,LATAM,Finished Goods,FIN-8186,Ocean,BlueWave Lines,DC-East (PA),85,85.0,52.27,27,26.0,2025-10-27,2025-10-26,0.0,Delivered,True,True,4442.95,1.0
PO-2025-01288,2025-10-01,Pacific Components Co.,APAC,Components,COM-8332,Ocean,Meridian Shipping,DC-West (CA),602,602.0,19.04,33,33.0,2025-11-03,2025-11-03,0.0,Delivered,True,True,11462.08,1.0
PO-2025-01289,2025-10-01,Great Lakes Packaging,North America,Packaging,PAC-7480,Ground,Continental Trucking,DC-East (PA),5354,5354.0,1.59,6,2.0,2025-10-07,2025-10-03,0.0,Delivered,True,True,8512.86,1.0
PO-2025-01290,2025-10-01,Allegheny Metals,North America,Components,COM-8336,Ground,RoadRunner Freight,DC-South (GA),625,625.0,18.98,7,5.0,2025-10-08,2025-10-06,0.0,Delivered,True,True,11862.5,1.0
PO-2025-01291,2025-10-01,Pacific Components Co.,APAC,Electronics,ELE-6498,Ocean,BlueWave Lines,DC-East (PA),126,126.0,47.58,36,38.0,2025-11-06,2025-11-08,2.0,Delivered,False,True,5995.08,0.0
PO-2025-01292,2025-10-01,Bangalore ElectroTech,APAC,Electronics,ELE-8826,Air,AeroFast,DC-East (PA),105,105.0,43.51,13,13.0,2025-10-14,2025-10-14,0.0,Delivered,True,True,4568.55,1.0
PO-2025-01293,2025-10-01,São Paulo Supply,LATAM,Raw Materials,RAW-6408,Ocean,BlueWave Lines,DC-Central (TX),2129,2129.0,8.25,29,23.0,2025-10-30,2025-10-24,0.0,Delivered,True,True,17564.25,1.0
PO-2025-01294,2025-10-01,São Paulo Supply,LATAM,Raw Materials,RAW-3167,Ocean,Meridian Shipping,DC-West (CA),2153,2153.0,8.68,27,25.0,2025-10-28,2025-10-26,0.0,Delivered,True,True,18688.04,1.0
PO-2025-01295,2025-10-01,Allegheny Metals,North America,Components,COM-5140,Ground,RoadRunner Freight,DC-Central (TX),568,568.0,15.01,7,6.0,2025-10-08,2025-10-07,0.0,Delivered,True,True,8525.68,1.0
PO-2025-01296,2025-10-01,Rhine Components GmbH,EMEA,Electronics,ELE-9478,Air,SkyBridge Air Cargo,DC-East (PA),130,126.0,44.29,11,6.0,2025-10-12,2025-10-07,0.0,Delivered,True,False,5757.7,0.0
PO-2025-01297,2025-10-02,Allegheny Metals,North America,Raw Materials,RAW-8757,Ground,RoadRunner Freight,DC-West (CA),2259,2020.0,7.98,6,4.0,2025-10-08,2025-10-06,0.0,Delivered,True,False,18026.82,0.0
PO-2025-01298,2025-10-02,Great Lakes Packaging,North America,Packaging,PAC-7227,Ground,RoadRunner Freight,DC-West (CA),5322,5322.0,1.0,5,2.0,2025-10-07,2025-10-04,0.0,Delivered,True,True,5322.0,1.0
PO-2025-01299,2025-10-02,Rhine Components GmbH,EMEA,Components,COM-6657,Air,AeroFast,DC-East (PA),578,578.0,16.24,9,5.0,2025-10-11,2025-10-07,0.0,Delivered,True,True,9386.72,1.0
PO-2025-01300,2025-10-02,Allegheny Metals,North America,Components,COM-2219,Ground,Continental Trucking,DC-West (CA),596,596.0,15.91,7,4.0,2025-10-09,2025-10-06,0.0,Delivered,True,True,9482.36,1.0
PO-2025-01301,2025-10-02,Pacific Components Co.,APAC,Components,COM-4815,Ocean,Meridian Shipping,DC-East (PA),614,614.0,10.14,32,35.0,2025-11-03,2025-11-06,3.0,Delivered,False,True,6225.96,0.0
PO-2025-01302,2025-10-02,Pacific Components Co.,APAC,Components,COM-2490,Ocean,BlueWave Lines,DC-East (PA),613,613.0,12.91,33,34.0,2025-11-04,2025-11-05,1.0,Delivered,False,True,7913.83,0.0
PO-2025-01303,2025-10-02,Iberia Logistics SA,EMEA,Packaging,PAC-1851,Ocean,Meridian Shipping,DC-West (CA),5389,4391.0,1.4,23,21.0,2025-10-25,2025-10-23,0.0,Delivered,True,False,7544.6,0.0
PO-2025-01304,2025-10-02,Shenzhen Precision Ltd,APAC,Components,COM-5692,Ocean,BlueWave Lines,DC-Central (TX),582,582.0,7.23,33,30.0,2025-11-04,2025-11-01,0.0,Delivered,True,True,4207.86,1.0
PO-2025-01305,2025-10-02,Iberia Logistics SA,EMEA,Packaging,PAC-6318,Ocean,Meridian Shipping,DC-Central (TX),5447,5447.0,1.43,23,26.0,2025-10-25,2025-10-28,3.0,Delivered,False,True,7789.21,0.0
PO-2025-01306,2025-10-02,Shenzhen Precision Ltd,APAC,Electronics,ELE-7667,Ocean,BlueWave Lines,DC-West (CA),123,123.0,44.82,32,32.0,2025-11-03,2025-11-03,0.0,Delivered,True,True,5512.86,1.0
PO-2025-01307,2025-10-02,Allegheny Metals,North America,Components,COM-1633,Ground,RoadRunner Freight,DC-South (GA),557,557.0,12.02,6,8.0,2025-10-08,2025-10-10,2.0,Delivered,False,True,6695.14,0.0
PO-2025-01308,2025-10-02,Monterrey Assembly,LATAM,Components,COM-4468,Ground,RoadRunner Freight,DC-Central (TX),586,586.0,12.18,10,11.0,2025-10-12,2025-10-13,1.0,Delivered,False,True,7137.48,0.0
PO-2025-01309,2025-10-02,Allegheny Metals,North America,Components,COM-2534,Ground,RoadRunner Freight,DC-East (PA),577,577.0,15.23,4,3.0,2025-10-06,2025-10-05,0.0,Delivered,True,True,8787.71,1.0
PO-2025-01310,2025-10-02,Shenzhen Precision Ltd,APAC,Components,COM-1272,Ocean,Meridian Shipping,DC-South (GA),557,557.0,15.6,34,30.0,2025-11-05,2025-11-01,0.0,Delivered,True,True,8689.2,1.0
PO-2025-01311,2025-10-02,Monterrey Assembly,LATAM,Finished Goods,FIN-9744,Ground,Continental Trucking,DC-Central (TX),99,99.0,71.76,11,11.0,2025-10-13,2025-10-13,0.0,Delivered,True,True,7104.24,1.0
PO-2025-01312,2025-10-03,Monterrey Assembly,LATAM,Finished Goods,FIN-7495,Ground,Continental Trucking,DC-West (CA),78,78.0,75.45,13,9.0,2025-10-16,2025-10-12,0.0,Delivered,True,True,5885.1,1.0
PO-2025-01313,2025-10-03,Bangalore ElectroTech,APAC,Electronics,ELE-3155,Air,SkyBridge Air Cargo,DC-East (PA),116,116.0,37.01,14,13.0,2025-10-17,2025-10-16,0.0,Delivered,True,True,4293.16,1.0
PO-2025-01314,2025-10-03,Pacific Components Co.,APAC,Electronics,ELE-3559,Ocean,Meridian Shipping,DC-Central (TX),125,125.0,58.65,34,31.0,2025-11-06,2025-11-03,0.0,Delivered,True,True,7331.25,1.0
PO-2025-01315,2025-10-03,Pacific Components Co.,APAC,Components,COM-8660,Ocean,BlueWave Lines,DC-Central (TX),539,539.0,21.35,35,38.0,2025-11-07,2025-11-10,3.0,Delivered,False,True,11507.65,0.0
PO-2025-01316,2025-10-03,Great Lakes Packaging,North America,Packaging,PAC-5213,Ground,RoadRunner Freight,DC-South (GA),5295,5295.0,1.31,6,5.0,2025-10-09,2025-10-08,0.0,Delivered,True,True,6936.45,1.0
PO-2025-01317,2025-10-03,Iberia Logistics SA,EMEA,Finished Goods,FIN-7526,Ocean,Meridian Shipping,DC-East (PA),102,102.0,84.03,24,25.0,2025-10-27,2025-10-28,1.0,Delivered,False,True,8571.06,0.0
PO-2025-01318,2025-10-03,Great Lakes Packaging,North America,Packaging,PAC-2539,Ground,RoadRunner Freight,DC-Central (TX),5317,5317.0,1.17,6,2.0,2025-10-09,2025-10-05,0.0,Delivered,True,True,6220.89,1.0
PO-2025-01319,2025-10-03,Pacific Components Co.,APAC,Electronics,ELE-9814,Ocean,BlueWave Lines,DC-South (GA),119,119.0,44.87,33,32.0,2025-11-05,2025-11-04,0.0,Delivered,True,True,5339.53,1.0
PO-2025-01320,2025-10-03,Iberia Logistics SA,EMEA,Finished Goods,FIN-3756,Ocean,BlueWave Lines,DC-East (PA),85,85.0,79.21,24,23.0,2025-10-27,2025-10-26,0.0,Delivered,True,True,6732.85,1.0
PO-2025-01321,2025-10-03,Rhine Components GmbH,EMEA,Electronics,ELE-3837,Air,AeroFast,DC-West (CA),137,137.0,38.96,9,10.0,2025-10-12,2025-10-13,1.0,Delivered,False,True,5337.52,0.0
PO-2025-01322,2025-10-03,Great Lakes Packaging,North America,Packaging,PAC-5329,Ground,RoadRunner Freight,DC-East (PA),5412,5412.0,1.56,6,9.0,2025-10-09,2025-10-12,3.0,Delivered,False,True,8442.72,0.0
PO-2025-01323,2025-10-03,São Paulo Supply,LATAM,Raw Materials,RAW-2925,Ocean,BlueWave Lines,DC-East (PA),2219,2219.0,10.62,28,24.0,2025-10-31,2025-10-27,0.0,Delivered,True,True,23565.78,1.0
PO-2025-01324,2025-10-03,Rhine Components GmbH,EMEA,Electronics,ELE-7734,Air,SkyBridge Air Cargo,DC-West (CA),112,112.0,15.69,9,11.0,2025-10-12,2025-10-14,2.0,Delivered,False,True,1757.28,0.0
PO-2025-01325,2025-10-03,Pacific Components Co.,APAC,Electronics,ELE-1501,Ocean,Meridian Shipping,DC-Central (TX),104,104.0,36.02,33,28.0,2025-11-05,2025-10-31,0.0,Delivered,True,True,3746.08,1.0
PO-2025-01326,2025-10-03,Iberia Logistics SA,EMEA,Packaging,PAC-8900,Ocean,Meridian Shipping,DC-South (GA),5301,5301.0,0.46,25,24.0,2025-10-28,2025-10-27,0.0,Delivered,True,True,2438.46,1.0
PO-2025-01327,2025-10-03,Monterrey Assembly,LATAM,Components,COM-7047,Ground,RoadRunner Freight,DC-East (PA),571,571.0,15.57,9,9.0,2025-10-12,2025-10-12,0.0,Delivered,True,True,8890.47,1.0
PO-2025-01328,2025-10-03,São Paulo Supply,LATAM,Finished Goods,FIN-6243,Ocean,Meridian Shipping,DC-Central (TX),88,88.0,78.3,28,24.0,2025-10-31,2025-10-27,0.0,Delivered,True,True,6890.4,1.0
PO-2025-01329,2025-10-03,Rhine Components GmbH,EMEA,Components,COM-2713,Air,AeroFast,DC-Central (TX),595,595.0,12.8,8,6.0,2025-10-11,2025-10-09,0.0,Delivered,True,True,7616.0,1.0
PO-2025-01330,2025-10-03,Bangalore ElectroTech,APAC,Electronics,ELE-5757,Air,AeroFast,DC-West (CA),119,119.0,39.1,13,11.0,2025-10-16,2025-10-14,0.0,Delivered,True,True,4652.9,1.0
PO-2025-01331,2025-10-03,Bangalore ElectroTech,APAC,Electronics,ELE-6550,Air,SkyBridge Air Cargo,DC-West (CA),146,146.0,41.51,13,15.0,2025-10-16,2025-10-18,2.0,Delivered,False,True,6060.46,0.0
PO-2025-01332,2025-10-03,São Paulo Supply,LATAM,Finished Goods,FIN-4163,Ocean,BlueWave Lines,DC-East (PA),92,92.0,46.11,25,24.0,2025-10-28,2025-10-27,0.0,Delivered,True,True,4242.12,1.0
PO-2025-01333,2025-10-03,Great Lakes Packaging,North America,Packaging,PAC-7681,Ground,RoadRunner Freight,DC-West (CA),5407,5407.0,1.52,5,1.0,2025-10-08,2025-10-04,0.0,Delivered,True,True,8218.64,1.0
PO-2025-01334,2025-10-03,Rhine Components GmbH,EMEA,Components,COM-3272,Air,SkyBridge Air Cargo,DC-West (CA),577,577.0,13.42,10,12.0,2025-10-13,2025-10-15,2.0,Delivered,False,True,7743.34,0.0
PO-2025-01335,2025-10-04,Bangalore ElectroTech,APAC,Electronics,ELE-5244,Air,AeroFast,DC-Central (TX),125,125.0,46.38,14,14.0,2025-10-18,2025-10-18,0.0,Delivered,True,True,5797.5,1.0
PO-2025-01336,2025-10-04,Great Lakes Packaging,North America,Packaging,PAC-3334,Ground,Continental Trucking,DC-West (CA),5519,5519.0,1.54,6,7.0,2025-10-10,2025-10-11,1.0,Delivered,False,True,8499.26,0.0
PO-2025-01337,2025-10-04,Monterrey Assembly,LATAM,Finished Goods,FIN-4686,Ground,Continental Trucking,DC-South (GA),76,76.0,44.02,10,11.0,2025-10-14,2025-10-15,1.0,Delivered,False,True,3345.52,0.0
PO-2025-01338,2025-10-04,Pacific Components Co.,APAC,Electronics,ELE-5510,Ocean,Meridian Shipping,DC-West (CA),129,129.0,49.19,34,40.0,2025-11-07,2025-11-13,6.0,Delivered,False,True,6345.51,0.0
PO-2025-01339,2025-10-04,Bangalore ElectroTech,APAC,Electronics,ELE-4422,Air,AeroFast,DC-Central (TX),128,128.0,35.2,13,15.0,2025-10-17,2025-10-19,2.0,Delivered,False,True,4505.6,0.0
PO-2025-01340,2025-10-04,Bangalore ElectroTech,APAC,Electronics,ELE-6624,Air,AeroFast,DC-East (PA),140,140.0,39.38,11,8.0,2025-10-15,2025-10-12,0.0,Delivered,True,True,5513.2,1.0
PO-2025-01341,2025-10-04,Allegheny Metals,North America,Components,COM-6892,Ground,Continental Trucking,DC-South (GA),631,631.0,15.93,8,6.0,2025-10-12,2025-10-10,0.0,Delivered,True,True,10051.83,1.0
PO-2025-01342,2025-10-04,Iberia Logistics SA,EMEA,Packaging,PAC-9447,Ocean,Meridian Shipping,DC-West (CA),5347,5347.0,1.39,24,22.0,2025-10-28,2025-10-26,0.0,Delivered,True,True,7432.33,1.0
PO-2025-01343,2025-10-04,Rhine Components GmbH,EMEA,Electronics,ELE-8742,Air,SkyBridge Air Cargo,DC-West (CA),129,129.0,39.12,8,4.0,2025-10-12,2025-10-08,0.0,Delivered,True,True,5046.48,1.0
PO-2025-01344,2025-10-04,Shenzhen Precision Ltd,APAC,Components,COM-4682,Ocean,BlueWave Lines,DC-West (CA),564,564.0,13.81,32,35.0,2025-11-05,2025-11-08,3.0,Delivered,False,True,7788.84,0.0
PO-2025-01345,2025-10-05,Bangalore ElectroTech,APAC,Electronics,ELE-4758,Air,SkyBridge Air Cargo,DC-Central (TX),111,111.0,48.14,13,11.0,2025-10-18,2025-10-16,0.0,Delivered,True,True,5343.54,1.0
PO-2025-01346,2025-10-05,Allegheny Metals,North America,Raw Materials,RAW-3936,Ground,Continental Trucking,DC-South (GA),2291,2291.0,8.42,8,9.0,2025-10-13,2025-10-14,1.0,Delivered,False,True,19290.22,0.0
PO-2025-01347,2025-10-05,Rhine Components GmbH,EMEA,Components,COM-6436,Air,AeroFast,DC-Central (TX),627,627.0,10.86,9,9.0,2025-10-14,2025-10-14,0.0,Delivered,True,True,6809.22,1.0
PO-2025-01348,2025-10-05,Iberia Logistics SA,EMEA,Packaging,PAC-2730,Ocean,Meridian Shipping,DC-Central (TX),5298,5298.0,1.47,21,19.0,2025-10-26,2025-10-24,0.0,Delivered,True,True,7788.06,1.0
PO-2025-01349,2025-10-05,Pacific Components Co.,APAC,Electronics,ELE-7733,Ocean,BlueWave Lines,DC-Central (TX),113,113.0,38.58,34,37.0,2025-11-08,2025-11-11,3.0,Delivered,False,True,4359.54,0.0
PO-2025-01350,2025-10-05,Allegheny Metals,North America,Components,COM-4178,Ground,RoadRunner Freight,DC-East (PA),599,599.0,20.05,7,5.0,2025-10-12,2025-10-10,0.0,Delivered,True,True,12009.95,1.0
PO-2025-01351,2025-10-05,Rhine Components GmbH,EMEA,Components,COM-8629,Air,AeroFast,DC-East (PA),655,655.0,12.58,10,8.0,2025-10-15,2025-10-13,0.0,Delivered,True,True,8239.9,1.0
PO-2025-01352,2025-10-05,Pacific Components Co.,APAC,Electronics,ELE-1272,Ocean,Meridian Shipping,DC-West (CA),112,112.0,51.91,34,35.0,2025-11-08,2025-11-09,1.0,Delivered,False,True,5813.92,0.0
PO-2025-01353,2025-10-05,São Paulo Supply,LATAM,Raw Materials,RAW-8020,Ocean,Meridian Shipping,DC-East (PA),2171,2171.0,8.8,28,27.0,2025-11-02,2025-11-01,0.0,Delivered,True,True,19104.8,1.0
PO-2025-01354,2025-10-05,Bangalore ElectroTech,APAC,Electronics,ELE-1721,Air,AeroFast,DC-West (CA),103,103.0,42.57,13,11.0,2025-10-18,2025-10-16,0.0,Delivered,True,True,4384.71,1.0
PO-2025-01355,2025-10-05,Bangalore ElectroTech,APAC,Electronics,ELE-1299,Air,AeroFast,DC-East (PA),125,125.0,31.67,13,10.0,2025-10-18,2025-10-15,0.0,Delivered,True,True,3958.75,1.0
PO-2025-01356,2025-10-05,Rhine Components GmbH,EMEA,Electronics,ELE-2733,Air,SkyBridge Air Cargo,DC-West (CA),125,125.0,36.15,8,7.0,2025-10-13,2025-10-12,0.0,Delivered,True,True,4518.75,1.0
PO-2025-01357,2025-10-05,Pacific Components Co.,APAC,Components,COM-4986,Ocean,BlueWave Lines,DC-West (CA),627,627.0,16.49,34,34.0,2025-11-08,2025-11-08,0.0,Delivered,True,True,10339.23,1.0
PO-2025-01358,2025-10-06,São Paulo Supply,LATAM,Finished Goods,FIN-6587,Ocean,BlueWave Lines,DC-West (CA),85,85.0,93.91,27,26.0,2025-11-02,2025-11-01,0.0,Delivered,True,True,7982.35,1.0
PO-2025-01359,2025-10-06,Monterrey Assembly,LATAM,Finished Goods,FIN-6273,Ground,RoadRunner Freight,DC-West (CA),82,82.0,57.6,11,11.0,2025-10-17,2025-10-17,0.0,Delivered,True,True,4723.2,1.0
PO-2025-01360,2025-10-06,Monterrey Assembly,LATAM,Components,COM-8473,Ground,RoadRunner Freight,DC-East (PA),590,590.0,11.6,11,9.0,2025-10-17,2025-10-15,0.0,Delivered,True,True,6844.0,1.0
PO-2025-01361,2025-10-06,Monterrey Assembly,LATAM,Finished Goods,FIN-1073,Ground,RoadRunner Freight,DC-East (PA),103,103.0,47.96,11,10.0,2025-10-17,2025-10-16,0.0,Delivered,True,True,4939.88,1.0
PO-2025-01362,2025-10-06,Shenzhen Precision Ltd,APAC,Components,COM-2482,Ocean,Meridian Shipping,DC-East (PA),603,603.0,10.49,32,33.0,2025-11-07,2025-11-08,1.0,Delivered,False,True,6325.47,0.0
PO-2025-01363,2025-10-06,Allegheny Metals,North America,Components,COM-9404,Ground,Continental Trucking,DC-West (CA),649,649.0,9.06,8,7.0,2025-10-14,2025-10-13,0.0,Delivered,True,True,5879.94,1.0
PO-2025-01364,2025-10-06,Bangalore ElectroTech,APAC,Electronics,ELE-2105,Air,SkyBridge Air Cargo,DC-Central (TX),107,95.0,50.06,14,14.0,2025-10-20,2025-10-20,0.0,Delivered,True,False,5356.42,0.0
PO-2025-01365,2025-10-06,Pacific Components Co.,APAC,Electronics,ELE-4515,Ocean,BlueWave Lines,DC-East (PA),123,123.0,37.39,34,34.0,2025-11-09,2025-11-09,0.0,Delivered,True,True,4598.97,1.0
PO-2025-01366,2025-10-06,Shenzhen Precision Ltd,APAC,Components,COM-8096,Ocean,BlueWave Lines,DC-West (CA),590,590.0,12.58,31,28.0,2025-11-06,2025-11-03,0.0,Delivered,True,True,7422.2,1.0
PO-2025-01367,2025-10-06,Pacific Components Co.,APAC,Electronics,ELE-4158,Ocean,BlueWave Lines,DC-West (CA),126,126.0,35.95,34,36.0,2025-11-09,2025-11-11,2.0,Delivered,False,True,4529.7,0.0
PO-2025-01368,2025-10-06,Shenzhen Precision Ltd,APAC,Components,COM-6432,Ocean,Meridian Shipping,DC-Central (TX),578,578.0,19.17,32,30.0,2025-11-07,2025-11-05,0.0,Delivered,True,True,11080.26,1.0
PO-2025-01369,2025-10-06,Allegheny Metals,North America,Raw Materials,RAW-6919,Ground,Continental Trucking,DC-South (GA),2226,2226.0,9.75,7,5.0,2025-10-13,2025-10-11,0.0,Delivered,True,True,21703.5,1.0
PO-2025-01370,2025-10-07,Great Lakes Packaging,North America,Packaging,PAC-3553,Ground,Continental Trucking,DC-East (PA),5495,5495.0,0.94,7,6.0,2025-10-14,2025-10-13,0.0,Delivered,True,True,5165.3,1.0
PO-2025-01371,2025-10-07,Monterrey Assembly,LATAM,Finished Goods,FIN-9610,Ground,Continental Trucking,DC-West (CA),77,77.0,54.67,12,10.0,2025-10-19,2025-10-17,0.0,Delivered,True,True,4209.59,1.0
PO-2025-01372,2025-10-07,São Paulo Supply,LATAM,Raw Materials,RAW-7785,Ocean,BlueWave Lines,DC-East (PA),2179,2179.0,8.75,28,28.0,2025-11-04,2025-11-04,0.0,Delivered,True,True,19066.25,1.0
PO-2025-01373,2025-10-07,Pacific Components Co.,APAC,Components,COM-1617,Ocean,BlueWave Lines,DC-East (PA),601,601.0,15.49,36,32.0,2025-11-12,2025-11-08,0.0,Delivered,True,True,9309.49,1.0
PO-2025-01374,2025-10-08,Rhine Components GmbH,EMEA,Electronics,ELE-6125,Air,AeroFast,DC-East (PA),132,132.0,46.4,10,8.0,2025-10-18,2025-10-16,0.0,Delivered,True,True,6124.8,1.0
PO-2025-01375,2025-10-08,Shenzhen Precision Ltd,APAC,Electronics,ELE-6631,Ocean,BlueWave Lines,DC-West (CA),106,106.0,43.52,32,31.0,2025-11-09,2025-11-08,0.0,Delivered,True,True,4613.12,1.0
PO-2025-01376,2025-10-08,Iberia Logistics SA,EMEA,Packaging,PAC-6430,Ocean,Meridian Shipping,DC-East (PA),5369,5369.0,1.14,25,23.0,2025-11-02,2025-10-31,0.0,Delivered,True,True,6120.66,1.0
PO-2025-01377,2025-10-08,Bangalore ElectroTech,APAC,Electronics,ELE-9416,Air,SkyBridge Air Cargo,DC-South (GA),126,126.0,58.54,12,10.0,2025-10-20,2025-10-18,0.0,Delivered,True,True,7376.04,1.0
PO-2025-01378,2025-10-08,Bangalore ElectroTech,APAC,Electronics,ELE-2312,Air,AeroFast,DC-South (GA),107,107.0,36.22,10,8.0,2025-10-18,2025-10-16,0.0,Delivered,True,True,3875.54,1.0
PO-2025-01379,2025-10-08,Monterrey Assembly,LATAM,Components,COM-1370,Ground,Continental Trucking,DC-South (GA),601,499.0,10.92,13,12.0,2025-10-21,2025-10-20,0.0,Delivered,True,False,6562.92,0.0
PO-2025-01380,2025-10-08,Great Lakes Packaging,North America,Packaging,PAC-9490,Ground,Continental Trucking,DC-East (PA),5157,5157.0,0.84,7,5.0,2025-10-15,2025-10-13,0.0,Delivered,True,True,4331.88,1.0
PO-2025-01381,2025-10-08,Bangalore ElectroTech,APAC,Electronics,ELE-6478,Air,AeroFast,DC-West (CA),131,131.0,44.32,11,12.0,2025-10-19,2025-10-20,1.0,Delivered,False,True,5805.92,0.0
PO-2025-01382,2025-10-08,Rhine Components GmbH,EMEA,Electronics,ELE-5642,Air,AeroFast,DC-West (CA),114,114.0,29.33,8,6.0,2025-10-16,2025-10-14,0.0,Delivered,True,True,3343.62,1.0
PO-2025-01383,2025-10-08,Iberia Logistics SA,EMEA,Finished Goods,FIN-9057,Ocean,BlueWave Lines,DC-West (CA),100,100.0,102.28,23,29.0,2025-10-31,2025-11-06,6.0,Delivered,False,True,10228.0,0.0
PO-2025-01384,2025-10-08,Iberia Logistics SA,EMEA,Packaging,PAC-3932,Ocean,BlueWave Lines,DC-South (GA),5264,5264.0,1.09,24,19.0,2025-11-01,2025-10-27,0.0,Delivered,True,True,5737.76,1.0
PO-2025-01385,2025-10-08,Pacific Components Co.,APAC,Electronics,ELE-4704,Ocean,BlueWave Lines,DC-Central (TX),117,117.0,43.63,35,37.0,2025-11-12,2025-11-14,2.0,Delivered,False,True,5104.71,0.0
PO-2025-01386,2025-10-08,Shenzhen Precision Ltd,APAC,Components,COM-3744,Ocean,Meridian Shipping,DC-East (PA),588,588.0,11.28,31,29.0,2025-11-08,2025-11-06,0.0,Delivered,True,True,6632.64,1.0
PO-2025-01387,2025-10-08,Pacific Components Co.,APAC,Electronics,ELE-4243,Ocean,Meridian Shipping,DC-West (CA),118,118.0,39.67,33,29.0,2025-11-10,2025-11-06,0.0,Delivered,True,True,4681.06,1.0
PO-2025-01388,2025-10-08,Great Lakes Packaging,North America,Packaging,PAC-4311,Ground,RoadRunner Freight,DC-West (CA),5274,5274.0,1.61,6,7.0,2025-10-14,2025-10-15,1.0,Delivered,False,True,8491.14,0.0
PO-2025-01389,2025-10-09,Pacific Components Co.,APAC,Components,COM-5605,Ocean,BlueWave Lines,DC-East (PA),600,600.0,20.86,33,38.0,2025-11-11,2025-11-16,5.0,Delivered,False,True,12516.0,0.0
PO-2025-01390,2025-10-09,Rhine Components GmbH,EMEA,Components,COM-3892,Air,AeroFast,DC-East (PA),649,649.0,15.36,10,8.0,2025-10-19,2025-10-17,0.0,Delivered,True,True,9968.64,1.0
PO-2025-01391,2025-10-09,Pacific Components Co.,APAC,Components,COM-5529,Ocean,Meridian Shipping,DC-South (GA),597,597.0,22.0,33,37.0,2025-11-11,2025-11-15,4.0,Delivered,False,True,13134.0,0.0
PO-2025-01392,2025-10-09,Great Lakes Packaging,North America,Packaging,PAC-4123,Ground,RoadRunner Freight,DC-West (CA),5366,5366.0,1.63,7,6.0,2025-10-16,2025-10-15,0.0,Delivered,True,True,8746.58,1.0
PO-2025-01393,2025-10-09,Allegheny Metals,North America,Components,COM-9031,Ground,Continental Trucking,DC-South (GA),610,610.0,18.77,9,7.0,2025-10-18,2025-10-16,0.0,Delivered,True,True,11449.7,1.0
PO-2025-01394,2025-10-09,Allegheny Metals,North America,Raw Materials,RAW-1954,Ground,RoadRunner Freight,DC-Central (TX),2191,1895.0,8.14,8,6.0,2025-10-17,2025-10-15,0.0,Delivered,True,False,17834.74,0.0
PO-2025-01395,2025-10-09,Shenzhen Precision Ltd,APAC,Components,COM-2674,Ocean,Meridian Shipping,DC-West (CA),635,635.0,11.31,31,25.0,2025-11-09,2025-11-03,0.0,Delivered,True,True,7181.85,1.0
PO-2025-01396,2025-10-09,Shenzhen Precision Ltd,APAC,Electronics,ELE-8589,Ocean,Meridian Shipping,DC-Central (TX),111,111.0,40.93,31,27.0,2025-11-09,2025-11-05,0.0,Delivered,True,True,4543.23,1.0
PO-2025-01397,2025-10-09,Iberia Logistics SA,EMEA,Finished Goods,FIN-8756,Ocean,BlueWave Lines,DC-Central (TX),73,73.0,36.36,23,23.0,2025-11-01,2025-11-01,0.0,Delivered,True,True,2654.28,1.0
PO-2025-01398,2025-10-09,Allegheny Metals,North America,Components,COM-7083,Ground,RoadRunner Freight,DC-East (PA),637,637.0,17.94,6,5.0,2025-10-15,2025-10-14,0.0,Delivered,True,True,11427.78,1.0
PO-2025-01399,2025-10-09,Allegheny Metals,North America,Raw Materials,RAW-4470,Ground,RoadRunner Freight,DC-East (PA),2187,2187.0,6.25,7,9.0,2025-10-16,2025-10-18,2.0,Delivered,False,True,13668.75,0.0
PO-2025-01400,2025-10-09,Rhine Components GmbH,EMEA,Components,COM-5643,Air,SkyBridge Air Cargo,DC-West (CA),634,634.0,19.81,8,9.0,2025-10-17,2025-10-18,1.0,Delivered,False,True,12559.54,0.0
PO-2025-01401,2025-10-09,Bangalore ElectroTech,APAC,Electronics,ELE-5639,Air,AeroFast,DC-West (CA),128,128.0,41.93,12,12.0,2025-10-21,2025-10-21,0.0,Delivered,True,True,5367.04,1.0
PO-2025-01402,2025-10-09,Iberia Logistics SA,EMEA,Packaging,PAC-6983,Ocean,BlueWave Lines,DC-West (CA),5419,5419.0,1.11,26,23.0,2025-11-04,2025-11-01,0.0,Delivered,True,True,6015.09,1.0
PO-2025-01403,2025-10-10,Bangalore ElectroTech,APAC,Electronics,ELE-8176,Air,AeroFast,DC-South (GA),118,118.0,33.52,13,11.0,2025-10-23,2025-10-21,0.0,Delivered,True,True,3955.36,1.0
PO-2025-01404,2025-10-10,Rhine Components GmbH,EMEA,Electronics,ELE-1573,Air,AeroFast,DC-East (PA),102,102.0,45.76,8,3.0,2025-10-18,2025-10-13,0.0,Delivered,True,True,4667.52,1.0
PO-2025-01405,2025-10-10,Allegheny Metals,North America,Raw Materials,RAW-8345,Ground,Continental Trucking,DC-West (CA),2175,2175.0,7.4,7,4.0,2025-10-17,2025-10-14,0.0,Delivered,True,True,16095.0,1.0
PO-2025-01406,2025-10-10,Shenzhen Precision Ltd,APAC,Electronics,ELE-4620,Ocean,Meridian Shipping,DC-Central (TX),135,135.0,36.75,32,32.0,2025-11-11,2025-11-11,0.0,Delivered,True,True,4961.25,1.0
PO-2025-01407,2025-10-10,Pacific Components Co.,APAC,Electronics,ELE-9500,Ocean,BlueWave Lines,DC-Central (TX),100,88.0,50.5,35,40.0,2025-11-14,2025-11-19,5.0,Delivered,False,False,5050.0,0.0
PO-2025-01408,2025-10-10,Shenzhen Precision Ltd,APAC,Components,COM-4651,Ocean,BlueWave Lines,DC-South (GA),574,574.0,14.6,30,28.0,2025-11-09,2025-11-07,0.0,Delivered,True,True,8380.4,1.0
PO-2025-01409,2025-10-10,Pacific Components Co.,APAC,Components,COM-5902,Ocean,BlueWave Lines,DC-South (GA),595,595.0,19.12,34,41.0,2025-11-13,2025-11-20,7.0,Delivered,False,True,11376.4,0.0
PO-2025-01410,2025-10-10,Allegheny Metals,North America,Raw Materials,RAW-7757,Ground,RoadRunner Freight,DC-East (PA),2149,2149.0,9.05,7,5.0,2025-10-17,2025-10-15,0.0,Delivered,True,True,19448.45,1.0
PO-2025-01411,2025-10-10,Rhine Components GmbH,EMEA,Electronics,ELE-9238,Air,SkyBridge Air Cargo,DC-Central (TX),122,122.0,38.18,9,6.0,2025-10-19,2025-10-16,0.0,Delivered,True,True,4657.96,1.0
PO-2025-01412,2025-10-10,São Paulo Supply,LATAM,Finished Goods,FIN-1337,Ocean,BlueWave Lines,DC-Central (TX),88,88.0,40.69,28,29.0,2025-11-07,2025-11-08,1.0,Delivered,False,True,3580.72,0.0
PO-2025-01413,2025-10-10,Pacific Components Co.,APAC,Components,COM-1761,Ocean,Meridian Shipping,DC-South (GA),577,577.0,20.57,34,34.0,2025-11-13,2025-11-13,0.0,Delivered,True,True,11868.89,1.0
PO-2025-01414,2025-10-10,Rhine Components GmbH,EMEA,Electronics,ELE-1672,Air,AeroFast,DC-Central (TX),121,121.0,45.31,8,4.0,2025-10-18,2025-10-14,0.0,Delivered,True,True,5482.51,1.0
PO-2025-01415,2025-10-10,Allegheny Metals,North America,Components,COM-4254,Ground,Continental Trucking,DC-South (GA),605,605.0,21.91,8,5.0,2025-10-18,2025-10-15,0.0,Delivered,True,True,13255.55,1.0
PO-2025-01416,2025-10-10,São Paulo Supply,LATAM,Raw Materials,RAW-5553,Ocean,Meridian Shipping,DC-South (GA),2159,2159.0,8.18,27,30.0,2025-11-06,2025-11-09,3.0,Delivered,False,True,17660.62,0.0
PO-2025-01417,2025-10-10,Pacific Components Co.,APAC,Electronics,ELE-8536,Ocean,BlueWave Lines,DC-West (CA),141,141.0,37.08,35,36.0,2025-11-14,2025-11-15,1.0,Delivered,False,True,5228.28,0.0
PO-2025-01418,2025-10-10,Allegheny Metals,North America,Components,COM-7235,Ground,RoadRunner Freight,DC-South (GA),637,637.0,19.76,9,5.0,2025-10-19,2025-10-15,0.0,Delivered,True,True,12587.12,1.0
PO-2025-01419,2025-10-10,Iberia Logistics SA,EMEA,Finished Goods,FIN-3028,Ocean,BlueWave Lines,DC-East (PA),93,93.0,66.82,24,26.0,2025-11-03,2025-11-05,2.0,Delivered,False,True,6214.26,0.0
PO-2025-01420,2025-10-10,Monterrey Assembly,LATAM,Components,COM-9304,Ground,RoadRunner Freight,DC-East (PA),648,648.0,22.26,10,8.0,2025-10-20,2025-10-18,0.0,Delivered,True,True,14424.48,1.0
PO-2025-01421,2025-10-10,Iberia Logistics SA,EMEA,Packaging,PAC-3357,Ocean,Meridian Shipping,DC-South (GA),5400,5000.0,1.71,25,19.0,2025-11-04,2025-10-29,0.0,Delivered,True,False,9234.0,0.0
PO-2025-01422,2025-10-10,Shenzhen Precision Ltd,APAC,Components,COM-4342,Ocean,BlueWave Lines,DC-Central (TX),603,603.0,17.81,30,29.0,2025-11-09,2025-11-08,0.0,Delivered,True,True,10739.43,1.0
PO-2025-01423,2025-10-10,Monterrey Assembly,LATAM,Components,COM-8199,Ground,RoadRunner Freight,DC-South (GA),599,599.0,18.18,11,10.0,2025-10-21,2025-10-20,0.0,Delivered,True,True,10889.82,1.0
PO-2025-01424,2025-10-10,Great Lakes Packaging,North America,Packaging,PAC-1953,Ground,Continental Trucking,DC-Central (TX),5430,5430.0,1.28,6,7.0,2025-10-16,2025-10-17,1.0,Delivered,False,True,6950.4,0.0
PO-2025-01425,2025-10-11,Rhine Components GmbH,EMEA,Components,COM-7704,Air,SkyBridge Air Cargo,DC-South (GA),573,573.0,14.83,9,8.0,2025-10-20,2025-10-19,0.0,Delivered,True,True,8497.59,1.0
PO-2025-01426,2025-10-11,Shenzhen Precision Ltd,APAC,Components,COM-2569,Ocean,BlueWave Lines,DC-Central (TX),585,585.0,6.47,34,32.0,2025-11-14,2025-11-12,0.0,Delivered,True,True,3784.95,1.0
PO-2025-01427,2025-10-11,Rhine Components GmbH,EMEA,Components,COM-3380,Air,SkyBridge Air Cargo,DC-East (PA),553,553.0,14.27,8,7.0,2025-10-19,2025-10-18,0.0,Delivered,True,True,7891.31,1.0
PO-2025-01428,2025-10-11,Pacific Components Co.,APAC,Components,COM-9430,Ocean,BlueWave Lines,DC-Central (TX),586,586.0,16.13,34,30.0,2025-11-14,2025-11-10,0.0,Delivered,True,True,9452.18,1.0
PO-2025-01429,2025-10-11,Allegheny Metals,North America,Raw Materials,RAW-5104,Ground,RoadRunner Freight,DC-West (CA),2193,2193.0,6.33,7,4.0,2025-10-18,2025-10-15,0.0,Delivered,True,True,13881.69,1.0
PO-2025-01430,2025-10-11,Allegheny Metals,North America,Components,COM-1831,Ground,Continental Trucking,DC-Central (TX),604,604.0,19.81,8,4.0,2025-10-19,2025-10-15,0.0,Delivered,True,True,11965.24,1.0
PO-2025-01431,2025-10-11,São Paulo Supply,LATAM,Finished Goods,FIN-1493,Ocean,Meridian Shipping,DC-South (GA),69,69.0,96.97,28,28.0,2025-11-08,2025-11-08,0.0,Delivered,True,True,6690.93,1.0
PO-2025-01432,2025-10-11,Bangalore ElectroTech,APAC,Electronics,ELE-5756,Air,SkyBridge Air Cargo,DC-East (PA),102,102.0,32.35,11,11.0,2025-10-22,2025-10-22,0.0,Delivered,True,True,3299.7,1.0
PO-2025-01433,2025-10-11,Bangalore ElectroTech,APAC,Electronics,ELE-4839,Air,SkyBridge Air Cargo,DC-Central (TX),110,110.0,50.96,12,8.0,2025-10-23,2025-10-19,0.0,Delivered,True,True,5605.6,1.0
PO-2025-01434,2025-10-11,Bangalore ElectroTech,APAC,Electronics,ELE-9892,Air,SkyBridge Air Cargo,DC-Central (TX),105,105.0,23.19,13,13.0,2025-10-24,2025-10-24,0.0,Delivered,True,True,2434.95,1.0
PO-2025-01435,2025-10-12,São Paulo Supply,LATAM,Finished Goods,FIN-7531,Ocean,BlueWave Lines,DC-Central (TX),82,82.0,70.87,27,29.0,2025-11-08,2025-11-10,2.0,Delivered,False,True,5811.34,0.0
PO-2025-01436,2025-10-12,Iberia Logistics SA,EMEA,Packaging,PAC-6434,Ocean,BlueWave Lines,DC-East (PA),5451,5451.0,1.59,24,21.0,2025-11-05,2025-11-02,0.0,Delivered,True,True,8667.09,1.0
PO-2025-01437,2025-10-12,Iberia Logistics SA,EMEA,Packaging,PAC-8683,Ocean,Meridian Shipping,DC-West (CA),5549,5549.0,1.3,26,24.0,2025-11-07,2025-11-05,0.0,Delivered,True,True,7213.7,1.0
PO-2025-01438,2025-10-12,São Paulo Supply,LATAM,Finished Goods,FIN-2904,Ocean,Meridian Shipping,DC-Central (TX),103,103.0,78.71,27,25.0,2025-11-08,2025-11-06,0.0,Delivered,True,True,8107.13,1.0
PO-2025-01439,2025-10-12,São Paulo Supply,LATAM,Finished Goods,FIN-5141,Ocean,Meridian Shipping,DC-West (CA),95,95.0,86.44,27,29.0,2025-11-08,2025-11-10,2.0,Delivered,False,True,8211.8,0.0
PO-2025-01440,2025-10-12,Iberia Logistics SA,EMEA,Packaging,PAC-9322,Ocean,BlueWave Lines,DC-South (GA),5286,5286.0,1.34,23,25.0,2025-11-04,2025-11-06,2.0,Delivered,False,True,7083.24,0.0
PO-2025-01441,2025-10-12,Shenzhen Precision Ltd,APAC,Components,COM-5866,Ocean,Meridian Shipping,DC-East (PA),592,578.0,10.32,33,29.0,2025-11-14,2025-11-10,0.0,Delivered,True,False,6109.44,0.0
PO-2025-01442,2025-10-12,Allegheny Metals,North America,Raw Materials,RAW-6581,Ground,Continental Trucking,DC-Central (TX),2181,2181.0,12.83,9,5.0,2025-10-21,2025-10-17,0.0,Delivered,True,True,27982.23,1.0
PO-2025-01443,2025-10-12,Iberia Logistics SA,EMEA,Packaging,PAC-6985,Ocean,Meridian Shipping,DC-West (CA),5336,4497.0,1.48,27,27.0,2025-11-08,2025-11-08,0.0,Delivered,True,False,7897.28,0.0
PO-2025-01444,2025-10-12,Iberia Logistics SA,EMEA,Finished Goods,FIN-8564,Ocean,BlueWave Lines,DC-East (PA),111,111.0,98.68,25,25.0,2025-11-06,2025-11-06,0.0,Delivered,True,True,10953.48,1.0
PO-2025-01445,2025-10-12,Monterrey Assembly,LATAM,Components,COM-3475,Ground,RoadRunner Freight,DC-Central (TX),621,621.0,5.94,11,9.0,2025-10-23,2025-10-21,0.0,Delivered,True,True,3688.74,1.0
PO-2025-01446,2025-10-12,São Paulo Supply,LATAM,Finished Goods,FIN-2639,Ocean,Meridian Shipping,DC-Central (TX),99,99.0,77.04,28,18.0,2025-11-09,2025-10-30,0.0,Delivered,True,True,7626.96,1.0
PO-2025-01447,2025-10-13,Bangalore ElectroTech,APAC,Electronics,ELE-5553,Air,SkyBridge Air Cargo,DC-East (PA),130,130.0,53.02,13,11.0,2025-10-26,2025-10-24,0.0,Delivered,True,True,6892.6,1.0
PO-2025-01448,2025-10-13,Pacific Components Co.,APAC,Electronics,ELE-5450,Ocean,Meridian Shipping,DC-East (PA),112,112.0,40.7,34,40.0,2025-11-16,2025-11-22,6.0,Delivered,False,True,4558.4,0.0
PO-2025-01449,2025-10-13,Bangalore ElectroTech,APAC,Electronics,ELE-6270,Air,SkyBridge Air Cargo,DC-Central (TX),136,136.0,46.89,11,7.0,2025-10-24,2025-10-20,0.0,Delivered,True,True,6377.04,1.0
PO-2025-01450,2025-10-13,São Paulo Supply,LATAM,Raw Materials,RAW-3999,Ocean,BlueWave Lines,DC-East (PA),2203,2203.0,10.43,29,19.0,2025-11-11,2025-11-01,0.0,Delivered,True,True,22977.29,1.0
PO-2025-01451,2025-10-13,Pacific Components Co.,APAC,Electronics,ELE-4063,Ocean,Meridian Shipping,DC-West (CA),115,115.0,46.16,33,37.0,2025-11-15,2025-11-19,4.0,Delivered,False,True,5308.4,0.0
PO-2025-01452,2025-10-13,Monterrey Assembly,LATAM,Finished Goods,FIN-5506,Ground,RoadRunner Freight,DC-Central (TX),102,102.0,72.06,13,11.0,2025-10-26,2025-10-24,0.0,Delivered,True,True,7350.12,1.0
PO-2025-01453,2025-10-13,Rhine Components GmbH,EMEA,Electronics,ELE-5403,Air,AeroFast,DC-Central (TX),121,121.0,31.86,11,8.0,2025-10-24,2025-10-21,0.0,Delivered,True,True,3855.06,1.0
PO-2025-01454,2025-10-13,Allegheny Metals,North America,Components,COM-3979,Ground,RoadRunner Freight,DC-South (GA),620,620.0,17.71,7,8.0,2025-10-20,2025-10-21,1.0,Delivered,False,True,10980.2,0.0
PO-2025-01455,2025-10-13,Monterrey Assembly,LATAM,Finished Goods,FIN-7428,Ground,RoadRunner Freight,DC-West (CA),92,92.0,93.92,11,9.0,2025-10-24,2025-10-22,0.0,Delivered,True,True,8640.64,1.0
PO-2025-01456,2025-10-13,Pacific Components Co.,APAC,Electronics,ELE-1524,Ocean,BlueWave Lines,DC-Central (TX),126,126.0,46.49,33,38.0,2025-11-15,2025-11-20,5.0,Delivered,False,True,5857.74,0.0
PO-2025-01457,2025-10-13,Great Lakes Packaging,North America,Packaging,PAC-4183,Ground,RoadRunner Freight,DC-East (PA),5413,5413.0,1.17,7,6.0,2025-10-20,2025-10-19,0.0,Delivered,True,True,6333.21,1.0
PO-2025-01458,2025-10-13,Allegheny Metals,North America,Components,COM-1901,Ground,RoadRunner Freight,DC-South (GA),621,621.0,11.36,7,6.0,2025-10-20,2025-10-19,0.0,Delivered,True,True,7054.56,1.0
PO-2025-01459,2025-10-13,Rhine Components GmbH,EMEA,Electronics,ELE-2665,Air,SkyBridge Air Cargo,DC-West (CA),95,95.0,54.34,10,6.0,2025-10-23,2025-10-19,0.0,Delivered,True,True,5162.3,1.0
PO-2025-01460,2025-10-13,Iberia Logistics SA,EMEA,Packaging,PAC-9527,Ocean,BlueWave Lines,DC-West (CA),5415,5415.0,1.72,23,27.0,2025-11-05,2025-11-09,4.0,Delivered,False,True,9313.8,0.0
PO-2025-01461,2025-10-13,Monterrey Assembly,LATAM,Components,COM-4038,Ground,Continental Trucking,DC-Central (TX),650,650.0,12.06,12,12.0,2025-10-25,2025-10-25,0.0,Delivered,True,True,7839.0,1.0
PO-2025-01462,2025-10-13,Great Lakes Packaging,North America,Packaging,PAC-9576,Ground,Continental Trucking,DC-West (CA),5359,5359.0,1.12,5,5.0,2025-10-18,2025-10-18,0.0,Delivered,True,True,6002.08,1.0
PO-2025-01463,2025-10-14,Bangalore ElectroTech,APAC,Electronics,ELE-3102,Air,AeroFast,DC-West (CA),105,105.0,37.8,12,13.0,2025-10-26,2025-10-27,1.0,Delivered,False,True,3969.0,0.0
PO-2025-01464,2025-10-14,Allegheny Metals,North America,Components,COM-6576,Ground,Continental Trucking,DC-South (GA),609,609.0,15.53,7,7.0,2025-10-21,2025-10-21,0.0,Delivered,True,True,9457.77,1.0
PO-2025-01465,2025-10-14,Great Lakes Packaging,North America,Packaging,PAC-4095,Ground,Continental Trucking,DC-South (GA),5274,5274.0,1.25,6,3.0,2025-10-20,2025-10-17,0.0,Delivered,True,True,6592.5,1.0
PO-2025-01466,2025-10-14,São Paulo Supply,LATAM,Finished Goods,FIN-9887,Ocean,BlueWave Lines,DC-East (PA),71,71.0,79.9,30,27.0,2025-11-13,2025-11-10,0.0,Delivered,True,True,5672.9,1.0
PO-2025-01467,2025-10-14,Shenzhen Precision Ltd,APAC,Components,COM-6167,Ocean,Meridian Shipping,DC-South (GA),644,644.0,26.62,31,34.0,2025-11-14,2025-11-17,3.0,Delivered,False,True,17143.28,0.0
PO-2025-01468,2025-10-14,Bangalore ElectroTech,APAC,Electronics,ELE-4581,Air,SkyBridge Air Cargo,DC-East (PA),133,133.0,58.57,12,11.0,2025-10-26,2025-10-25,0.0,Delivered,True,True,7789.81,1.0
PO-2025-01469,2025-10-14,Bangalore ElectroTech,APAC,Electronics,ELE-7188,Air,SkyBridge Air Cargo,DC-East (PA),119,112.0,33.14,12,12.0,2025-10-26,2025-10-26,0.0,Delivered,True,False,3943.66,0.0
PO-2025-01470,2025-10-14,Iberia Logistics SA,EMEA,Finished Goods,FIN-6799,Ocean,Meridian Shipping,DC-Central (TX),99,99.0,90.42,26,28.0,2025-11-09,2025-11-11,2.0,Delivered,False,True,8951.58,0.0
PO-2025-01471,2025-10-14,Allegheny Metals,North America,Raw Materials,RAW-3590,Ground,RoadRunner Freight,DC-East (PA),2167,2167.0,6.76,7,3.0,2025-10-21,2025-10-17,0.0,Delivered,True,True,14648.92,1.0
PO-2025-01472,2025-10-14,Bangalore ElectroTech,APAC,Electronics,ELE-5123,Air,AeroFast,DC-South (GA),129,129.0,36.12,11,8.0,2025-10-25,2025-10-22,0.0,Delivered,True,True,4659.48,1.0
PO-2025-01473,2025-10-14,São Paulo Supply,LATAM,Finished Goods,FIN-1067,Ocean,Meridian Shipping,DC-Central (TX),65,65.0,77.99,28,23.0,2025-11-11,2025-11-06,0.0,Delivered,True,True,5069.35,1.0
PO-2025-01474,2025-10-14,Great Lakes Packaging,North America,Packaging,PAC-7673,Ground,RoadRunner Freight,DC-West (CA),5540,5540.0,1.0,6,5.0,2025-10-20,2025-10-19,0.0,Delivered,True,True,5540.0,1.0
PO-2025-01475,2025-10-14,Great Lakes Packaging,North America,Packaging,PAC-5564,Ground,Continental Trucking,DC-Central (TX),5488,5488.0,1.64,7,5.0,2025-10-21,2025-10-19,0.0,Delivered,True,True,9000.32,1.0
PO-2025-01476,2025-10-14,São Paulo Supply,LATAM,Raw Materials,RAW-3077,Ocean,Meridian Shipping,DC-South (GA),2150,2150.0,10.18,28,27.0,2025-11-11,2025-11-10,0.0,Delivered,True,True,21887.0,1.0
PO-2025-01477,2025-10-15,Pacific Components Co.,APAC,Electronics,ELE-5630,Ocean,BlueWave Lines,DC-East (PA),110,110.0,37.88,35,33.0,2025-11-19,2025-11-17,0.0,Delivered,True,True,4166.8,1.0
PO-2025-01478,2025-10-15,Iberia Logistics SA,EMEA,Packaging,PAC-4860,Ocean,BlueWave Lines,DC-Central (TX),5455,5172.0,1.08,23,21.0,2025-11-07,2025-11-05,0.0,Delivered,True,False,5891.4,0.0
PO-2025-01479,2025-10-15,Rhine Components GmbH,EMEA,Components,COM-8323,Air,AeroFast,DC-West (CA),624,624.0,17.85,8,6.0,2025-10-23,2025-10-21,0.0,Delivered,True,True,11138.4,1.0
PO-2025-01480,2025-10-15,Great Lakes Packaging,North America,Packaging,PAC-6798,Ground,RoadRunner Freight,DC-Central (TX),5405,5405.0,1.14,6,5.0,2025-10-21,2025-10-20,0.0,Delivered,True,True,6161.7,1.0
PO-2025-01481,2025-10-15,Pacific Components Co.,APAC,Components,COM-2829,Ocean,BlueWave Lines,DC-East (PA),592,592.0,13.06,33,37.0,2025-11-17,2025-11-21,4.0,Delivered,False,True,7731.52,0.0
PO-2025-01482,2025-10-15,Monterrey Assembly,LATAM,Components,COM-3239,Ground,RoadRunner Freight,DC-South (GA),611,611.0,9.39,13,13.0,2025-10-28,2025-10-28,0.0,Delivered,True,True,5737.29,1.0
PO-2025-01483,2025-10-15,Rhine Components GmbH,EMEA,Components,COM-9416,Air,AeroFast,DC-South (GA),601,601.0,15.09,10,4.0,2025-10-25,2025-10-19,0.0,Delivered,True,True,9069.09,1.0
PO-2025-01484,2025-10-15,São Paulo Supply,LATAM,Finished Goods,FIN-3366,Ocean,Meridian Shipping,DC-East (PA),98,98.0,53.75,30,27.0,2025-11-14,2025-11-11,0.0,Delivered,True,True,5267.5,1.0
PO-2025-01485,2025-10-15,Pacific Components Co.,APAC,Electronics,ELE-5154,Ocean,BlueWave Lines,DC-East (PA),123,123.0,46.15,35,35.0,2025-11-19,2025-11-19,0.0,Delivered,True,True,5676.45,1.0
PO-2025-01486,2025-10-15,Allegheny Metals,North America,Raw Materials,RAW-4652,Ground,Continental Trucking,DC-West (CA),2156,2156.0,9.7,7,4.0,2025-10-22,2025-10-19,0.0,Delivered,True,True,20913.2,1.0
PO-2025-01487,2025-10-15,Great Lakes Packaging,North America,Packaging,PAC-9248,Ground,RoadRunner Freight,DC-South (GA),5343,5343.0,1.49,6,5.0,2025-10-21,2025-10-20,0.0,Delivered,True,True,7961.07,1.0
PO-2025-01488,2025-10-15,Rhine Components GmbH,EMEA,Electronics,ELE-7316,Air,SkyBridge Air Cargo,DC-West (CA),107,107.0,46.8,9,6.0,2025-10-24,2025-10-21,0.0,Delivered,True,True,5007.6,1.0
PO-2025-01489,2025-10-16,Monterrey Assembly,LATAM,Components,COM-2933,Ground,Continental Trucking,DC-West (CA),556,556.0,12.2,11,8.0,2025-10-27,2025-10-24,0.0,Delivered,True,True,6783.2,1.0
PO-2025-01490,2025-10-16,Allegheny Metals,North America,Components,COM-9980,Ground,RoadRunner Freight,DC-West (CA),573,573.0,15.24,7,8.0,2025-10-23,2025-10-24,1.0,Delivered,False,True,8732.52,0.0
PO-2025-01491,2025-10-16,Monterrey Assembly,LATAM,Components,COM-2902,Ground,Continental Trucking,DC-West (CA),582,521.0,9.83,11,10.0,2025-10-27,2025-10-26,0.0,Delivered,True,False,5721.06,0.0
PO-2025-01492,2025-10-16,Great Lakes Packaging,North America,Packaging,PAC-8272,Ground,Continental Trucking,DC-West (CA),5325,5325.0,1.21,6,6.0,2025-10-22,2025-10-22,0.0,Delivered,True,True,6443.25,1.0
PO-2025-01493,2025-10-16,Shenzhen Precision Ltd,APAC,Electronics,ELE-7064,Ocean,BlueWave Lines,DC-West (CA),119,119.0,43.39,30,29.0,2025-11-15,2025-11-14,0.0,Delivered,True,True,5163.41,1.0
PO-2025-01494,2025-10-16,Shenzhen Precision Ltd,APAC,Electronics,ELE-6528,Ocean,BlueWave Lines,DC-East (PA),128,128.0,51.02,35,36.0,2025-11-20,2025-11-21,1.0,Delivered,False,True,6530.56,0.0
PO-2025-01495,2025-10-16,Allegheny Metals,North America,Raw Materials,RAW-3368,Ground,RoadRunner Freight,DC-Central (TX),2204,2204.0,8.23,7,4.0,2025-10-23,2025-10-20,0.0,Delivered,True,True,18138.92,1.0
PO-2025-01496,2025-10-16,São Paulo Supply,LATAM,Finished Goods,FIN-6059,Ocean,Meridian Shipping,DC-East (PA),84,84.0,72.06,27,27.0,2025-11-12,2025-11-12,0.0,Delivered,True,True,6053.04,1.0
PO-2025-01497,2025-10-16,Pacific Components Co.,APAC,Electronics,ELE-5596,Ocean,BlueWave Lines,DC-West (CA),116,116.0,39.69,34,32.0,2025-11-19,2025-11-17,0.0,Delivered,True,True,4604.04,1.0
PO-2025-01498,2025-10-16,Great Lakes Packaging,North America,Packaging,PAC-9169,Ground,RoadRunner Freight,DC-South (GA),5394,5394.0,1.39,4,1.0,2025-10-20,2025-10-17,0.0,Delivered,True,True,7497.66,1.0
PO-2025-01499,2025-10-16,Bangalore ElectroTech,APAC,Electronics,ELE-3186,Air,SkyBridge Air Cargo,DC-West (CA),108,108.0,40.03,11,11.0,2025-10-27,2025-10-27,0.0,Delivered,True,True,4323.24,1.0
PO-2025-01500,2025-10-16,Iberia Logistics SA,EMEA,Packaging,PAC-1936,Ocean,BlueWave Lines,DC-Central (TX),5383,5383.0,1.35,24,26.0,2025-11-09,2025-11-11,2.0,Delivered,False,True,7267.05,0.0
PO-2025-01501,2025-10-16,Allegheny Metals,North America,Raw Materials,RAW-1102,Ground,RoadRunner Freight,DC-Central (TX),2192,1956.0,9.38,5,2.0,2025-10-21,2025-10-18,0.0,Delivered,True,False,20560.96,0.0
PO-2025-01502,2025-10-16,Shenzhen Precision Ltd,APAC,Components,COM-7647,Ocean,BlueWave Lines,DC-South (GA),555,555.0,22.23,32,33.0,2025-11-17,2025-11-18,1.0,Delivered,False,True,12337.65,0.0
PO-2025-01503,2025-10-16,Monterrey Assembly,LATAM,Components,COM-4407,Ground,RoadRunner Freight,DC-Central (TX),625,625.0,16.53,12,9.0,2025-10-28,2025-10-25,0.0,Delivered,True,True,10331.25,1.0
PO-2025-01504,2025-10-16,Pacific Components Co.,APAC,Electronics,ELE-7360,Ocean,BlueWave Lines,DC-East (PA),103,103.0,50.75,34,33.0,2025-11-19,2025-11-18,0.0,Delivered,True,True,5227.25,1.0
PO-2025-01505,2025-10-16,Bangalore ElectroTech,APAC,Electronics,ELE-9177,Air,AeroFast,DC-South (GA),110,110.0,47.19,12,12.0,2025-10-28,2025-10-28,0.0,Delivered,True,True,5190.9,1.0
PO-2025-01506,2025-10-16,Pacific Components Co.,APAC,Components,COM-6803,Ocean,BlueWave Lines,DC-West (CA),623,623.0,15.56,33,37.0,2025-11-18,2025-11-22,4.0,Delivered,False,True,9693.88,0.0
PO-2025-01507,2025-10-17,Iberia Logistics SA,EMEA,Finished Goods,FIN-7424,Ocean,BlueWave Lines,DC-West (CA),85,85.0,65.75,26,30.0,2025-11-12,2025-11-16,4.0,Delivered,False,True,5588.75,0.0
PO-2025-01508,2025-10-17,São Paulo Supply,LATAM,Finished Goods,FIN-2122,Ocean,BlueWave Lines,DC-South (GA),109,109.0,98.22,27,29.0,2025-11-13,2025-11-15,2.0,Delivered,False,True,10705.98,0.0
PO-2025-01509,2025-10-17,Pacific Components Co.,APAC,Electronics,ELE-7148,Ocean,Meridian Shipping,DC-West (CA),110,110.0,39.29,34,31.0,2025-11-20,2025-11-17,0.0,Delivered,True,True,4321.9,1.0
PO-2025-01510,2025-10-17,Great Lakes Packaging,North America,Packaging,PAC-5380,Ground,RoadRunner Freight,DC-South (GA),5483,5483.0,1.49,5,3.0,2025-10-22,2025-10-20,0.0,Delivered,True,True,8169.67,1.0
PO-2025-01511,2025-10-17,Allegheny Metals,North America,Components,COM-1175,Ground,RoadRunner Freight,DC-West (CA),601,577.0,16.52,7,5.0,2025-10-24,2025-10-22,0.0,Delivered,True,False,9928.52,0.0
PO-2025-01512,2025-10-17,Great Lakes Packaging,North America,Packaging,PAC-9937,Ground,RoadRunner Freight,DC-East (PA),5426,5426.0,1.36,7,8.0,2025-10-24,2025-10-25,1.0,Delivered,False,True,7379.36,0.0
PO-2025-01513,2025-10-17,Pacific Components Co.,APAC,Electronics,ELE-5809,Ocean,Meridian Shipping,DC-Central (TX),137,137.0,38.45,34,31.0,2025-11-20,2025-11-17,0.0,Delivered,True,True,5267.65,1.0
PO-2025-01514,2025-10-17,Iberia Logistics SA,EMEA,Finished Goods,FIN-2328,Ocean,BlueWave Lines,DC-East (PA),89,89.0,90.52,24,24.0,2025-11-10,2025-11-10,0.0,Delivered,True,True,8056.28,1.0
PO-2025-01515,2025-10-17,Iberia Logistics SA,EMEA,Packaging,PAC-3201,Ocean,BlueWave Lines,DC-East (PA),5282,5282.0,1.21,23,21.0,2025-11-09,2025-11-07,0.0,Delivered,True,True,6391.22,1.0
PO-2025-01516,2025-10-17,Monterrey Assembly,LATAM,Finished Goods,FIN-5436,Ground,RoadRunner Freight,DC-South (GA),97,97.0,84.66,11,11.0,2025-10-28,2025-10-28,0.0,Delivered,True,True,8212.02,1.0
PO-2025-01517,2025-10-18,Bangalore ElectroTech,APAC,Electronics,ELE-1661,Air,SkyBridge Air Cargo,DC-Central (TX),107,107.0,62.39,12,9.0,2025-10-30,2025-10-27,0.0,Delivered,True,True,6675.73,1.0
PO-2025-01518,2025-10-18,Rhine Components GmbH,EMEA,Electronics,ELE-3905,Air,SkyBridge Air Cargo,DC-Central (TX),118,118.0,52.97,10,6.0,2025-10-28,2025-10-24,0.0,Delivered,True,True,6250.46,1.0
PO-2025-01519,2025-10-18,Pacific Components Co.,APAC,Electronics,ELE-5513,Ocean,Meridian Shipping,DC-East (PA),102,102.0,37.82,33,39.0,2025-11-20,2025-11-26,6.0,Delivered,False,True,3857.64,0.0
PO-2025-01520,2025-10-18,Great Lakes Packaging,North America,Packaging,PAC-9188,Ground,RoadRunner Freight,DC-South (GA),5341,5341.0,1.38,6,1.0,2025-10-24,2025-10-19,0.0,Delivered,True,True,7370.58,1.0
PO-2025-01521,2025-10-18,Pacific Components Co.,APAC,Components,COM-5054,Ocean,BlueWave Lines,DC-South (GA),593,593.0,18.8,32,35.0,2025-11-19,2025-11-22,3.0,Delivered,False,True,11148.4,0.0
PO-2025-01522,2025-10-18,Shenzhen Precision Ltd,APAC,Components,COM-7778,Ocean,BlueWave Lines,DC-West (CA),648,648.0,18.42,32,32.0,2025-11-19,2025-11-19,0.0,Delivered,True,True,11936.16,1.0
PO-2025-01523,2025-10-18,Allegheny Metals,North America,Components,COM-9783,Ground,RoadRunner Freight,DC-East (PA),589,589.0,13.56,9,8.0,2025-10-27,2025-10-26,0.0,Delivered,True,True,7986.84,1.0
PO-2025-01524,2025-10-18,Pacific Components Co.,APAC,Electronics,ELE-6600,Ocean,BlueWave Lines,DC-East (PA),122,122.0,42.01,34,35.0,2025-11-21,2025-11-22,1.0,Delivered,False,True,5125.22,0.0
PO-2025-01525,2025-10-18,Iberia Logistics SA,EMEA,Packaging,PAC-3997,Ocean,BlueWave Lines,DC-West (CA),5517,5517.0,1.33,24,23.0,2025-11-11,2025-11-10,0.0,Delivered,True,True,7337.61,1.0
PO-2025-01526,2025-10-18,Iberia Logistics SA,EMEA,Packaging,PAC-4135,Ocean,Meridian Shipping,DC-West (CA),5459,5459.0,1.25,25,28.0,2025-11-12,2025-11-15,3.0,Delivered,False,True,6823.75,0.0
PO-2025-01527,2025-10-18,São Paulo Supply,LATAM,Finished Goods,FIN-5187,Ocean,Meridian Shipping,DC-West (CA),89,89.0,79.38,28,30.0,2025-11-15,2025-11-17,2.0,Delivered,False,True,7064.82,0.0
PO-2025-01528,2025-10-18,Bangalore ElectroTech,APAC,Electronics,ELE-7593,Air,SkyBridge Air Cargo,DC-West (CA),89,89.0,50.52,11,8.0,2025-10-29,2025-10-26,0.0,Delivered,True,True,4496.28,1.0
PO-2025-01529,2025-10-19,Shenzhen Precision Ltd,APAC,Electronics,ELE-8348,Ocean,BlueWave Lines,DC-South (GA),116,108.0,53.24,33,28.0,2025-11-21,2025-11-16,0.0,Delivered,True,False,6175.84,0.0
PO-2025-01530,2025-10-19,Allegheny Metals,North America,Components,COM-7658,Ground,Continental Trucking,DC-West (CA),642,642.0,7.95,6,6.0,2025-10-25,2025-10-25,0.0,Delivered,True,True,5103.9,1.0
PO-2025-01531,2025-10-19,Rhine Components GmbH,EMEA,Components,COM-2409,Air,SkyBridge Air Cargo,DC-East (PA),618,618.0,12.4,9,7.0,2025-10-28,2025-10-26,0.0,Delivered,True,True,7663.2,1.0
PO-2025-01532,2025-10-19,Great Lakes Packaging,North America,Packaging,PAC-5928,Ground,RoadRunner Freight,DC-Central (TX),5347,5347.0,1.24,7,6.0,2025-10-26,2025-10-25,0.0,Delivered,True,True,6630.28,1.0
PO-2025-01533,2025-10-19,São Paulo Supply,LATAM,Raw Materials,RAW-3737,Ocean,BlueWave Lines,DC-West (CA),2259,2259.0,6.83,28,29.0,2025-11-16,2025-11-17,1.0,Delivered,False,True,15428.97,0.0
PO-2025-01534,2025-10-19,São Paulo Supply,LATAM,Raw Materials,RAW-5797,Ocean,Meridian Shipping,DC-Central (TX),2217,2217.0,4.63,28,27.0,2025-11-16,2025-11-15,0.0,Delivered,True,True,10264.71,1.0
PO-2025-01535,2025-10-19,Bangalore ElectroTech,APAC,Electronics,ELE-5653,Air,AeroFast,DC-Central (TX),124,124.0,38.77,12,8.0,2025-10-31,2025-10-27,0.0,Delivered,True,True,4807.48,1.0
PO-2025-01536,2025-10-19,Great Lakes Packaging,North America,Packaging,PAC-6191,Ground,Continental Trucking,DC-East (PA),5359,5359.0,1.35,5,1.0,2025-10-24,2025-10-20,0.0,Delivered,True,True,7234.65,1.0
PO-2025-01537,2025-10-19,Iberia Logistics SA,EMEA,Finished Goods,FIN-3041,Ocean,BlueWave Lines,DC-South (GA),97,97.0,88.21,23,26.0,2025-11-11,2025-11-14,3.0,Delivered,False,True,8556.37,0.0
PO-2025-01538,2025-10-19,Monterrey Assembly,LATAM,Finished Goods,FIN-1494,Ground,Continental Trucking,DC-East (PA),100,100.0,64.35,11,14.0,2025-10-30,2025-11-02,3.0,Delivered,False,True,6435.0,0.0
PO-2025-01539,2025-10-19,Iberia Logistics SA,EMEA,Packaging,PAC-2502,Ocean,Meridian Shipping,DC-Central (TX),5308,5308.0,1.06,24,16.0,2025-11-12,2025-11-04,0.0,Delivered,True,True,5626.48,1.0
PO-2025-01540,2025-10-19,Bangalore ElectroTech,APAC,Electronics,ELE-5909,Air,SkyBridge Air Cargo,DC-East (PA),128,128.0,44.53,13,15.0,2025-11-01,2025-11-03,2.0,Delivered,False,True,5699.84,0.0
PO-2025-01541,2025-10-20,Rhine Components GmbH,EMEA,Components,COM-8445,Air,AeroFast,DC-East (PA),547,547.0,15.9,9,6.0,2025-10-29,2025-10-26,0.0,Delivered,True,True,8697.3,1.0
PO-2025-01542,2025-10-20,Shenzhen Precision Ltd,APAC,Components,COM-5420,Ocean,Meridian Shipping,DC-East (PA),595,595.0,14.41,32,31.0,2025-11-21,2025-11-20,0.0,Delivered,True,True,8573.95,1.0
PO-2025-01543,2025-10-20,Shenzhen Precision Ltd,APAC,Electronics,ELE-7350,Ocean,Meridian Shipping,DC-Central (TX),120,120.0,38.12,33,36.0,2025-11-22,2025-11-25,3.0,Delivered,False,True,4574.4,0.0
PO-2025-01544,2025-10-20,Monterrey Assembly,LATAM,Finished Goods,FIN-4757,Ground,RoadRunner Freight,DC-South (GA),87,87.0,50.05,12,9.0,2025-11-01,2025-10-29,0.0,Delivered,True,True,4354.35,1.0
PO-2025-01545,2025-10-20,Rhine Components GmbH,EMEA,Components,COM-1553,Air,SkyBridge Air Cargo,DC-East (PA),591,591.0,8.86,8,7.0,2025-10-28,2025-10-27,0.0,Delivered,True,True,5236.26,1.0
PO-2025-01546,2025-10-20,Bangalore ElectroTech,APAC,Electronics,ELE-2129,Air,SkyBridge Air Cargo,DC-Central (TX),134,134.0,35.03,11,10.0,2025-10-31,2025-10-30,0.0,Delivered,True,True,4694.02,1.0
PO-2025-01547,2025-10-20,Iberia Logistics SA,EMEA,Packaging,PAC-7145,Ocean,Meridian Shipping,DC-East (PA),5175,5175.0,1.66,22,22.0,2025-11-11,2025-11-11,0.0,Delivered,True,True,8590.5,1.0
PO-2025-01548,2025-10-20,Pacific Components Co.,APAC,Electronics,ELE-4408,Ocean,Meridian Shipping,DC-Central (TX),122,122.0,52.39,33,34.0,2025-11-22,2025-11-23,1.0,Delivered,False,True,6391.58,0.0
PO-2025-01549,2025-10-20,Shenzhen Precision Ltd,APAC,Components,COM-2720,Ocean,BlueWave Lines,DC-East (PA),588,588.0,7.45,32,36.0,2025-11-21,2025-11-25,4.0,Delivered,False,True,4380.6,0.0
PO-2025-01550,2025-10-20,Pacific Components Co.,APAC,Electronics,ELE-9766,Ocean,BlueWave Lines,DC-South (GA),125,125.0,47.5,33,39.0,2025-11-22,2025-11-28,6.0,Delivered,False,True,5937.5,0.0
PO-2025-01551,2025-10-21,Bangalore ElectroTech,APAC,Electronics,ELE-5344,Air,AeroFast,DC-South (GA),145,145.0,46.99,14,10.0,2025-11-04,2025-10-31,0.0,Delivered,True,True,6813.55,1.0
PO-2025-01552,2025-10-21,Iberia Logistics SA,EMEA,Finished Goods,FIN-6778,Ocean,BlueWave Lines,DC-East (PA),106,106.0,62.56,24,26.0,2025-11-14,2025-11-16,2.0,Delivered,False,True,6631.36,0.0
PO-2025-01553,2025-10-21,Rhine Components GmbH,EMEA,Electronics,ELE-9033,Air,AeroFast,DC-West (CA),109,109.0,23.29,9,10.0,2025-10-30,2025-10-31,1.0,Delivered,False,True,2538.61,0.0
PO-2025-01554,2025-10-21,São Paulo Supply,LATAM,Finished Goods,FIN-3630,Ocean,BlueWave Lines,DC-East (PA),107,107.0,73.19,26,29.0,2025-11-16,2025-11-19,3.0,Delivered,False,True,7831.33,0.0
PO-2025-01555,2025-10-21,Allegheny Metals,North America,Raw Materials,RAW-3194,Ground,Continental Trucking,DC-Central (TX),2201,2201.0,10.31,5,4.0,2025-10-26,2025-10-25,0.0,Delivered,True,True,22692.31,1.0
PO-2025-01556,2025-10-21,Rhine Components GmbH,EMEA,Components,COM-4197,Air,AeroFast,DC-East (PA),612,612.0,18.13,9,7.0,2025-10-30,2025-10-28,0.0,Delivered,True,True,11095.56,1.0
PO-2025-01557,2025-10-21,Allegheny Metals,North America,Raw Materials,RAW-9180,Ground,RoadRunner Freight,DC-Central (TX),2199,2199.0,11.41,7,4.0,2025-10-28,2025-10-25,0.0,Delivered,True,True,25090.59,1.0
PO-2025-01558,2025-10-21,São Paulo Supply,LATAM,Finished Goods,FIN-9919,Ocean,BlueWave Lines,DC-South (GA),93,93.0,82.72,29,32.0,2025-11-19,2025-11-22,3.0,Delivered,False,True,7692.96,0.0
PO-2025-01559,2025-10-22,Shenzhen Precision Ltd,APAC,Components,COM-6024,Ocean,Meridian Shipping,DC-West (CA),617,617.0,19.01,32,38.0,2025-11-23,2025-11-29,6.0,Delivered,False,True,11729.17,0.0
PO-2025-01560,2025-10-22,Iberia Logistics SA,EMEA,Packaging,PAC-4101,Ocean,BlueWave Lines,DC-Central (TX),5427,5427.0,1.0,27,20.0,2025-11-18,2025-11-11,0.0,Delivered,True,True,5427.0,1.0
PO-2025-01561,2025-10-22,Monterrey Assembly,LATAM,Finished Goods,FIN-9405,Ground,Continental Trucking,DC-Central (TX),96,96.0,58.95,12,15.0,2025-11-03,2025-11-06,3.0,Delivered,False,True,5659.2,0.0
PO-2025-01562,2025-10-22,Rhine Components GmbH,EMEA,Components,COM-2657,Air,SkyBridge Air Cargo,DC-West (CA),584,584.0,14.8,6,5.0,2025-10-28,2025-10-27,0.0,Delivered,True,True,8643.2,1.0
PO-2025-01563,2025-10-22,Rhine Components GmbH,EMEA,Electronics,ELE-2740,Air,SkyBridge Air Cargo,DC-South (GA),119,119.0,35.0,8,2.0,2025-10-30,2025-10-24,0.0,Delivered,True,True,4165.0,1.0
PO-2025-01564,2025-10-22,Great Lakes Packaging,North America,Packaging,PAC-8013,Ground,RoadRunner Freight,DC-East (PA),5484,5484.0,0.8,7,8.0,2025-10-29,2025-10-30,1.0,Delivered,False,True,4387.2,0.0
PO-2025-01565,2025-10-22,Allegheny Metals,North America,Raw Materials,RAW-3435,Ground,Continental Trucking,DC-Central (TX),2205,2205.0,8.24,8,7.0,2025-10-30,2025-10-29,0.0,Delivered,True,True,18169.2,1.0
PO-2025-01566,2025-10-22,Pacific Components Co.,APAC,Electronics,ELE-4724,Ocean,Meridian Shipping,DC-East (PA),108,108.0,42.63,34,34.0,2025-11-25,2025-11-25,0.0,Delivered,True,True,4604.04,1.0
PO-2025-01567,2025-10-22,São Paulo Supply,LATAM,Finished Goods,FIN-9358,Ocean,Meridian Shipping,DC-Central (TX),100,100.0,80.42,28,27.0,2025-11-19,2025-11-18,0.0,Delivered,True,True,8042.0,1.0
PO-2025-01568,2025-10-22,Iberia Logistics SA,EMEA,Packaging,PAC-8156,Ocean,BlueWave Lines,DC-South (GA),5277,5277.0,1.11,24,24.0,2025-11-15,2025-11-15,0.0,Delivered,True,True,5857.47,1.0
PO-2025-01569,2025-10-22,São Paulo Supply,LATAM,Raw Materials,RAW-2339,Ocean,BlueWave Lines,DC-Central (TX),2193,2193.0,8.0,28,26.0,2025-11-19,2025-11-17,0.0,Delivered,True,True,17544.0,1.0
PO-2025-01570,2025-10-22,Shenzhen Precision Ltd,APAC,Electronics,ELE-4461,Ocean,Meridian Shipping,DC-South (GA),123,123.0,50.72,33,35.0,2025-11-24,2025-11-26,2.0,Delivered,False,True,6238.56,0.0
PO-2025-01571,2025-10-22,Rhine Components GmbH,EMEA,Electronics,ELE-6039,Air,AeroFast,DC-East (PA),126,126.0,36.48,10,7.0,2025-11-01,2025-10-29,0.0,Delivered,True,True,4596.48,1.0
PO-2025-01572,2025-10-22,Monterrey Assembly,LATAM,Components,COM-1986,Ground,RoadRunner Freight,DC-South (GA),593,593.0,16.5,11,11.0,2025-11-02,2025-11-02,0.0,Delivered,True,True,9784.5,1.0
PO-2025-01573,2025-10-22,Monterrey Assembly,LATAM,Components,COM-4782,Ground,RoadRunner Freight,DC-West (CA),616,616.0,11.33,11,13.0,2025-11-02,2025-11-04,2.0,Delivered,False,True,6979.28,0.0
PO-2025-01574,2025-10-23,Pacific Components Co.,APAC,Components,COM-5135,Ocean,BlueWave Lines,DC-West (CA),591,591.0,12.77,33,34.0,2025-11-25,2025-11-26,1.0,Delivered,False,True,7547.07,0.0
PO-2025-01575,2025-10-23,Bangalore ElectroTech,APAC,Electronics,ELE-3136,Air,AeroFast,DC-South (GA),117,117.0,37.52,11,12.0,2025-11-03,2025-11-04,1.0,Delivered,False,True,4389.84,0.0
PO-2025-01576,2025-10-23,São Paulo Supply,LATAM,Finished Goods,FIN-5966,Ocean,Meridian Shipping,DC-Central (TX),75,75.0,97.25,27,20.0,2025-11-19,2025-11-12,0.0,Delivered,True,True,7293.75,1.0
PO-2025-01577,2025-10-23,São Paulo Supply,LATAM,Finished Goods,FIN-5937,Ocean,BlueWave Lines,DC-South (GA),85,77.0,88.38,30,31.0,2025-11-22,2025-11-23,1.0,Delivered,False,False,7512.3,0.0
PO-2025-01578,2025-10-23,Allegheny Metals,North America,Raw Materials,RAW-6028,Ground,RoadRunner Freight,DC-West (CA),2280,2280.0,13.07,8,6.0,2025-10-31,2025-10-29,0.0,Delivered,True,True,29799.6,1.0
PO-2025-01579,2025-10-23,Rhine Components GmbH,EMEA,Components,COM-9498,Air,SkyBridge Air Cargo,DC-East (PA),559,559.0,11.21,11,10.0,2025-11-03,2025-11-02,0.0,Delivered,True,True,6266.39,1.0
PO-2025-01580,2025-10-23,Allegheny Metals,North America,Components,COM-6953,Ground,RoadRunner Freight,DC-East (PA),592,592.0,19.84,6,4.0,2025-10-29,2025-10-27,0.0,Delivered,True,True,11745.28,1.0
PO-2025-01581,2025-10-23,São Paulo Supply,LATAM,Finished Goods,FIN-4398,Ocean,Meridian Shipping,DC-West (CA),106,106.0,100.06,29,29.0,2025-11-21,2025-11-21,0.0,Delivered,True,True,10606.36,1.0
PO-2025-01582,2025-10-23,Bangalore ElectroTech,APAC,Electronics,ELE-1748,Air,SkyBridge Air Cargo,DC-South (GA),133,133.0,34.67,11,7.0,2025-11-03,2025-10-30,0.0,Delivered,True,True,4611.11,1.0
PO-2025-01583,2025-10-23,Shenzhen Precision Ltd,APAC,Components,COM-3238,Ocean,Meridian Shipping,DC-South (GA),589,589.0,15.0,31,32.0,2025-11-23,2025-11-24,1.0,Delivered,False,True,8835.0,0.0
PO-2025-01584,2025-10-23,Bangalore ElectroTech,APAC,Electronics,ELE-4456,Air,SkyBridge Air Cargo,DC-Central (TX),123,123.0,51.53,12,19.0,2025-11-04,2025-11-11,7.0,Delivered,False,True,6338.19,0.0
PO-2025-01585,2025-10-23,Rhine Components GmbH,EMEA,Electronics,ELE-3707,Air,AeroFast,DC-Central (TX),133,133.0,73.94,9,10.0,2025-11-01,2025-11-02,1.0,Delivered,False,True,9834.02,0.0
PO-2025-01586,2025-10-23,Allegheny Metals,North America,Raw Materials,RAW-3950,Ground,RoadRunner Freight,DC-Central (TX),2136,2136.0,10.19,9,8.0,2025-11-01,2025-10-31,0.0,Delivered,True,True,21765.84,1.0
PO-2025-01587,2025-10-23,Pacific Components Co.,APAC,Electronics,ELE-4476,Ocean,BlueWave Lines,DC-Central (TX),132,132.0,49.98,34,33.0,2025-11-26,2025-11-25,0.0,Delivered,True,True,6597.36,1.0
PO-2025-01588,2025-10-24,Iberia Logistics SA,EMEA,Packaging,PAC-3558,Ocean,BlueWave Lines,DC-South (GA),5427,5427.0,1.47,25,22.0,2025-11-18,2025-11-15,0.0,Delivered,True,True,7977.69,1.0
PO-2025-01589,2025-10-24,Shenzhen Precision Ltd,APAC,Electronics,ELE-2655,Ocean,Meridian Shipping,DC-East (PA),103,103.0,21.05,31,28.0,2025-11-24,2025-11-21,0.0,Delivered,True,True,2168.15,1.0
PO-2025-01590,2025-10-24,Iberia Logistics SA,EMEA,Packaging,PAC-9921,Ocean,BlueWave Lines,DC-West (CA),5345,5345.0,1.95,25,23.0,2025-11-18,2025-11-16,0.0,Delivered,True,True,10422.75,1.0
PO-2025-01591,2025-10-24,São Paulo Supply,LATAM,Finished Goods,FIN-2606,Ocean,BlueWave Lines,DC-West (CA),87,87.0,42.29,28,22.0,2025-11-21,2025-11-15,0.0,Delivered,True,True,3679.23,1.0
PO-2025-01592,2025-10-24,Iberia Logistics SA,EMEA,Finished Goods,FIN-3558,Ocean,Meridian Shipping,DC-East (PA),119,119.0,70.53,23,17.0,2025-11-16,2025-11-10,0.0,Delivered,True,True,8393.07,1.0
PO-2025-01593,2025-10-24,Great Lakes Packaging,North America,Packaging,PAC-4930,Ground,Continental Trucking,DC-Central (TX),5489,5489.0,1.41,5,6.0,2025-10-29,2025-10-30,1.0,Delivered,False,True,7739.49,0.0
PO-2025-01594,2025-10-24,Great Lakes Packaging,North America,Packaging,PAC-8513,Ground,RoadRunner Freight,DC-South (GA),5366,5366.0,0.93,6,3.0,2025-10-30,2025-10-27,0.0,Delivered,True,True,4990.38,1.0
PO-2025-01595,2025-10-24,Shenzhen Precision Ltd,APAC,Components,COM-2502,Ocean,Meridian Shipping,DC-Central (TX),582,582.0,10.87,32,33.0,2025-11-25,2025-11-26,1.0,Delivered,False,True,6326.34,0.0
PO-2025-01596,2025-10-24,Iberia Logistics SA,EMEA,Finished Goods,FIN-8670,Ocean,BlueWave Lines,DC-East (PA),87,87.0,79.69,24,21.0,2025-11-17,2025-11-14,0.0,Delivered,True,True,6933.03,1.0
PO-2025-01597,2025-10-24,Allegheny Metals,North America,Components,COM-8666,Ground,Continental Trucking,DC-South (GA),583,583.0,16.1,8,6.0,2025-11-01,2025-10-30,0.0,Delivered,True,True,9386.3,1.0
PO-2025-01598,2025-10-25,Allegheny Metals,North America,Components,COM-5305,Ground,RoadRunner Freight,DC-West (CA),581,581.0,13.32,9,9.0,2025-11-03,2025-11-03,0.0,Delivered,True,True,7738.92,1.0
PO-2025-01599,2025-10-25,Allegheny Metals,North America,Components,COM-1652,Ground,RoadRunner Freight,DC-East (PA),589,589.0,21.06,8,9.0,2025-11-02,2025-11-03,1.0,Delivered,False,True,12404.34,0.0
PO-2025-01600,2025-10-25,Monterrey Assembly,LATAM,Components,COM-4172,Ground,Continental Trucking,DC-West (CA),587,587.0,13.21,12,10.0,2025-11-06,2025-11-04,0.0,Delivered,True,True,7754.27,1.0
PO-2025-01601,2025-10-25,Bangalore ElectroTech,APAC,Electronics,ELE-8847,Air,AeroFast,DC-West (CA),123,123.0,36.15,13,12.0,2025-11-07,2025-11-06,0.0,Delivered,True,True,4446.45,1.0
PO-2025-01602,2025-10-25,Shenzhen Precision Ltd,APAC,Electronics,ELE-1235,Ocean,BlueWave Lines,DC-West (CA),106,106.0,43.2,33,31.0,2025-11-27,2025-11-25,0.0,Delivered,True,True,4579.2,1.0
PO-2025-01603,2025-10-25,São Paulo Supply,LATAM,Raw Materials,RAW-8472,Ocean,Meridian Shipping,DC-South (GA),2218,2218.0,8.32,28,27.0,2025-11-22,2025-11-21,0.0,Delivered,True,True,18453.76,1.0
PO-2025-01604,2025-10-25,Pacific Components Co.,APAC,Electronics,ELE-6055,Ocean,Meridian Shipping,DC-West (CA),108,108.0,48.9,35,31.0,2025-11-29,2025-11-25,0.0,Delivered,True,True,5281.2,1.0
PO-2025-01605,2025-10-25,Allegheny Metals,North America,Raw Materials,RAW-1878,Ground,Continental Trucking,DC-East (PA),2202,2202.0,6.97,8,6.0,2025-11-02,2025-10-31,0.0,Delivered,True,True,15347.94,1.0
PO-2025-01606,2025-10-25,Iberia Logistics SA,EMEA,Finished Goods,FIN-8860,Ocean,BlueWave Lines,DC-South (GA),85,85.0,92.64,24,22.0,2025-11-18,2025-11-16,0.0,Delivered,True,True,7874.4,1.0
PO-2025-01607,2025-10-26,Pacific Components Co.,APAC,Components,COM-5006,Ocean,Meridian Shipping,DC-Central (TX),619,619.0,16.65,34,33.0,2025-11-29,2025-11-28,0.0,Delivered,True,True,10306.35,1.0
PO-2025-01608,2025-10-26,Great Lakes Packaging,North America,Packaging,PAC-2978,Ground,Continental Trucking,DC-Central (TX),5438,5438.0,1.38,7,8.0,2025-11-02,2025-11-03,1.0,Delivered,False,True,7504.44,0.0
PO-2025-01609,2025-10-26,Shenzhen Precision Ltd,APAC,Electronics,ELE-8297,Ocean,BlueWave Lines,DC-South (GA),134,134.0,40.68,31,33.0,2025-11-26,2025-11-28,2.0,Delivered,False,True,5451.12,0.0
PO-2025-01610,2025-10-26,Bangalore ElectroTech,APAC,Electronics,ELE-1732,Air,SkyBridge Air Cargo,DC-West (CA),139,139.0,42.87,11,10.0,2025-11-06,2025-11-05,0.0,Delivered,True,True,5958.93,1.0
PO-2025-01611,2025-10-26,São Paulo Supply,LATAM,Raw Materials,RAW-8884,Ocean,Meridian Shipping,DC-East (PA),2127,2127.0,8.92,28,28.0,2025-11-23,2025-11-23,0.0,Delivered,True,True,18972.84,1.0
PO-2025-01612,2025-10-26,Rhine Components GmbH,EMEA,Electronics,ELE-4813,Air,SkyBridge Air Cargo,DC-South (GA),117,117.0,35.13,8,7.0,2025-11-03,2025-11-02,0.0,Delivered,True,True,4110.21,1.0
PO-2025-01613,2025-10-26,Pacific Components Co.,APAC,Components,COM-8636,Ocean,Meridian Shipping,DC-Central (TX),621,621.0,15.34,33,32.0,2025-11-28,2025-11-27,0.0,Delivered,True,True,9526.14,1.0
PO-2025-01614,2025-10-26,Great Lakes Packaging,North America,Packaging,PAC-6185,Ground,RoadRunner Freight,DC-West (CA),5318,5318.0,1.08,7,5.0,2025-11-02,2025-10-31,0.0,Delivered,True,True,5743.44,1.0
PO-2025-01615,2025-10-26,Great Lakes Packaging,North America,Packaging,PAC-9591,Ground,Continental Trucking,DC-West (CA),5430,5430.0,1.16,7,5.0,2025-11-02,2025-10-31,0.0,Delivered,True,True,6298.8,1.0
PO-2025-01616,2025-10-26,Shenzhen Precision Ltd,APAC,Electronics,ELE-1440,Ocean,Meridian Shipping,DC-West (CA),129,129.0,35.51,32,36.0,2025-11-27,2025-12-01,4.0,Delivered,False,True,4580.79,0.0
PO-2025-01617,2025-10-27,Iberia Logistics SA,EMEA,Packaging,PAC-3274,Ocean,Meridian Shipping,DC-West (CA),5330,5330.0,1.05,23,22.0,2025-11-19,2025-11-18,0.0,Delivered,True,True,5596.5,1.0
PO-2025-01618,2025-10-27,Shenzhen Precision Ltd,APAC,Components,COM-8230,Ocean,BlueWave Lines,DC-Central (TX),596,596.0,12.87,33,30.0,2025-11-29,2025-11-26,0.0,Delivered,True,True,7670.52,1.0
PO-2025-01619,2025-10-27,Rhine Components GmbH,EMEA,Electronics,ELE-8794,Air,SkyBridge Air Cargo,DC-West (CA),127,127.0,34.89,10,7.0,2025-11-06,2025-11-03,0.0,Delivered,True,True,4431.03,1.0
PO-2025-01620,2025-10-27,Great Lakes Packaging,North America,Packaging,PAC-1712,Ground,RoadRunner Freight,DC-East (PA),5465,5465.0,1.89,7,7.0,2025-11-03,2025-11-03,0.0,Delivered,True,True,10328.85,1.0
PO-2025-01621,2025-10-27,Shenzhen Precision Ltd,APAC,Electronics,ELE-7394,Ocean,Meridian Shipping,DC-Central (TX),112,112.0,45.07,32,34.0,2025-11-28,2025-11-30,2.0,Delivered,False,True,5047.84,0.0
PO-2025-01622,2025-10-27,Allegheny Metals,North America,Components,COM-7593,Ground,RoadRunner Freight,DC-West (CA),607,607.0,15.62,5,5.0,2025-11-01,2025-11-01,0.0,Delivered,True,True,9481.34,1.0
PO-2025-01623,2025-10-27,Monterrey Assembly,LATAM,Components,COM-4847,Ground,Continental Trucking,DC-Central (TX),606,606.0,18.87,11,9.0,2025-11-07,2025-11-05,0.0,Delivered,True,True,11435.22,1.0
PO-2025-01624,2025-10-27,Rhine Components GmbH,EMEA,Electronics,ELE-4743,Air,AeroFast,DC-East (PA),114,114.0,38.65,8,5.0,2025-11-04,2025-11-01,0.0,Delivered,True,True,4406.1,1.0
PO-2025-01625,2025-10-27,Bangalore ElectroTech,APAC,Electronics,ELE-1969,Air,SkyBridge Air Cargo,DC-West (CA),119,119.0,39.9,12,10.0,2025-11-08,2025-11-06,0.0,Delivered,True,True,4748.1,1.0
PO-2025-01626,2025-10-27,Shenzhen Precision Ltd,APAC,Electronics,ELE-7874,Ocean,Meridian Shipping,DC-West (CA),104,104.0,36.24,32,34.0,2025-11-28,2025-11-30,2.0,Delivered,False,True,3768.96,0.0
PO-2025-01627,2025-10-27,Shenzhen Precision Ltd,APAC,Components,COM-4391,Ocean,Meridian Shipping,DC-West (CA),596,596.0,11.3,31,27.0,2025-11-27,2025-11-23,0.0,Delivered,True,True,6734.8,1.0
PO-2025-01628,2025-10-27,Iberia Logistics SA,EMEA,Packaging,PAC-7592,Ocean,BlueWave Lines,DC-East (PA),5345,5345.0,1.05,24,19.0,2025-11-20,2025-11-15,0.0,Delivered,True,True,5612.25,1.0
PO-2025-01629,2025-10-27,Great Lakes Packaging,North America,Packaging,PAC-7670,Ground,Continental Trucking,DC-East (PA),5439,5439.0,1.11,6,8.0,2025-11-02,2025-11-04,2.0,Delivered,False,True,6037.29,0.0
PO-2025-01630,2025-10-27,Monterrey Assembly,LATAM,Components,COM-8876,Ground,RoadRunner Freight,DC-South (GA),627,627.0,12.85,12,10.0,2025-11-08,2025-11-06,0.0,Delivered,True,True,8056.95,1.0
PO-2025-01631,2025-10-28,Monterrey Assembly,LATAM,Finished Goods,FIN-3216,Ground,Continental Trucking,DC-East (PA),112,112.0,57.23,13,11.0,2025-11-10,2025-11-08,0.0,Delivered,True,True,6409.76,1.0
PO-2025-01632,2025-10-28,Great Lakes Packaging,North America,Packaging,PAC-6564,Ground,Continental Trucking,DC-Central (TX),5351,5351.0,0.84,7,6.0,2025-11-04,2025-11-03,0.0,Delivered,True,True,4494.84,1.0
PO-2025-01633,2025-10-28,Monterrey Assembly,LATAM,Components,COM-9284,Ground,RoadRunner Freight,DC-West (CA),595,595.0,12.8,9,8.0,2025-11-06,2025-11-05,0.0,Delivered,True,True,7616.0,1.0
PO-2025-01634,2025-10-28,Shenzhen Precision Ltd,APAC,Electronics,ELE-5978,Ocean,Meridian Shipping,DC-South (GA),105,105.0,32.44,32,27.0,2025-11-29,2025-11-24,0.0,Delivered,True,True,3406.2,1.0
PO-2025-01635,2025-10-28,Pacific Components Co.,APAC,Components,COM-8289,Ocean,Meridian Shipping,DC-West (CA),617,617.0,23.49,34,38.0,2025-12-01,2025-12-05,4.0,Delivered,False,True,14493.33,0.0
PO-2025-01636,2025-10-28,Pacific Components Co.,APAC,Components,COM-1302,Ocean,BlueWave Lines,DC-South (GA),617,617.0,16.38,33,32.0,2025-11-30,2025-11-29,0.0,Delivered,True,True,10106.46,1.0
PO-2025-01637,2025-10-28,Great Lakes Packaging,North America,Packaging,PAC-1952,Ground,RoadRunner Freight,DC-West (CA),5313,5313.0,1.7,7,9.0,2025-11-04,2025-11-06,2.0,Delivered,False,True,9032.1,0.0
PO-2025-01638,2025-10-28,Allegheny Metals,North America,Raw Materials,RAW-5176,Ground,RoadRunner Freight,DC-Central (TX),2165,2165.0,7.47,7,5.0,2025-11-04,2025-11-02,0.0,Delivered,True,True,16172.55,1.0
PO-2025-01639,2025-10-28,Bangalore ElectroTech,APAC,Electronics,ELE-3973,Air,SkyBridge Air Cargo,DC-West (CA),105,105.0,38.79,14,9.0,2025-11-11,2025-11-06,0.0,Delivered,True,True,4072.95,1.0
PO-2025-01640,2025-10-28,Allegheny Metals,North America,Raw Materials,RAW-7370,Ground,Continental Trucking,DC-Central (TX),2200,2200.0,7.01,7,8.0,2025-11-04,2025-11-05,1.0,Delivered,False,True,15422.0,0.0
PO-2025-01641,2025-10-28,São Paulo Supply,LATAM,Raw Materials,RAW-3409,Ocean,BlueWave Lines,DC-Central (TX),2135,2135.0,9.88,29,31.0,2025-11-26,2025-11-28,2.0,Delivered,False,True,21093.8,0.0
PO-2025-01642,2025-10-28,Pacific Components Co.,APAC,Electronics,ELE-5960,Ocean,BlueWave Lines,DC-West (CA),129,118.0,51.76,34,32.0,2025-12-01,2025-11-29,0.0,Delivered,True,False,6677.04,0.0
PO-2025-01643,2025-10-28,Great Lakes Packaging,North America,Packaging,PAC-6471,Ground,RoadRunner Freight,DC-Central (TX),5315,5315.0,1.04,7,6.0,2025-11-04,2025-11-03,0.0,Delivered,True,True,5527.6,1.0
PO-2025-01644,2025-10-28,São Paulo Supply,LATAM,Raw Materials,RAW-8594,Ocean,BlueWave Lines,DC-South (GA),2190,2190.0,9.33,28,26.0,2025-11-25,2025-11-23,0.0,Delivered,True,True,20432.7,1.0
PO-2025-01645,2025-10-28,Iberia Logistics SA,EMEA,Finished Goods,FIN-4525,Ocean,BlueWave Lines,DC-Central (TX),83,83.0,54.32,23,24.0,2025-11-20,2025-11-21,1.0,Delivered,False,True,4508.56,0.0
PO-2025-01646,2025-10-28,São Paulo Supply,LATAM,Finished Goods,FIN-5152,Ocean,BlueWave Lines,DC-Central (TX),82,82.0,97.46,28,27.0,2025-11-25,2025-11-24,0.0,Delivered,True,True,7991.72,1.0
PO-2025-01647,2025-10-29,São Paulo Supply,LATAM,Finished Goods,FIN-8625,Ocean,Meridian Shipping,DC-East (PA),94,94.0,62.57,29,29.0,2025-11-27,2025-11-27,0.0,Delivered,True,True,5881.58,1.0
PO-2025-01648,2025-10-29,Pacific Components Co.,APAC,Electronics,ELE-3570,Ocean,BlueWave Lines,DC-Central (TX),114,114.0,41.42,34,35.0,2025-12-02,2025-12-03,1.0,Delivered,False,True,4721.88,0.0
PO-2025-01649,2025-10-29,Allegheny Metals,North America,Components,COM-2369,Ground,Continental Trucking,DC-Central (TX),614,614.0,13.12,7,8.0,2025-11-05,2025-11-06,1.0,Delivered,False,True,8055.68,0.0
PO-2025-01650,2025-10-29,São Paulo Supply,LATAM,Finished Goods,FIN-4314,Ocean,BlueWave Lines,DC-West (CA),110,110.0,80.69,27,24.0,2025-11-25,2025-11-22,0.0,Delivered,True,True,8875.9,1.0
PO-2025-01651,2025-10-29,Shenzhen Precision Ltd,APAC,Electronics,ELE-8106,Ocean,BlueWave Lines,DC-East (PA),114,114.0,50.08,33,31.0,2025-12-01,2025-11-29,0.0,Delivered,True,True,5709.12,1.0
PO-2025-01652,2025-10-29,Allegheny Metals,North America,Raw Materials,RAW-2690,Ground,RoadRunner Freight,DC-East (PA),2198,2198.0,9.52,8,6.0,2025-11-06,2025-11-04,0.0,Delivered,True,True,20924.96,1.0
PO-2025-01653,2025-10-29,Great Lakes Packaging,North America,Packaging,PAC-4026,Ground,RoadRunner Freight,DC-West (CA),5450,5450.0,1.35,6,6.0,2025-11-04,2025-11-04,0.0,Delivered,True,True,7357.5,1.0
PO-2025-01654,2025-10-29,Rhine Components GmbH,EMEA,Components,COM-9287,Air,SkyBridge Air Cargo,DC-Central (TX),568,568.0,10.8,9,7.0,2025-11-07,2025-11-05,0.0,Delivered,True,True,6134.4,1.0
PO-2025-01655,2025-10-29,Rhine Components GmbH,EMEA,Electronics,ELE-4299,Air,AeroFast,DC-West (CA),104,104.0,48.55,11,5.0,2025-11-09,2025-11-03,0.0,Delivered,True,True,5049.2,1.0
PO-2025-01656,2025-10-29,Rhine Components GmbH,EMEA,Electronics,ELE-4191,Air,SkyBridge Air Cargo,DC-East (PA),123,123.0,55.69,9,7.0,2025-11-07,2025-11-05,0.0,Delivered,True,True,6849.87,1.0
PO-2025-01657,2025-10-29,Great Lakes Packaging,North America,Packaging,PAC-7008,Ground,RoadRunner Freight,DC-Central (TX),5375,4721.0,1.03,6,4.0,2025-11-04,2025-11-02,0.0,Delivered,True,False,5536.25,0.0
PO-2025-01658,2025-10-29,Great Lakes Packaging,North America,Packaging,PAC-2508,Ground,Continental Trucking,DC-East (PA),5418,5418.0,1.87,6,6.0,2025-11-04,2025-11-04,0.0,Delivered,True,True,10131.66,1.0
PO-2025-01659,2025-10-29,São Paulo Supply,LATAM,Raw Materials,RAW-1962,Ocean,BlueWave Lines,DC-Central (TX),2142,2142.0,8.38,27,26.0,2025-11-25,2025-11-24,0.0,Delivered,True,True,17949.96,1.0
PO-2025-01660,2025-10-29,Shenzhen Precision Ltd,APAC,Electronics,ELE-8755,Ocean,BlueWave Lines,DC-West (CA),110,110.0,68.29,31,33.0,2025-11-29,2025-12-01,2.0,Delivered,False,True,7511.9,0.0
PO-2025-01661,2025-10-29,São Paulo Supply,LATAM,Raw Materials,RAW-2979,Ocean,BlueWave Lines,DC-East (PA),2258,2258.0,9.13,29,34.0,2025-11-27,2025-12-02,5.0,Delivered,False,True,20615.54,0.0
PO-2025-01662,2025-10-29,Allegheny Metals,North America,Raw Materials,RAW-7806,Ground,RoadRunner Freight,DC-South (GA),2175,2175.0,7.22,7,9.0,2025-11-05,2025-11-07,2.0,Delivered,False,True,15703.5,0.0
PO-2025-01663,2025-10-29,Great Lakes Packaging,North America,Packaging,PAC-4864,Ground,RoadRunner Freight,DC-South (GA),5400,5400.0,1.64,5,4.0,2025-11-03,2025-11-02,0.0,Delivered,True,True,8856.0,1.0
PO-2025-01664,2025-10-30,Pacific Components Co.,APAC,Components,COM-6777,Ocean,BlueWave Lines,DC-Central (TX),631,631.0,11.57,33,40.0,2025-12-02,2025-12-09,7.0,Delivered,False,True,7300.67,0.0
PO-2025-01665,2025-10-30,Shenzhen Precision Ltd,APAC,Electronics,ELE-2297,Ocean,BlueWave Lines,DC-West (CA),111,111.0,49.1,31,35.0,2025-11-30,2025-12-04,4.0,Delivered,False,True,5450.1,0.0
PO-2025-01666,2025-10-30,Pacific Components Co.,APAC,Electronics,ELE-9060,Ocean,Meridian Shipping,DC-Central (TX),100,100.0,34.92,35,40.0,2025-12-04,2025-12-09,5.0,Delivered,False,True,3492.0,0.0
PO-2025-01667,2025-10-30,Allegheny Metals,North America,Components,COM-4749,Ground,RoadRunner Freight,DC-Central (TX),561,561.0,23.75,6,6.0,2025-11-05,2025-11-05,0.0,Delivered,True,True,13323.75,1.0
PO-2025-01668,2025-10-30,Great Lakes Packaging,North America,Packaging,PAC-3695,Ground,RoadRunner Freight,DC-South (GA),5432,5432.0,1.46,6,3.0,2025-11-05,2025-11-02,0.0,Delivered,True,True,7930.72,1.0
PO-2025-01669,2025-10-30,Pacific Components Co.,APAC,Electronics,ELE-1211,Ocean,BlueWave Lines,DC-East (PA),107,107.0,30.43,35,32.0,2025-12-04,2025-12-01,0.0,Delivered,True,True,3256.01,1.0
PO-2025-01670,2025-10-31,Allegheny Metals,North America,Raw Materials,RAW-2930,Ground,RoadRunner Freight,DC-West (CA),2228,2228.0,9.54,7,5.0,2025-11-07,2025-11-05,0.0,Delivered,True,True,21255.12,1.0
PO-2025-01671,2025-10-31,Rhine Components GmbH,EMEA,Components,COM-2939,Air,SkyBridge Air Cargo,DC-Central (TX),587,587.0,17.59,9,11.0,2025-11-09,2025-11-11,2.0,Delivered,False,True,10325.33,0.0
PO-2025-01672,2025-10-31,Iberia Logistics SA,EMEA,Packaging,PAC-6463,Ocean,BlueWave Lines,DC-West (CA),5451,5451.0,1.34,25,19.0,2025-11-25,2025-11-19,0.0,Delivered,True,True,7304.34,1.0
PO-2025-01673,2025-10-31,Rhine Components GmbH,EMEA,Components,COM-5435,Air,AeroFast,DC-East (PA),565,565.0,15.56,8,3.0,2025-11-08,2025-11-03,0.0,Delivered,True,True,8791.4,1.0
PO-2025-01674,2025-10-31,Bangalore ElectroTech,APAC,Electronics,ELE-2599,Air,AeroFast,DC-Central (TX),138,138.0,53.53,12,10.0,2025-11-12,2025-11-10,0.0,Delivered,True,True,7387.14,1.0
PO-2025-01675,2025-10-31,Monterrey Assembly,LATAM,Components,COM-6690,Ground,RoadRunner Freight,DC-South (GA),636,636.0,15.24,11,12.0,2025-11-11,2025-11-12,1.0,Delivered,False,True,9692.64,0.0
PO-2025-01676,2025-10-31,Bangalore ElectroTech,APAC,Electronics,ELE-2337,Air,AeroFast,DC-Central (TX),120,120.0,34.22,11,12.0,2025-11-11,2025-11-12,1.0,Delivered,False,True,4106.4,0.0
PO-2025-01677,2025-10-31,Rhine Components GmbH,EMEA,Components,COM-2014,Air,AeroFast,DC-West (CA),572,572.0,10.99,9,8.0,2025-11-09,2025-11-08,0.0,Delivered,True,True,6286.28,1.0
PO-2025-01678,2025-11-01,Iberia Logistics SA,EMEA,Finished Goods,FIN-6584,Ocean,BlueWave Lines,DC-Central (TX),87,87.0,113.01,25,27.0,2025-11-26,2025-11-28,2.0,Delivered,False,True,9831.87,0.0
PO-2025-01679,2025-11-01,Allegheny Metals,North America,Raw Materials,RAW-1710,Ground,RoadRunner Freight,DC-Central (TX),2165,2165.0,12.56,6,4.0,2025-11-07,2025-11-05,0.0,Delivered,True,True,27192.4,1.0
PO-2025-01680,2025-11-01,Pacific Components Co.,APAC,Components,COM-8057,Ocean,BlueWave Lines,DC-South (GA),610,610.0,15.67,34,39.0,2025-12-05,2025-12-10,5.0,Delivered,False,True,9558.7,0.0
PO-2025-01681,2025-11-01,Great Lakes Packaging,North America,Packaging,PAC-9580,Ground,RoadRunner Freight,DC-East (PA),5467,5467.0,1.14,8,4.0,2025-11-09,2025-11-05,0.0,Delivered,True,True,6232.38,1.0
PO-2025-01682,2025-11-01,Great Lakes Packaging,North America,Packaging,PAC-7662,Ground,Continental Trucking,DC-Central (TX),5303,5303.0,1.38,6,4.0,2025-11-07,2025-11-05,0.0,Delivered,True,True,7318.14,1.0
PO-2025-01683,2025-11-01,Great Lakes Packaging,North America,Packaging,PAC-3582,Ground,RoadRunner Freight,DC-Central (TX),5426,5426.0,0.99,8,5.0,2025-11-09,2025-11-06,0.0,Delivered,True,True,5371.74,1.0
PO-2025-01684,2025-11-01,Rhine Components GmbH,EMEA,Electronics,ELE-7537,Air,AeroFast,DC-East (PA),126,126.0,48.68,7,8.0,2025-11-08,2025-11-09,1.0,Delivered,False,True,6133.68,0.0
PO-2025-01685,2025-11-01,Allegheny Metals,North America,Components,COM-2558,Ground,Continental Trucking,DC-West (CA),608,608.0,20.91,7,5.0,2025-11-08,2025-11-06,0.0,Delivered,True,True,12713.28,1.0
PO-2025-01686,2025-11-01,Monterrey Assembly,LATAM,Components,COM-4616,Ground,RoadRunner Freight,DC-West (CA),580,580.0,12.83,12,10.0,2025-11-13,2025-11-11,0.0,Delivered,True,True,7441.4,1.0
PO-2025-01687,2025-11-01,Rhine Components GmbH,EMEA,Components,COM-7546,Air,SkyBridge Air Cargo,DC-Central (TX),568,568.0,14.86,8,9.0,2025-11-09,2025-11-10,1.0,Delivered,False,True,8440.48,0.0
PO-2025-01688,2025-11-01,Iberia Logistics SA,EMEA,Packaging,PAC-2508,Ocean,Meridian Shipping,DC-East (PA),5350,5350.0,1.41,24,25.0,2025-11-25,2025-11-26,1.0,Delivered,False,True,7543.5,0.0
PO-2025-01689,2025-11-01,Monterrey Assembly,LATAM,Components,COM-8448,Ground,RoadRunner Freight,DC-West (CA),591,591.0,10.03,10,9.0,2025-11-11,2025-11-10,0.0,Delivered,True,True,5927.73,1.0
PO-2025-01690,2025-11-01,Rhine Components GmbH,EMEA,Electronics,ELE-9801,Air,AeroFast,DC-East (PA),112,112.0,49.18,9,10.0,2025-11-10,2025-11-11,1.0,Delivered,False,True,5508.16,0.0
PO-2025-01691,2025-11-01,Bangalore ElectroTech,APAC,Electronics,ELE-4878,Air,AeroFast,DC-South (GA),142,142.0,37.26,12,8.0,2025-11-13,2025-11-09,0.0,Delivered,True,True,5290.92,1.0
PO-2025-01692,2025-11-01,Bangalore ElectroTech,APAC,Electronics,ELE-7993,Air,SkyBridge Air Cargo,DC-East (PA),136,136.0,17.66,12,14.0,2025-11-13,2025-11-15,2.0,Delivered,False,True,2401.76,0.0
PO-2025-01693,2025-11-01,Shenzhen Precision Ltd,APAC,Electronics,ELE-2138,Ocean,BlueWave Lines,DC-South (GA),116,116.0,50.38,32,25.0,2025-12-03,2025-11-26,0.0,Delivered,True,True,5844.08,1.0
PO-2025-01694,2025-11-02,Rhine Components GmbH,EMEA,Electronics,ELE-8749,Air,SkyBridge Air Cargo,DC-Central (TX),127,127.0,54.53,10,8.0,2025-11-12,2025-11-10,0.0,Delivered,True,True,6925.31,1.0
PO-2025-01695,2025-11-02,São Paulo Supply,LATAM,Finished Goods,FIN-4372,Ocean,Meridian Shipping,DC-West (CA),108,108.0,62.2,27,26.0,2025-11-29,2025-11-28,0.0,Delivered,True,True,6717.6,1.0
PO-2025-01696,2025-11-02,Iberia Logistics SA,EMEA,Finished Goods,FIN-9964,Ocean,BlueWave Lines,DC-West (CA),92,92.0,106.4,23,20.0,2025-11-25,2025-11-22,0.0,Delivered,True,True,9788.8,1.0
PO-2025-01697,2025-11-02,Allegheny Metals,North America,Raw Materials,RAW-2564,Ground,Continental Trucking,DC-South (GA),2271,2037.0,10.62,6,4.0,2025-11-08,2025-11-06,0.0,Delivered,True,False,24118.02,0.0
PO-2025-01698,2025-11-02,Bangalore ElectroTech,APAC,Electronics,ELE-7998,Air,SkyBridge Air Cargo,DC-South (GA),125,116.0,43.0,11,8.0,2025-11-13,2025-11-10,0.0,Delivered,True,False,5375.0,0.0
PO-2025-01699,2025-11-02,Pacific Components Co.,APAC,Components,COM-3780,Ocean,Meridian Shipping,DC-Central (TX),597,597.0,11.95,36,40.0,2025-12-08,2025-12-12,4.0,Delivered,False,True,7134.15,0.0
PO-2025-01700,2025-11-02,Pacific Components Co.,APAC,Electronics,ELE-7836,Ocean,BlueWave Lines,DC-West (CA),113,113.0,41.95,31,34.0,2025-12-03,2025-12-06,3.0,Delivered,False,True,4740.35,0.0
PO-2025-01701,2025-11-03,Monterrey Assembly,LATAM,Finished Goods,FIN-2292,Ground,RoadRunner Freight,DC-Central (TX),76,76.0,112.81,13,8.0,2025-11-16,2025-11-11,0.0,Delivered,True,True,8573.56,1.0
PO-2025-01702,2025-11-03,Great Lakes Packaging,North America,Packaging,PAC-4431,Ground,RoadRunner Freight,DC-West (CA),5435,5435.0,1.14,7,6.0,2025-11-10,2025-11-09,0.0,Delivered,True,True,6195.9,1.0
PO-2025-01703,2025-11-03,Bangalore ElectroTech,APAC,Electronics,ELE-5498,Air,SkyBridge Air Cargo,DC-West (CA),127,127.0,31.58,12,8.0,2025-11-15,2025-11-11,0.0,Delivered,True,True,4010.66,1.0
PO-2025-01704,2025-11-03,Pacific Components Co.,APAC,Components,COM-8326,Ocean,BlueWave Lines,DC-South (GA),603,603.0,19.39,36,41.0,2025-12-09,2025-12-14,5.0,Delivered,False,True,11692.17,0.0
PO-2025-01705,2025-11-03,Pacific Components Co.,APAC,Electronics,ELE-2969,Ocean,BlueWave Lines,DC-West (CA),107,107.0,46.87,34,39.0,2025-12-07,2025-12-12,5.0,Delivered,False,True,5015.09,0.0
PO-2025-01706,2025-11-03,Great Lakes Packaging,North America,Packaging,PAC-6433,Ground,Continental Trucking,DC-East (PA),5256,5256.0,1.69,7,4.0,2025-11-10,2025-11-07,0.0,Delivered,True,True,8882.64,1.0
PO-2025-01707,2025-11-03,Pacific Components Co.,APAC,Components,COM-3655,Ocean,Meridian Shipping,DC-West (CA),592,592.0,14.35,33,34.0,2025-12-06,2025-12-07,1.0,Delivered,False,True,8495.2,0.0
PO-2025-01708,2025-11-03,Monterrey Assembly,LATAM,Finished Goods,FIN-1476,Ground,RoadRunner Freight,DC-West (CA),76,76.0,74.62,10,7.0,2025-11-13,2025-11-10,0.0,Delivered,True,True,5671.12,1.0
PO-2025-01709,2025-11-03,Iberia Logistics SA,EMEA,Finished Goods,FIN-8548,Ocean,Meridian Shipping,DC-West (CA),92,92.0,95.85,25,24.0,2025-11-28,2025-11-27,0.0,Delivered,True,True,8818.2,1.0
PO-2025-01710,2025-11-04,Great Lakes Packaging,North America,Packaging,PAC-8280,Ground,RoadRunner Freight,DC-Central (TX),5465,5465.0,1.15,8,5.0,2025-11-12,2025-11-09,0.0,Delivered,True,True,6284.75,1.0
PO-2025-01711,2025-11-04,Rhine Components GmbH,EMEA,Electronics,ELE-6378,Air,AeroFast,DC-South (GA),113,113.0,53.32,10,8.0,2025-11-14,2025-11-12,0.0,Delivered,True,True,6025.16,1.0
PO-2025-01712,2025-11-04,Allegheny Metals,North America,Components,COM-9632,Ground,Continental Trucking,DC-South (GA),636,636.0,16.57,7,7.0,2025-11-11,2025-11-11,0.0,Delivered,True,True,10538.52,1.0
PO-2025-01713,2025-11-04,Pacific Components Co.,APAC,Components,COM-2199,Ocean,BlueWave Lines,DC-Central (TX),583,583.0,19.71,34,34.0,2025-12-08,2025-12-08,0.0,Delivered,True,True,11490.93,1.0
PO-2025-01714,2025-11-04,Bangalore ElectroTech,APAC,Electronics,ELE-5907,Air,AeroFast,DC-East (PA),120,120.0,38.87,12,11.0,2025-11-16,2025-11-15,0.0,Delivered,True,True,4664.4,1.0
PO-2025-01715,2025-11-04,Great Lakes Packaging,North America,Packaging,PAC-2849,Ground,Continental Trucking,DC-East (PA),5283,5283.0,1.38,5,2.0,2025-11-09,2025-11-06,0.0,Delivered,True,True,7290.54,1.0
PO-2025-01716,2025-11-04,Rhine Components GmbH,EMEA,Components,COM-3626,Air,SkyBridge Air Cargo,DC-South (GA),640,640.0,20.04,10,11.0,2025-11-14,2025-11-15,1.0,Delivered,False,True,12825.6,0.0
PO-2025-01717,2025-11-04,Great Lakes Packaging,North America,Packaging,PAC-1370,Ground,RoadRunner Freight,DC-East (PA),5421,5421.0,1.53,6,7.0,2025-11-10,2025-11-11,1.0,Delivered,False,True,8294.13,0.0
PO-2025-01718,2025-11-05,Shenzhen Precision Ltd,APAC,Electronics,ELE-3706,Ocean,BlueWave Lines,DC-East (PA),111,111.0,54.01,32,38.0,2025-12-07,2025-12-13,6.0,Delivered,False,True,5995.11,0.0
PO-2025-01719,2025-11-05,Rhine Components GmbH,EMEA,Components,COM-4696,Air,SkyBridge Air Cargo,DC-West (CA),579,507.0,18.21,10,9.0,2025-11-15,2025-11-14,0.0,Delivered,True,False,10543.59,0.0
PO-2025-01720,2025-11-05,Great Lakes Packaging,North America,Packaging,PAC-5578,Ground,RoadRunner Freight,DC-East (PA),5411,5048.0,0.58,7,5.0,2025-11-12,2025-11-10,0.0,Delivered,True,False,3138.38,0.0
PO-2025-01721,2025-11-05,Rhine Components GmbH,EMEA,Electronics,ELE-4061,Air,AeroFast,DC-South (GA),127,127.0,36.93,9,11.0,2025-11-14,2025-11-16,2.0,Delivered,False,True,4690.11,0.0
PO-2025-01722,2025-11-05,Rhine Components GmbH,EMEA,Components,COM-8051,Air,SkyBridge Air Cargo,DC-Central (TX),620,620.0,17.97,10,7.0,2025-11-15,2025-11-12,0.0,Delivered,True,True,11141.4,1.0
PO-2025-01723,2025-11-05,Shenzhen Precision Ltd,APAC,Electronics,ELE-8424,Ocean,Meridian Shipping,DC-South (GA),117,117.0,51.15,33,34.0,2025-12-08,2025-12-09,1.0,Delivered,False,True,5984.55,0.0
PO-2025-01724,2025-11-05,Great Lakes Packaging,North America,Packaging,PAC-7117,Ground,Continental Trucking,DC-Central (TX),5376,5376.0,0.92,4,3.0,2025-11-09,2025-11-08,0.0,Delivered,True,True,4945.92,1.0
PO-2025-01725,2025-11-05,Bangalore ElectroTech,APAC,Electronics,ELE-7425,Air,SkyBridge Air Cargo,DC-East (PA),110,110.0,37.53,12,12.0,2025-11-17,2025-11-17,0.0,Delivered,True,True,4128.3,1.0
PO-2025-01726,2025-11-05,Bangalore ElectroTech,APAC,Electronics,ELE-2436,Air,SkyBridge Air Cargo,DC-East (PA),135,135.0,46.58,13,15.0,2025-11-18,2025-11-20,2.0,Delivered,False,True,6288.3,0.0
PO-2025-01727,2025-11-05,Iberia Logistics SA,EMEA,Finished Goods,FIN-1615,Ocean,BlueWave Lines,DC-East (PA),79,79.0,102.87,23,15.0,2025-11-28,2025-11-20,0.0,Delivered,True,True,8126.73,1.0
PO-2025-01728,2025-11-05,Great Lakes Packaging,North America,Packaging,PAC-7067,Ground,RoadRunner Freight,DC-West (CA),5427,5427.0,1.13,6,4.0,2025-11-11,2025-11-09,0.0,Delivered,True,True,6132.51,1.0
PO-2025-01729,2025-11-05,São Paulo Supply,LATAM,Finished Goods,FIN-1982,Ocean,BlueWave Lines,DC-East (PA),96,96.0,94.4,29,20.0,2025-12-04,2025-11-25,0.0,Delivered,True,True,9062.4,1.0
PO-2025-01730,2025-11-05,Iberia Logistics SA,EMEA,Finished Goods,FIN-2036,Ocean,Meridian Shipping,DC-West (CA),102,102.0,58.91,24,24.0,2025-11-29,2025-11-29,0.0,Delivered,True,True,6008.82,1.0
PO-2025-01731,2025-11-05,Bangalore ElectroTech,APAC,Electronics,ELE-8302,Air,AeroFast,DC-West (CA),121,121.0,47.7,13,14.0,2025-11-18,2025-11-19,1.0,Delivered,False,True,5771.7,0.0
PO-2025-01732,2025-11-06,Allegheny Metals,North America,Components,COM-3085,Ground,Continental Trucking,DC-Central (TX),629,629.0,14.35,9,3.0,2025-11-15,2025-11-09,0.0,Delivered,True,True,9026.15,1.0
PO-2025-01733,2025-11-06,Shenzhen Precision Ltd,APAC,Components,COM-6491,Ocean,Meridian Shipping,DC-West (CA),568,568.0,14.22,33,30.0,2025-12-09,2025-12-06,0.0,Delivered,True,True,8076.96,1.0
PO-2025-01734,2025-11-06,Monterrey Assembly,LATAM,Finished Goods,FIN-9860,Ground,Continental Trucking,DC-South (GA),91,91.0,89.38,12,9.0,2025-11-18,2025-11-15,0.0,Delivered,True,True,8133.58,1.0
PO-2025-01735,2025-11-06,Great Lakes Packaging,North America,Packaging,PAC-9537,Ground,RoadRunner Freight,DC-East (PA),5446,5446.0,0.96,6,4.0,2025-11-12,2025-11-10,0.0,Delivered,True,True,5228.16,1.0
PO-2025-01736,2025-11-06,Iberia Logistics SA,EMEA,Finished Goods,FIN-2993,Ocean,Meridian Shipping,DC-South (GA),81,81.0,72.21,24,26.0,2025-11-30,2025-12-02,2.0,Delivered,False,True,5849.01,0.0
PO-2025-01737,2025-11-06,Monterrey Assembly,LATAM,Components,COM-5401,Ground,RoadRunner Freight,DC-Central (TX),621,621.0,16.63,10,10.0,2025-11-16,2025-11-16,0.0,Delivered,True,True,10327.23,1.0
PO-2025-01738,2025-11-06,Allegheny Metals,North America,Raw Materials,RAW-3345,Ground,Continental Trucking,DC-West (CA),2123,2123.0,8.77,8,9.0,2025-11-14,2025-11-15,1.0,Delivered,False,True,18618.71,0.0
PO-2025-01739,2025-11-06,São Paulo Supply,LATAM,Finished Goods,FIN-8908,Ocean,BlueWave Lines,DC-South (GA),98,88.0,98.37,27,31.0,2025-12-03,2025-12-07,4.0,Delivered,False,False,9640.26,0.0
PO-2025-01740,2025-11-07,Rhine Components GmbH,EMEA,Components,COM-7747,Air,SkyBridge Air Cargo,DC-Central (TX),609,609.0,10.4,10,11.0,2025-11-17,2025-11-18,1.0,Delivered,False,True,6333.6,0.0
PO-2025-01741,2025-11-07,Rhine Components GmbH,EMEA,Electronics,ELE-2560,Air,SkyBridge Air Cargo,DC-East (PA),103,103.0,26.93,10,6.0,2025-11-17,2025-11-13,0.0,Delivered,True,True,2773.79,1.0
PO-2025-01742,2025-11-07,São Paulo Supply,LATAM,Finished Goods,FIN-1084,Ocean,Meridian Shipping,DC-Central (TX),101,101.0,76.23,27,24.0,2025-12-04,2025-12-01,0.0,Delivered,True,True,7699.23,1.0
PO-2025-01743,2025-11-07,Great Lakes Packaging,North America,Packaging,PAC-8143,Ground,RoadRunner Freight,DC-Central (TX),5368,5368.0,1.51,7,3.0,2025-11-14,2025-11-10,0.0,Delivered,True,True,8105.68,1.0
PO-2025-01744,2025-11-07,São Paulo Supply,LATAM,Finished Goods,FIN-9991,Ocean,BlueWave Lines,DC-East (PA),89,89.0,87.32,29,26.0,2025-12-06,2025-12-03,0.0,Delivered,True,True,7771.48,1.0
PO-2025-01745,2025-11-07,Rhine Components GmbH,EMEA,Components,COM-3302,Air,AeroFast,DC-East (PA),591,591.0,13.14,8,6.0,2025-11-15,2025-11-13,0.0,Delivered,True,True,7765.74,1.0
PO-2025-01746,2025-11-07,São Paulo Supply,LATAM,Raw Materials,RAW-3770,Ocean,BlueWave Lines,DC-South (GA),2196,2196.0,6.73,29,25.0,2025-12-06,2025-12-02,0.0,Delivered,True,True,14779.08,1.0
PO-2025-01747,2025-11-07,Great Lakes Packaging,North America,Packaging,PAC-6205,Ground,RoadRunner Freight,DC-South (GA),5456,5456.0,1.19,7,8.0,2025-11-14,2025-11-15,1.0,Delivered,False,True,6492.64,0.0
PO-2025-01748,2025-11-07,Pacific Components Co.,APAC,Electronics,ELE-9634,Ocean,BlueWave Lines,DC-South (GA),114,114.0,45.27,34,32.0,2025-12-11,2025-12-09,0.0,Delivered,True,True,5160.78,1.0
PO-2025-01749,2025-11-07,Monterrey Assembly,LATAM,Finished Goods,FIN-1412,Ground,RoadRunner Freight,DC-West (CA),91,91.0,75.91,11,6.0,2025-11-18,2025-11-13,0.0,Delivered,True,True,6907.81,1.0
PO-2025-01750,2025-11-07,Iberia Logistics SA,EMEA,Finished Goods,FIN-3798,Ocean,BlueWave Lines,DC-South (GA),94,94.0,94.57,22,16.0,2025-11-29,2025-11-23,0.0,Delivered,True,True,8889.58,1.0
PO-2025-01751,2025-11-07,Monterrey Assembly,LATAM,Components,COM-3182,Ground,RoadRunner Freight,DC-South (GA),553,553.0,16.76,12,11.0,2025-11-19,2025-11-18,0.0,Delivered,True,True,9268.28,1.0
PO-2025-01752,2025-11-07,Allegheny Metals,North America,Raw Materials,RAW-3727,Ground,RoadRunner Freight,DC-East (PA),2143,2143.0,4.86,8,8.0,2025-11-15,2025-11-15,0.0,Delivered,True,True,10414.98,1.0
PO-2025-01753,2025-11-07,Rhine Components GmbH,EMEA,Electronics,ELE-6450,Air,AeroFast,DC-South (GA),114,114.0,39.71,9,8.0,2025-11-16,2025-11-15,0.0,Delivered,True,True,4526.94,1.0
PO-2025-01754,2025-11-08,Iberia Logistics SA,EMEA,Finished Goods,FIN-7562,Ocean,Meridian Shipping,DC-South (GA),78,78.0,72.71,24,28.0,2025-12-02,2025-12-06,4.0,Delivered,False,True,5671.38,0.0
PO-2025-01755,2025-11-08,Shenzhen Precision Ltd,APAC,Electronics,ELE-4066,Ocean,BlueWave Lines,DC-South (GA),110,110.0,47.68,33,32.0,2025-12-11,2025-12-10,0.0,Delivered,True,True,5244.8,1.0
PO-2025-01756,2025-11-08,Pacific Components Co.,APAC,Components,COM-7323,Ocean,BlueWave Lines,DC-South (GA),604,604.0,17.95,33,39.0,2025-12-11,2025-12-17,6.0,Delivered,False,True,10841.8,0.0
PO-2025-01757,2025-11-08,Shenzhen Precision Ltd,APAC,Components,COM-8828,Ocean,BlueWave Lines,DC-East (PA),619,619.0,13.63,30,25.0,2025-12-08,2025-12-03,0.0,Delivered,True,True,8436.97,1.0
PO-2025-01758,2025-11-08,Bangalore ElectroTech,APAC,Electronics,ELE-4120,Air,AeroFast,DC-South (GA),101,101.0,47.49,11,8.0,2025-11-19,2025-11-16,0.0,Delivered,True,True,4796.49,1.0
PO-2025-01759,2025-11-08,São Paulo Supply,LATAM,Finished Goods,FIN-9416,Ocean,Meridian Shipping,DC-West (CA),110,110.0,73.26,28,27.0,2025-12-06,2025-12-05,0.0,Delivered,True,True,8058.6,1.0
PO-2025-01760,2025-11-08,Rhine Components GmbH,EMEA,Electronics,ELE-4543,Air,SkyBridge Air Cargo,DC-Central (TX),119,113.0,28.14,10,12.0,2025-11-18,2025-11-20,2.0,Delivered,False,False,3348.66,0.0
PO-2025-01761,2025-11-08,Great Lakes Packaging,North America,Packaging,PAC-6116,Ground,Continental Trucking,DC-East (PA),5338,5197.0,1.53,6,3.0,2025-11-14,2025-11-11,0.0,Delivered,True,False,8167.14,0.0
PO-2025-01762,2025-11-08,Allegheny Metals,North America,Raw Materials,RAW-4612,Ground,Continental Trucking,DC-South (GA),2211,2211.0,11.0,7,4.0,2025-11-15,2025-11-12,0.0,Delivered,True,True,24321.0,1.0
PO-2025-01763,2025-11-08,Rhine Components GmbH,EMEA,Electronics,ELE-1242,Air,AeroFast,DC-East (PA),135,135.0,46.98,8,5.0,2025-11-16,2025-11-13,0.0,Delivered,True,True,6342.3,1.0
PO-2025-01764,2025-11-09,Shenzhen Precision Ltd,APAC,Components,COM-7472,Ocean,BlueWave Lines,DC-East (PA),581,581.0,8.68,32,25.0,2025-12-11,2025-12-04,0.0,Delivered,True,True,5043.08,1.0
PO-2025-01765,2025-11-09,Shenzhen Precision Ltd,APAC,Electronics,ELE-8883,Ocean,BlueWave Lines,DC-East (PA),124,124.0,40.32,30,24.0,2025-12-09,2025-12-03,0.0,Delivered,True,True,4999.68,1.0
PO-2025-01766,2025-11-09,São Paulo Supply,LATAM,Raw Materials,RAW-9509,Ocean,BlueWave Lines,DC-East (PA),2205,2205.0,5.56,28,25.0,2025-12-07,2025-12-04,0.0,Delivered,True,True,12259.8,1.0
PO-2025-01767,2025-11-09,Pacific Components Co.,APAC,Components,COM-9148,Ocean,Meridian Shipping,DC-South (GA),597,597.0,11.87,34,31.0,2025-12-13,2025-12-10,0.0,Delivered,True,True,7086.39,1.0
PO-2025-01768,2025-11-09,Bangalore ElectroTech,APAC,Electronics,ELE-2395,Air,SkyBridge Air Cargo,DC-East (PA),123,123.0,36.47,12,9.0,2025-11-21,2025-11-18,0.0,Delivered,True,True,4485.81,1.0
PO-2025-01769,2025-11-09,Pacific Components Co.,APAC,Electronics,ELE-4314,Ocean,Meridian Shipping,DC-West (CA),116,116.0,45.79,33,28.0,2025-12-12,2025-12-07,0.0,Delivered,True,True,5311.64,1.0
PO-2025-01770,2025-11-10,Allegheny Metals,North America,Components,COM-3480,Ground,RoadRunner Freight,DC-South (GA),583,583.0,16.02,7,6.0,2025-11-17,2025-11-16,0.0,Delivered,True,True,9339.66,1.0
PO-2025-01771,2025-11-10,Monterrey Assembly,LATAM,Finished Goods,FIN-4854,Ground,Continental Trucking,DC-East (PA),95,95.0,118.68,11,10.0,2025-11-21,2025-11-20,0.0,Delivered,True,True,11274.6,1.0
PO-2025-01772,2025-11-10,Great Lakes Packaging,North America,Packaging,PAC-2873,Ground,Continental Trucking,DC-West (CA),5514,5514.0,1.22,7,4.0,2025-11-17,2025-11-14,0.0,Delivered,True,True,6727.08,1.0
PO-2025-01773,2025-11-10,Bangalore ElectroTech,APAC,Electronics,ELE-4367,Air,AeroFast,DC-East (PA),102,102.0,43.51,12,9.0,2025-11-22,2025-11-19,0.0,Delivered,True,True,4438.02,1.0
PO-2025-01774,2025-11-10,Bangalore ElectroTech,APAC,Electronics,ELE-1733,Air,AeroFast,DC-South (GA),129,129.0,29.22,11,8.0,2025-11-21,2025-11-18,0.0,Delivered,True,True,3769.38,1.0
PO-2025-01775,2025-11-10,Bangalore ElectroTech,APAC,Electronics,ELE-3616,Air,AeroFast,DC-East (PA),134,134.0,52.31,11,9.0,2025-11-21,2025-11-19,0.0,Delivered,True,True,7009.54,1.0
PO-2025-01776,2025-11-10,São Paulo Supply,LATAM,Raw Materials,RAW-1062,Ocean,BlueWave Lines,DC-Central (TX),2129,2129.0,10.58,27,21.0,2025-12-07,2025-12-01,0.0,Delivered,True,True,22524.82,1.0
PO-2025-01777,2025-11-10,Rhine Components GmbH,EMEA,Components,COM-9830,Air,SkyBridge Air Cargo,DC-East (PA),588,588.0,18.07,9,11.0,2025-11-19,2025-11-21,2.0,Delivered,False,True,10625.16,0.0
PO-2025-01778,2025-11-10,Allegheny Metals,North America,Raw Materials,RAW-1612,Ground,Continental Trucking,DC-South (GA),2225,2225.0,10.54,8,3.0,2025-11-18,2025-11-13,0.0,Delivered,True,True,23451.5,1.0
PO-2025-01779,2025-11-10,São Paulo Supply,LATAM,Finished Goods,FIN-1174,Ocean,BlueWave Lines,DC-South (GA),72,72.0,74.25,26,24.0,2025-12-06,2025-12-04,0.0,Delivered,True,True,5346.0,1.0
PO-2025-01780,2025-11-10,Rhine Components GmbH,EMEA,Components,COM-5879,Air,SkyBridge Air Cargo,DC-South (GA),602,602.0,11.42,8,6.0,2025-11-18,2025-11-16,0.0,Delivered,True,True,6874.84,1.0
PO-2025-01781,2025-11-11,Monterrey Assembly,LATAM,Finished Goods,FIN-2148,Ground,Continental Trucking,DC-West (CA),89,89.0,63.23,11,11.0,2025-11-22,2025-11-22,0.0,Delivered,True,True,5627.47,1.0
PO-2025-01782,2025-11-11,São Paulo Supply,LATAM,Finished Goods,FIN-8971,Ocean,Meridian Shipping,DC-West (CA),96,96.0,89.69,26,29.0,2025-12-07,2025-12-10,3.0,Delivered,False,True,8610.24,0.0
PO-2025-01783,2025-11-11,Allegheny Metals,North America,Components,COM-5369,Ground,RoadRunner Freight,DC-East (PA),581,581.0,15.25,7,9.0,2025-11-18,2025-11-20,2.0,Delivered,False,True,8860.25,0.0
PO-2025-01784,2025-11-11,Rhine Components GmbH,EMEA,Components,COM-1694,Air,AeroFast,DC-Central (TX),591,591.0,11.17,9,8.0,2025-11-20,2025-11-19,0.0,Delivered,True,True,6601.47,1.0
PO-2025-01785,2025-11-11,São Paulo Supply,LATAM,Finished Goods,FIN-5139,Ocean,Meridian Shipping,DC-Central (TX),78,78.0,82.55,29,23.0,2025-12-10,2025-12-04,0.0,Delivered,True,True,6438.9,1.0
PO-2025-01786,2025-11-11,Allegheny Metals,North America,Components,COM-8806,Ground,RoadRunner Freight,DC-Central (TX),591,591.0,13.09,7,3.0,2025-11-18,2025-11-14,0.0,Delivered,True,True,7736.19,1.0
PO-2025-01787,2025-11-11,São Paulo Supply,LATAM,Finished Goods,FIN-4433,Ocean,Meridian Shipping,DC-West (CA),89,89.0,60.02,28,29.0,2025-12-09,2025-12-10,1.0,Delivered,False,True,5341.78,0.0
PO-2025-01788,2025-11-11,Pacific Components Co.,APAC,Components,COM-5580,Ocean,BlueWave Lines,DC-East (PA),566,566.0,4.95,34,36.0,2025-12-15,2025-12-17,2.0,Delivered,False,True,2801.7,0.0
PO-2025-01789,2025-11-11,São Paulo Supply,LATAM,Finished Goods,FIN-1628,Ocean,Meridian Shipping,DC-South (GA),85,85.0,85.04,27,26.0,2025-12-08,2025-12-07,0.0,Delivered,True,True,7228.4,1.0
PO-2025-01790,2025-11-11,São Paulo Supply,LATAM,Raw Materials,RAW-9424,Ocean,BlueWave Lines,DC-South (GA),2190,2190.0,8.26,28,25.0,2025-12-09,2025-12-06,0.0,Delivered,True,True,18089.4,1.0
PO-2025-01791,2025-11-11,Pacific Components Co.,APAC,Components,COM-8314,Ocean,BlueWave Lines,DC-Central (TX),607,607.0,15.0,34,36.0,2025-12-15,2025-12-17,2.0,Delivered,False,True,9105.0,0.0
PO-2025-01792,2025-11-11,Allegheny Metals,North America,Components,COM-3584,Ground,RoadRunner Freight,DC-South (GA),592,592.0,22.44,6,3.0,2025-11-17,2025-11-14,0.0,Delivered,True,True,13284.48,1.0
PO-2025-01793,2025-11-12,Iberia Logistics SA,EMEA,Packaging,PAC-6539,Ocean,Meridian Shipping,DC-Central (TX),5484,5484.0,1.01,23,20.0,2025-12-05,2025-12-02,0.0,Delivered,True,True,5538.84,1.0
PO-2025-01794,2025-11-12,Bangalore ElectroTech,APAC,Electronics,ELE-3714,Air,AeroFast,DC-West (CA),125,125.0,33.03,12,10.0,2025-11-24,2025-11-22,0.0,Delivered,True,True,4128.75,1.0
PO-2025-01795,2025-11-12,Rhine Components GmbH,EMEA,Electronics,ELE-5183,Air,AeroFast,DC-West (CA),116,116.0,51.12,11,9.0,2025-11-23,2025-11-21,0.0,Delivered,True,True,5929.92,1.0
PO-2025-01796,2025-11-12,Pacific Components Co.,APAC,Components,COM-4439,Ocean,BlueWave Lines,DC-South (GA),587,587.0,22.4,34,38.0,2025-12-16,2025-12-20,4.0,Delivered,False,True,13148.8,0.0
PO-2025-01797,2025-11-12,Allegheny Metals,North America,Raw Materials,RAW-2648,Ground,RoadRunner Freight,DC-East (PA),2193,2193.0,9.02,7,2.0,2025-11-19,2025-11-14,0.0,Delivered,True,True,19780.86,1.0
PO-2025-01798,2025-11-12,São Paulo Supply,LATAM,Raw Materials,RAW-6815,Ocean,Meridian Shipping,DC-Central (TX),2220,2220.0,6.67,28,30.0,2025-12-10,2025-12-12,2.0,Delivered,False,True,14807.4,0.0
PO-2025-01799,2025-11-12,Rhine Components GmbH,EMEA,Electronics,ELE-8783,Air,SkyBridge Air Cargo,DC-East (PA),112,112.0,44.8,9,9.0,2025-11-21,2025-11-21,0.0,Delivered,True,True,5017.6,1.0
PO-2025-01800,2025-11-12,Great Lakes Packaging,North America,Packaging,PAC-6159,Ground,RoadRunner Freight,DC-East (PA),5427,5427.0,1.26,6,5.0,2025-11-18,2025-11-17,0.0,Delivered,True,True,6838.02,1.0
PO-2025-01801,2025-11-12,Bangalore ElectroTech,APAC,Electronics,ELE-4048,Air,AeroFast,DC-Central (TX),90,90.0,40.74,12,10.0,2025-11-24,2025-11-22,0.0,Delivered,True,True,3666.6,1.0
PO-2025-01802,2025-11-12,Pacific Components Co.,APAC,Electronics,ELE-9915,Ocean,Meridian Shipping,DC-East (PA),118,96.0,67.02,35,42.0,2025-12-17,2025-12-24,7.0,Delivered,False,False,7908.36,0.0
PO-2025-01803,2025-11-12,São Paulo Supply,LATAM,Finished Goods,FIN-8655,Ocean,Meridian Shipping,DC-West (CA),79,79.0,69.73,29,32.0,2025-12-11,2025-12-14,3.0,Delivered,False,True,5508.67,0.0
PO-2025-01804,2025-11-12,Bangalore ElectroTech,APAC,Electronics,ELE-8806,Air,AeroFast,DC-West (CA),113,113.0,38.11,10,5.0,2025-11-22,2025-11-17,0.0,Delivered,True,True,4306.43,1.0
PO-2025-01805,2025-11-13,Bangalore ElectroTech,APAC,Electronics,ELE-1771,Air,SkyBridge Air Cargo,DC-South (GA),119,119.0,31.53,10,7.0,2025-11-23,2025-11-20,0.0,Delivered,True,True,3752.07,1.0
PO-2025-01806,2025-11-13,Great Lakes Packaging,North America,Packaging,PAC-8219,Ground,RoadRunner Freight,DC-West (CA),5293,5004.0,1.55,7,5.0,2025-11-20,2025-11-18,0.0,Delivered,True,False,8204.15,0.0
PO-2025-01807,2025-11-13,Allegheny Metals,North America,Raw Materials,RAW-2198,Ground,Continental Trucking,DC-South (GA),2128,2128.0,7.86,8,7.0,2025-11-21,2025-11-20,0.0,Delivered,True,True,16726.08,1.0
PO-2025-01808,2025-11-13,Allegheny Metals,North America,Raw Materials,RAW-9678,Ground,Continental Trucking,DC-South (GA),2215,2215.0,8.01,6,3.0,2025-11-19,2025-11-16,0.0,Delivered,True,True,17742.15,1.0
PO-2025-01809,2025-11-13,Monterrey Assembly,LATAM,Finished Goods,FIN-1576,Ground,Continental Trucking,DC-East (PA),102,102.0,103.29,10,8.0,2025-11-23,2025-11-21,0.0,Delivered,True,True,10535.58,1.0
PO-2025-01810,2025-11-13,Bangalore ElectroTech,APAC,Electronics,ELE-2385,Air,SkyBridge Air Cargo,DC-West (CA),127,127.0,49.97,12,12.0,2025-11-25,2025-11-25,0.0,Delivered,True,True,6346.19,1.0
PO-2025-01811,2025-11-13,Shenzhen Precision Ltd,APAC,Components,COM-6964,Ocean,Meridian Shipping,DC-South (GA),610,610.0,11.1,33,32.0,2025-12-16,2025-12-15,0.0,Delivered,True,True,6771.0,1.0
PO-2025-01812,2025-11-13,Pacific Components Co.,APAC,Electronics,ELE-9470,Ocean,Meridian Shipping,DC-South (GA),145,145.0,42.29,32,33.0,2025-12-15,2025-12-16,1.0,Delivered,False,True,6132.05,0.0
PO-2025-01813,2025-11-13,Shenzhen Precision Ltd,APAC,Components,COM-7452,Ocean,Meridian Shipping,DC-East (PA),600,600.0,18.84,32,30.0,2025-12-15,2025-12-13,0.0,Delivered,True,True,11304.0,1.0
PO-2025-01814,2025-11-14,Monterrey Assembly,LATAM,Components,COM-9847,Ground,RoadRunner Freight,DC-West (CA),562,562.0,7.03,11,11.0,2025-11-25,2025-11-25,0.0,Delivered,True,True,3950.86,1.0
PO-2025-01815,2025-11-14,Monterrey Assembly,LATAM,Finished Goods,FIN-2578,Ground,Continental Trucking,DC-West (CA),102,102.0,92.86,11,10.0,2025-11-25,2025-11-24,0.0,Delivered,True,True,9471.72,1.0
PO-2025-01816,2025-11-14,Iberia Logistics SA,EMEA,Packaging,PAC-9482,Ocean,Meridian Shipping,DC-South (GA),5351,5351.0,0.9,23,22.0,2025-12-07,2025-12-06,0.0,Delivered,True,True,4815.9,1.0
PO-2025-01817,2025-11-14,Shenzhen Precision Ltd,APAC,Components,COM-4213,Ocean,Meridian Shipping,DC-South (GA),580,580.0,15.58,33,35.0,2025-12-17,2025-12-19,2.0,Delivered,False,True,9036.4,0.0
PO-2025-01818,2025-11-14,Monterrey Assembly,LATAM,Finished Goods,FIN-4274,Ground,RoadRunner Freight,DC-East (PA),97,97.0,63.67,13,9.0,2025-11-27,2025-11-23,0.0,Delivered,True,True,6175.99,1.0
PO-2025-01819,2025-11-14,Great Lakes Packaging,North America,Packaging,PAC-4550,Ground,Continental Trucking,DC-East (PA),5544,5544.0,1.71,6,3.0,2025-11-20,2025-11-17,0.0,Delivered,True,True,9480.24,1.0
PO-2025-01820,2025-11-14,Rhine Components GmbH,EMEA,Components,COM-5302,Air,AeroFast,DC-East (PA),570,570.0,23.08,10,7.0,2025-11-24,2025-11-21,0.0,Delivered,True,True,13155.6,1.0
PO-2025-01821,2025-11-14,Shenzhen Precision Ltd,APAC,Components,COM-1095,Ocean,Meridian Shipping,DC-West (CA),643,643.0,11.71,30,21.0,2025-12-14,2025-12-05,0.0,Delivered,True,True,7529.53,1.0
PO-2025-01822,2025-11-14,Allegheny Metals,North America,Components,COM-4505,Ground,Continental Trucking,DC-Central (TX),559,559.0,9.41,7,5.0,2025-11-21,2025-11-19,0.0,Delivered,True,True,5260.19,1.0
PO-2025-01823,2025-11-14,Great Lakes Packaging,North America,Packaging,PAC-8852,Ground,Continental Trucking,DC-East (PA),5432,5432.0,1.13,6,4.0,2025-11-20,2025-11-18,0.0,Delivered,True,True,6138.16,1.0
PO-2025-01824,2025-11-14,Iberia Logistics SA,EMEA,Finished Goods,FIN-1709,Ocean,BlueWave Lines,DC-South (GA),94,94.0,59.08,24,30.0,2025-12-08,2025-12-14,6.0,Delivered,False,True,5553.52,0.0
PO-2025-01825,2025-11-15,Allegheny Metals,North America,Components,COM-1258,Ground,Continental Trucking,DC-East (PA),595,595.0,6.03,7,6.0,2025-11-22,2025-11-21,0.0,Delivered,True,True,3587.85,1.0
PO-2025-01826,2025-11-15,Pacific Components Co.,APAC,Components,COM-2816,Ocean,BlueWave Lines,DC-Central (TX),571,571.0,13.79,34,34.0,2025-12-19,2025-12-19,0.0,Delivered,True,True,7874.09,1.0
PO-2025-01827,2025-11-15,Great Lakes Packaging,North America,Packaging,PAC-3528,Ground,Continental Trucking,DC-West (CA),5353,5353.0,0.78,7,7.0,2025-11-22,2025-11-22,0.0,Delivered,True,True,4175.34,1.0
PO-2025-01828,2025-11-15,Pacific Components Co.,APAC,Electronics,ELE-7330,Ocean,Meridian Shipping,DC-East (PA),131,131.0,39.51,33,32.0,2025-12-18,2025-12-17,0.0,Delivered,True,True,5175.81,1.0
PO-2025-01829,2025-11-15,Rhine Components GmbH,EMEA,Electronics,ELE-7317,Air,AeroFast,DC-West (CA),120,120.0,44.92,9,8.0,2025-11-24,2025-11-23,0.0,Delivered,True,True,5390.4,1.0
PO-2025-01830,2025-11-15,Great Lakes Packaging,North America,Packaging,PAC-2973,Ground,Continental Trucking,DC-East (PA),5463,5463.0,0.5,8,8.0,2025-11-23,2025-11-23,0.0,Delivered,True,True,2731.5,1.0
PO-2025-01831,2025-11-15,Monterrey Assembly,LATAM,Finished Goods,FIN-5393,Ground,Continental Trucking,DC-Central (TX),92,92.0,65.54,12,12.0,2025-11-27,2025-11-27,0.0,Delivered,True,True,6029.68,1.0
PO-2025-01832,2025-11-15,Rhine Components GmbH,EMEA,Components,COM-6314,Air,SkyBridge Air Cargo,DC-East (PA),639,639.0,24.38,9,8.0,2025-11-24,2025-11-23,0.0,Delivered,True,True,15578.82,1.0
PO-2025-01833,2025-11-15,Great Lakes Packaging,North America,Packaging,PAC-5247,Ground,Continental Trucking,DC-South (GA),5409,5409.0,1.11,6,4.0,2025-11-21,2025-11-19,0.0,Delivered,True,True,6003.99,1.0
PO-2025-01834,2025-11-15,Monterrey Assembly,LATAM,Finished Goods,FIN-4246,Ground,Continental Trucking,DC-South (GA),87,87.0,41.19,11,14.0,2025-11-26,2025-11-29,3.0,Delivered,False,True,3583.53,0.0
PO-2025-01835,2025-11-15,Bangalore ElectroTech,APAC,Electronics,ELE-7249,Air,SkyBridge Air Cargo,DC-West (CA),94,94.0,41.34,12,11.0,2025-11-27,2025-11-26,0.0,Delivered,True,True,3885.96,1.0
PO-2025-01836,2025-11-15,Great Lakes Packaging,North America,Packaging,PAC-5881,Ground,RoadRunner Freight,DC-Central (TX),5248,5248.0,0.99,5,3.0,2025-11-20,2025-11-18,0.0,Delivered,True,True,5195.52,1.0
PO-2025-01837,2025-11-15,Shenzhen Precision Ltd,APAC,Components,COM-7617,Ocean,BlueWave Lines,DC-South (GA),626,626.0,8.15,32,31.0,2025-12-17,2025-12-16,0.0,Delivered,True,True,5101.9,1.0
PO-2025-01838,2025-11-16,Shenzhen Precision Ltd,APAC,Electronics,ELE-4034,Ocean,BlueWave Lines,DC-Central (TX),108,108.0,25.83,32,29.0,2025-12-18,2025-12-15,0.0,Delivered,True,True,2789.64,1.0
PO-2025-01839,2025-11-16,Iberia Logistics SA,EMEA,Finished Goods,FIN-6951,Ocean,Meridian Shipping,DC-South (GA),77,77.0,67.76,24,27.0,2025-12-10,2025-12-13,3.0,Delivered,False,True,5217.52,0.0
PO-2025-01840,2025-11-16,Iberia Logistics SA,EMEA,Packaging,PAC-5853,Ocean,Meridian Shipping,DC-South (GA),5306,5306.0,0.93,24,18.0,2025-12-10,2025-12-04,0.0,Delivered,True,True,4934.58,1.0
PO-2025-01841,2025-11-16,São Paulo Supply,LATAM,Finished Goods,FIN-9954,Ocean,BlueWave Lines,DC-West (CA),92,81.0,71.17,28,27.0,2025-12-14,2025-12-13,0.0,Delivered,True,False,6547.64,0.0
PO-2025-01842,2025-11-16,Iberia Logistics SA,EMEA,Packaging,PAC-4285,Ocean,BlueWave Lines,DC-West (CA),5534,5534.0,1.07,24,27.0,2025-12-10,2025-12-13,3.0,Delivered,False,True,5921.38,0.0
PO-2025-01843,2025-11-16,Great Lakes Packaging,North America,Packaging,PAC-5122,Ground,RoadRunner Freight,DC-Central (TX),5372,5372.0,1.55,7,5.0,2025-11-23,2025-11-21,0.0,Delivered,True,True,8326.6,1.0
PO-2025-01844,2025-11-16,Rhine Components GmbH,EMEA,Electronics,ELE-1864,Air,AeroFast,DC-South (GA),124,124.0,30.35,9,12.0,2025-11-25,2025-11-28,3.0,Delivered,False,True,3763.4,0.0
PO-2025-01845,2025-11-16,Great Lakes Packaging,North America,Packaging,PAC-7124,Ground,RoadRunner Freight,DC-South (GA),5345,5345.0,0.85,7,4.0,2025-11-23,2025-11-20,0.0,Delivered,True,True,4543.25,1.0
PO-2025-01846,2025-11-16,Monterrey Assembly,LATAM,Components,COM-9882,Ground,RoadRunner Freight,DC-Central (TX),617,617.0,23.2,11,10.0,2025-11-27,2025-11-26,0.0,Delivered,True,True,14314.4,1.0
PO-2025-01847,2025-11-16,Bangalore ElectroTech,APAC,Electronics,ELE-6820,Air,AeroFast,DC-West (CA),107,107.0,49.88,12,10.0,2025-11-28,2025-11-26,0.0,Delivered,True,True,5337.16,1.0
PO-2025-01848,2025-11-17,Great Lakes Packaging,North America,Packaging,PAC-3578,Ground,RoadRunner Freight,DC-South (GA),5339,5339.0,1.64,5,4.0,2025-11-22,2025-11-21,0.0,Delivered,True,True,8755.96,1.0
PO-2025-01849,2025-11-17,Bangalore ElectroTech,APAC,Electronics,ELE-8658,Air,AeroFast,DC-West (CA),110,110.0,21.4,12,6.0,2025-11-29,2025-11-23,0.0,Delivered,True,True,2354.0,1.0
PO-2025-01850,2025-11-17,Allegheny Metals,North America,Raw Materials,RAW-5243,Ground,RoadRunner Freight,DC-West (CA),2157,2157.0,5.85,5,1.0,2025-11-22,2025-11-18,0.0,Delivered,True,True,12618.45,1.0
PO-2025-01851,2025-11-17,Pacific Components Co.,APAC,Electronics,ELE-4197,Ocean,BlueWave Lines,DC-Central (TX),121,121.0,58.48,33,37.0,2025-12-20,2025-12-24,4.0,Delivered,False,True,7076.08,0.0
PO-2025-01852,2025-11-17,Monterrey Assembly,LATAM,Components,COM-2630,Ground,RoadRunner Freight,DC-West (CA),651,651.0,15.63,11,10.0,2025-11-28,2025-11-27,0.0,Delivered,True,True,10175.13,1.0
PO-2025-01853,2025-11-17,São Paulo Supply,LATAM,Raw Materials,RAW-3852,Ocean,BlueWave Lines,DC-Central (TX),2154,2154.0,13.32,28,30.0,2025-12-15,2025-12-17,2.0,Delivered,False,True,28691.28,0.0
PO-2025-01854,2025-11-17,Pacific Components Co.,APAC,Electronics,ELE-9726,Ocean,BlueWave Lines,DC-South (GA),100,100.0,48.82,34,37.0,2025-12-21,2025-12-24,3.0,Delivered,False,True,4882.0,0.0
PO-2025-01855,2025-11-17,São Paulo Supply,LATAM,Raw Materials,RAW-5456,Ocean,BlueWave Lines,DC-East (PA),2128,2128.0,6.97,27,22.0,2025-12-14,2025-12-09,0.0,Delivered,True,True,14832.16,1.0
PO-2025-01856,2025-11-17,Rhine Components GmbH,EMEA,Components,COM-8963,Air,AeroFast,DC-West (CA),597,597.0,14.43,7,4.0,2025-11-24,2025-11-21,0.0,Delivered,True,True,8614.71,1.0
PO-2025-01857,2025-11-17,Iberia Logistics SA,EMEA,Finished Goods,FIN-5572,Ocean,Meridian Shipping,DC-East (PA),92,92.0,110.21,22,25.0,2025-12-09,2025-12-12,3.0,Delivered,False,True,10139.32,0.0
PO-2025-01858,2025-11-17,Rhine Components GmbH,EMEA,Electronics,ELE-6669,Air,SkyBridge Air Cargo,DC-Central (TX),127,127.0,28.86,10,8.0,2025-11-27,2025-11-25,0.0,Delivered,True,True,3665.22,1.0
PO-2025-01859,2025-11-17,Rhine Components GmbH,EMEA,Electronics,ELE-1611,Air,AeroFast,DC-Central (TX),119,115.0,42.58,11,8.0,2025-11-28,2025-11-25,0.0,Delivered,True,False,5067.02,0.0
PO-2025-01860,2025-11-17,Allegheny Metals,North America,Components,COM-2547,Ground,RoadRunner Freight,DC-South (GA),589,589.0,14.81,6,1.0,2025-11-23,2025-11-18,0.0,Delivered,True,True,8723.09,1.0
PO-2025-01861,2025-11-18,Shenzhen Precision Ltd,APAC,Components,COM-9787,Ocean,BlueWave Lines,DC-Central (TX),569,569.0,16.68,32,26.0,2025-12-20,2025-12-14,0.0,Delivered,True,True,9490.92,1.0
PO-2025-01862,2025-11-18,São Paulo Supply,LATAM,Finished Goods,FIN-6552,Ocean,BlueWave Lines,DC-Central (TX),79,79.0,58.09,28,33.0,2025-12-16,2025-12-21,5.0,Delivered,False,True,4589.11,0.0
PO-2025-01863,2025-11-18,Rhine Components GmbH,EMEA,Components,COM-6651,Air,AeroFast,DC-South (GA),627,627.0,19.67,9,10.0,2025-11-27,2025-11-28,1.0,Delivered,False,True,12333.09,0.0
PO-2025-01864,2025-11-18,Bangalore ElectroTech,APAC,Electronics,ELE-3153,Air,SkyBridge Air Cargo,DC-South (GA),136,136.0,46.44,12,13.0,2025-11-30,2025-12-01,1.0,Delivered,False,True,6315.84,0.0
PO-2025-01865,2025-11-18,Monterrey Assembly,LATAM,Components,COM-6320,Ground,RoadRunner Freight,DC-South (GA),586,586.0,9.34,10,8.0,2025-11-28,2025-11-26,0.0,Delivered,True,True,5473.24,1.0
PO-2025-01866,2025-11-18,Great Lakes Packaging,North America,Packaging,PAC-1449,Ground,RoadRunner Freight,DC-South (GA),5354,5354.0,1.51,6,4.0,2025-11-24,2025-11-22,0.0,Delivered,True,True,8084.54,1.0
PO-2025-01867,2025-11-18,São Paulo Supply,LATAM,Raw Materials,RAW-6946,Ocean,BlueWave Lines,DC-East (PA),2222,2222.0,8.02,28,19.0,2025-12-16,2025-12-07,0.0,Delivered,True,True,17820.44,1.0
PO-2025-01868,2025-11-18,Iberia Logistics SA,EMEA,Packaging,PAC-8345,Ocean,Meridian Shipping,DC-Central (TX),5298,5298.0,0.98,24,27.0,2025-12-12,2025-12-15,3.0,Delivered,False,True,5192.04,0.0
PO-2025-01869,2025-11-18,Great Lakes Packaging,North America,Packaging,PAC-7560,Ground,RoadRunner Freight,DC-East (PA),5297,5297.0,1.01,6,8.0,2025-11-24,2025-11-26,2.0,Delivered,False,True,5349.97,0.0
PO-2025-01870,2025-11-18,Allegheny Metals,North America,Raw Materials,RAW-9481,Ground,Continental Trucking,DC-Central (TX),2176,2176.0,8.91,8,4.0,2025-11-26,2025-11-22,0.0,Delivered,True,True,19388.16,1.0
PO-2025-01871,2025-11-18,Allegheny Metals,North America,Raw Materials,RAW-8590,Ground,RoadRunner Freight,DC-South (GA),2192,2192.0,8.06,7,7.0,2025-11-25,2025-11-25,0.0,Delivered,True,True,17667.52,1.0
PO-2025-01872,2025-11-18,Great Lakes Packaging,North America,Packaging,PAC-5272,Ground,Continental Trucking,DC-East (PA),5280,5280.0,1.76,8,5.0,2025-11-26,2025-11-23,0.0,Delivered,True,True,9292.8,1.0
PO-2025-01873,2025-11-18,Great Lakes Packaging,North America,Packaging,PAC-6436,Ground,Continental Trucking,DC-East (PA),5453,5453.0,1.08,5,3.0,2025-11-23,2025-11-21,0.0,Delivered,True,True,5889.24,1.0
PO-2025-01874,2025-11-18,Great Lakes Packaging,North America,Packaging,PAC-8562,Ground,Continental Trucking,DC-West (CA),5437,5437.0,1.0,6,5.0,2025-11-24,2025-11-23,0.0,Delivered,True,True,5437.0,1.0
PO-2025-01875,2025-11-18,Shenzhen Precision Ltd,APAC,Electronics,ELE-7069,Ocean,BlueWave Lines,DC-West (CA),125,125.0,64.76,32,29.0,2025-12-20,2025-12-17,0.0,Delivered,True,True,8095.0,1.0
PO-2025-01876,2025-11-18,Shenzhen Precision Ltd,APAC,Components,COM-1760,Ocean,BlueWave Lines,DC-East (PA),618,536.0,10.43,32,27.0,2025-12-20,2025-12-15,0.0,Delivered,True,False,6445.74,0.0
PO-2025-01877,2025-11-19,Iberia Logistics SA,EMEA,Finished Goods,FIN-8533,Ocean,BlueWave Lines,DC-West (CA),85,85.0,27.94,23,27.0,2025-12-12,2025-12-16,4.0,Delivered,False,True,2374.9,0.0
PO-2025-01878,2025-11-19,Iberia Logistics SA,EMEA,Finished Goods,FIN-4611,Ocean,BlueWave Lines,DC-Central (TX),76,76.0,73.51,26,23.0,2025-12-15,2025-12-12,0.0,Delivered,True,True,5586.76,1.0
PO-2025-01879,2025-11-19,Allegheny Metals,North America,Components,COM-3503,Ground,Continental Trucking,DC-East (PA),613,613.0,15.0,8,7.0,2025-11-27,2025-11-26,0.0,Delivered,True,True,9195.0,1.0
PO-2025-01880,2025-11-19,Bangalore ElectroTech,APAC,Electronics,ELE-3421,Air,SkyBridge Air Cargo,DC-Central (TX),118,118.0,45.44,13,9.0,2025-12-02,2025-11-28,0.0,Delivered,True,True,5361.92,1.0
PO-2025-01881,2025-11-19,Pacific Components Co.,APAC,Electronics,ELE-4470,Ocean,BlueWave Lines,DC-Central (TX),121,114.0,29.06,35,36.0,2025-12-24,2025-12-25,1.0,Delivered,False,False,3516.26,0.0
PO-2025-01882,2025-11-19,Rhine Components GmbH,EMEA,Electronics,ELE-3937,Air,SkyBridge Air Cargo,DC-East (PA),118,118.0,43.92,8,3.0,2025-11-27,2025-11-22,0.0,Delivered,True,True,5182.56,1.0
PO-2025-01883,2025-11-19,Great Lakes Packaging,North America,Packaging,PAC-6685,Ground,Continental Trucking,DC-Central (TX),5497,5497.0,0.68,4,4.0,2025-11-23,2025-11-23,0.0,Delivered,True,True,3737.96,1.0
PO-2025-01884,2025-11-19,Monterrey Assembly,LATAM,Finished Goods,FIN-5492,Ground,Continental Trucking,DC-West (CA),86,86.0,53.08,8,10.0,2025-11-27,2025-11-29,2.0,Delivered,False,True,4564.88,0.0
PO-2025-01885,2025-11-19,Monterrey Assembly,LATAM,Components,COM-4869,Ground,Continental Trucking,DC-West (CA),635,635.0,10.52,11,9.0,2025-11-30,2025-11-28,0.0,Delivered,True,True,6680.2,1.0
PO-2025-01886,2025-11-19,Pacific Components Co.,APAC,Components,COM-7913,Ocean,BlueWave Lines,DC-South (GA),609,609.0,15.99,34,34.0,2025-12-23,2025-12-23,0.0,Delivered,True,True,9737.91,1.0
PO-2025-01887,2025-11-19,Pacific Components Co.,APAC,Components,COM-9614,Ocean,Meridian Shipping,DC-South (GA),614,614.0,18.28,37,38.0,2025-12-26,2025-12-27,1.0,Delivered,False,True,11223.92,0.0
PO-2025-01888,2025-11-19,Pacific Components Co.,APAC,Electronics,ELE-3667,Ocean,Meridian Shipping,DC-East (PA),114,114.0,46.98,33,29.0,2025-12-22,2025-12-18,0.0,Delivered,True,True,5355.72,1.0
PO-2025-01889,2025-11-19,Iberia Logistics SA,EMEA,Packaging,PAC-2786,Ocean,Meridian Shipping,DC-West (CA),5360,5360.0,0.93,25,27.0,2025-12-14,2025-12-16,2.0,Delivered,False,True,4984.8,0.0
PO-2025-01890,2025-11-19,Bangalore ElectroTech,APAC,Electronics,ELE-4947,Air,SkyBridge Air Cargo,DC-Central (TX),125,125.0,39.5,11,8.0,2025-11-30,2025-11-27,0.0,Delivered,True,True,4937.5,1.0
PO-2025-01891,2025-11-20,Rhine Components GmbH,EMEA,Electronics,ELE-2817,Air,SkyBridge Air Cargo,DC-South (GA),121,121.0,41.03,9,6.0,2025-11-29,2025-11-26,0.0,Delivered,True,True,4964.63,1.0
PO-2025-01892,2025-11-20,São Paulo Supply,LATAM,Finished Goods,FIN-3960,Ocean,BlueWave Lines,DC-West (CA),89,89.0,53.04,26,26.0,2025-12-16,2025-12-16,0.0,Delivered,True,True,4720.56,1.0
PO-2025-01893,2025-11-20,Shenzhen Precision Ltd,APAC,Electronics,ELE-1549,Ocean,Meridian Shipping,DC-Central (TX),120,120.0,30.7,33,32.0,2025-12-23,2025-12-22,0.0,Delivered,True,True,3684.0,1.0
PO-2025-01894,2025-11-20,Allegheny Metals,North America,Raw Materials,RAW-4108,Ground,RoadRunner Freight,DC-West (CA),2194,2194.0,5.76,7,6.0,2025-11-27,2025-11-26,0.0,Delivered,True,True,12637.44,1.0
PO-2025-01895,2025-11-20,Bangalore ElectroTech,APAC,Electronics,ELE-2659,Air,AeroFast,DC-Central (TX),108,108.0,39.71,13,11.0,2025-12-03,2025-12-01,0.0,Delivered,True,True,4288.68,1.0
PO-2025-01896,2025-11-20,Monterrey Assembly,LATAM,Components,COM-3773,Ground,Continental Trucking,DC-South (GA),579,579.0,9.17,11,12.0,2025-12-01,2025-12-02,1.0,Delivered,False,True,5309.43,0.0
PO-2025-01897,2025-11-20,Allegheny Metals,North America,Components,COM-5057,Ground,RoadRunner Freight,DC-East (PA),543,543.0,19.87,8,8.0,2025-11-28,2025-11-28,0.0,Delivered,True,True,10789.41,1.0
PO-2025-01898,2025-11-20,Great Lakes Packaging,North America,Packaging,PAC-6447,Ground,Continental Trucking,DC-East (PA),5391,5391.0,0.58,5,3.0,2025-11-25,2025-11-23,0.0,Delivered,True,True,3126.78,1.0
PO-2025-01899,2025-11-20,Rhine Components GmbH,EMEA,Electronics,ELE-2238,Air,AeroFast,DC-East (PA),116,116.0,31.59,10,9.0,2025-11-30,2025-11-29,0.0,Delivered,True,True,3664.44,1.0
PO-2025-01900,2025-11-20,Iberia Logistics SA,EMEA,Packaging,PAC-8539,Ocean,Meridian Shipping,DC-West (CA),5442,5442.0,1.65,22,20.0,2025-12-12,2025-12-10,0.0,Delivered,True,True,8979.3,1.0
PO-2025-01901,2025-11-20,Pacific Components Co.,APAC,Components,COM-7124,Ocean,BlueWave Lines,DC-South (GA),652,652.0,9.04,33,35.0,2025-12-23,2025-12-25,2.0,Delivered,False,True,5894.08,0.0
PO-2025-01902,2025-11-20,Shenzhen Precision Ltd,APAC,Components,COM-6162,Ocean,BlueWave Lines,DC-South (GA),588,588.0,12.96,32,36.0,2025-12-22,2025-12-26,4.0,Delivered,False,True,7620.48,0.0
PO-2025-01903,2025-11-20,Rhine Components GmbH,EMEA,Electronics,ELE-3912,Air,SkyBridge Air Cargo,DC-South (GA),121,115.0,36.0,8,8.0,2025-11-28,2025-11-28,0.0,Delivered,True,False,4356.0,0.0
PO-2025-01904,2025-11-20,Shenzhen Precision Ltd,APAC,Electronics,ELE-4503,Ocean,Meridian Shipping,DC-East (PA),111,111.0,48.81,31,30.0,2025-12-21,2025-12-20,0.0,Delivered,True,True,5417.91,1.0
PO-2025-01905,2025-11-20,Rhine Components GmbH,EMEA,Electronics,ELE-2693,Air,AeroFast,DC-West (CA),126,126.0,29.02,8,4.0,2025-11-28,2025-11-24,0.0,Delivered,True,True,3656.52,1.0
PO-2025-01906,2025-11-20,Allegheny Metals,North America,Components,COM-1617,Ground,Continental Trucking,DC-West (CA),578,578.0,14.14,8,8.0,2025-11-28,2025-11-28,0.0,Delivered,True,True,8172.92,1.0
PO-2025-01907,2025-11-20,Shenzhen Precision Ltd,APAC,Electronics,ELE-8845,Ocean,Meridian Shipping,DC-Central (TX),120,120.0,35.48,33,31.0,2025-12-23,2025-12-21,0.0,Delivered,True,True,4257.6,1.0
PO-2025-01908,2025-11-21,Iberia Logistics SA,EMEA,Finished Goods,FIN-8107,Ocean,BlueWave Lines,DC-Central (TX),87,87.0,74.78,24,26.0,2025-12-15,2025-12-17,2.0,Delivered,False,True,6505.86,0.0
PO-2025-01909,2025-11-21,Shenzhen Precision Ltd,APAC,Components,COM-9309,Ocean,BlueWave Lines,DC-West (CA),625,625.0,14.71,31,28.0,2025-12-22,2025-12-19,0.0,Delivered,True,True,9193.75,1.0
PO-2025-01910,2025-11-21,Rhine Components GmbH,EMEA,Components,COM-4950,Air,AeroFast,DC-Central (TX),624,624.0,6.19,6,4.0,2025-11-27,2025-11-25,0.0,Delivered,True,True,3862.56,1.0
PO-2025-01911,2025-11-21,Great Lakes Packaging,North America,Packaging,PAC-7080,Ground,RoadRunner Freight,DC-South (GA),5380,5380.0,1.2,6,4.0,2025-11-27,2025-11-25,0.0,Delivered,True,True,6456.0,1.0
PO-2025-01912,2025-11-21,Great Lakes Packaging,North America,Packaging,PAC-9963,Ground,Continental Trucking,DC-Central (TX),5409,5409.0,1.11,6,3.0,2025-11-27,2025-11-24,0.0,Delivered,True,True,6003.99,1.0
PO-2025-01913,2025-11-21,Bangalore ElectroTech,APAC,Electronics,ELE-5078,Air,AeroFast,DC-South (GA),120,120.0,37.68,13,10.0,2025-12-04,2025-12-01,0.0,Delivered,True,True,4521.6,1.0
PO-2025-01914,2025-11-21,Rhine Components GmbH,EMEA,Electronics,ELE-6233,Air,SkyBridge Air Cargo,DC-South (GA),126,126.0,58.17,10,5.0,2025-12-01,2025-11-26,0.0,Delivered,True,True,7329.42,1.0
PO-2025-01915,2025-11-21,Shenzhen Precision Ltd,APAC,Components,COM-1010,Ocean,BlueWave Lines,DC-Central (TX),593,593.0,15.36,34,32.0,2025-12-25,2025-12-23,0.0,Delivered,True,True,9108.48,1.0
PO-2025-01916,2025-11-21,Monterrey Assembly,LATAM,Finished Goods,FIN-8394,Ground,RoadRunner Freight,DC-South (GA),88,88.0,69.92,10,6.0,2025-12-01,2025-11-27,0.0,Delivered,True,True,6152.96,1.0
PO-2025-01917,2025-11-21,Great Lakes Packaging,North America,Packaging,PAC-2624,Ground,RoadRunner Freight,DC-West (CA),5395,5395.0,1.26,6,5.0,2025-11-27,2025-11-26,0.0,Delivered,True,True,6797.7,1.0
PO-2025-01918,2025-11-21,Shenzhen Precision Ltd,APAC,Components,COM-9831,Ocean,BlueWave Lines,DC-East (PA),601,601.0,11.75,31,31.0,2025-12-22,2025-12-22,0.0,Delivered,True,True,7061.75,1.0
PO-2025-01919,2025-11-21,São Paulo Supply,LATAM,Raw Materials,RAW-2734,Ocean,BlueWave Lines,DC-South (GA),2218,2218.0,6.87,29,25.0,2025-12-20,2025-12-16,0.0,Delivered,True,True,15237.66,1.0
PO-2025-01920,2025-11-21,Allegheny Metals,North America,Raw Materials,RAW-3743,Ground,Continental Trucking,DC-South (GA),2191,2191.0,7.34,6,3.0,2025-11-27,2025-11-24,0.0,Delivered,True,True,16081.94,1.0
PO-2025-01921,2025-11-22,São Paulo Supply,LATAM,Raw Materials,RAW-6937,Ocean,Meridian Shipping,DC-South (GA),2184,2184.0,6.75,26,26.0,2025-12-18,2025-12-18,0.0,Delivered,True,True,14742.0,1.0
PO-2025-01922,2025-11-22,Shenzhen Precision Ltd,APAC,Components,COM-6629,Ocean,BlueWave Lines,DC-South (GA),620,620.0,18.45,31,30.0,2025-12-23,2025-12-22,0.0,Delivered,True,True,11439.0,1.0
PO-2025-01923,2025-11-22,Bangalore ElectroTech,APAC,Electronics,ELE-5488,Air,AeroFast,DC-East (PA),121,121.0,47.43,13,13.0,2025-12-05,2025-12-05,0.0,Delivered,True,True,5739.03,1.0
PO-2025-01924,2025-11-22,Pacific Components Co.,APAC,Components,COM-3091,Ocean,Meridian Shipping,DC-South (GA),614,614.0,12.83,36,39.0,2025-12-28,2025-12-31,3.0,Delivered,False,True,7877.62,0.0
PO-2025-01925,2025-11-22,São Paulo Supply,LATAM,Finished Goods,FIN-6903,Ocean,BlueWave Lines,DC-Central (TX),90,90.0,60.05,27,23.0,2025-12-19,2025-12-15,0.0,Delivered,True,True,5404.5,1.0
PO-2025-01926,2025-11-22,Allegheny Metals,North America,Components,COM-8496,Ground,RoadRunner Freight,DC-Central (TX),612,568.0,13.32,7,5.0,2025-11-29,2025-11-27,0.0,Delivered,True,False,8151.84,0.0
PO-2025-01927,2025-11-22,Pacific Components Co.,APAC,Electronics,ELE-6720,Ocean,BlueWave Lines,DC-South (GA),135,112.0,36.5,35,35.0,2025-12-27,2025-12-27,0.0,Delivered,True,False,4927.5,0.0
PO-2025-01928,2025-11-22,Pacific Components Co.,APAC,Components,COM-4338,Ocean,BlueWave Lines,DC-West (CA),591,591.0,17.75,33,35.0,2025-12-25,2025-12-27,2.0,Delivered,False,True,10490.25,0.0
PO-2025-01929,2025-11-22,Iberia Logistics SA,EMEA,Packaging,PAC-8404,Ocean,BlueWave Lines,DC-West (CA),5399,5399.0,0.76,25,25.0,2025-12-17,2025-12-17,0.0,Delivered,True,True,4103.24,1.0
PO-2025-01930,2025-11-22,Great Lakes Packaging,North America,Packaging,PAC-7078,Ground,RoadRunner Freight,DC-East (PA),5426,5426.0,1.57,5,5.0,2025-11-27,2025-11-27,0.0,Delivered,True,True,8518.82,1.0
PO-2025-01931,2025-11-22,Rhine Components GmbH,EMEA,Components,COM-6372,Air,AeroFast,DC-Central (TX),604,604.0,16.11,9,10.0,2025-12-01,2025-12-02,1.0,Delivered,False,True,9730.44,0.0
PO-2025-01932,2025-11-22,Pacific Components Co.,APAC,Electronics,ELE-1279,Ocean,BlueWave Lines,DC-South (GA),123,123.0,40.57,35,34.0,2025-12-27,2025-12-26,0.0,Delivered,True,True,4990.11,1.0
PO-2025-01933,2025-11-22,Rhine Components GmbH,EMEA,Components,COM-1087,Air,AeroFast,DC-East (PA),590,590.0,15.55,9,8.0,2025-12-01,2025-11-30,0.0,Delivered,True,True,9174.5,1.0
PO-2025-01934,2025-11-23,Rhine Components GmbH,EMEA,Electronics,ELE-4927,Air,AeroFast,DC-Central (TX),127,127.0,49.92,8,10.0,2025-12-01,2025-12-03,2.0,Delivered,False,True,6339.84,0.0
PO-2025-01935,2025-11-23,Bangalore ElectroTech,APAC,Electronics,ELE-5632,Air,AeroFast,DC-South (GA),133,133.0,49.48,11,9.0,2025-12-04,2025-12-02,0.0,Delivered,True,True,6580.84,1.0
PO-2025-01936,2025-11-23,Rhine Components GmbH,EMEA,Components,COM-9041,Air,AeroFast,DC-South (GA),579,579.0,4.84,10,7.0,2025-12-03,2025-11-30,0.0,Delivered,True,True,2802.36,1.0
PO-2025-01937,2025-11-23,Bangalore ElectroTech,APAC,Electronics,ELE-3761,Air,AeroFast,DC-West (CA),107,107.0,40.5,11,12.0,2025-12-04,2025-12-05,1.0,Delivered,False,True,4333.5,0.0
PO-2025-01938,2025-11-23,Monterrey Assembly,LATAM,Finished Goods,FIN-9906,Ground,RoadRunner Freight,DC-West (CA),100,100.0,102.98,11,9.0,2025-12-04,2025-12-02,0.0,Delivered,True,True,10298.0,1.0
PO-2025-01939,2025-11-23,Rhine Components GmbH,EMEA,Components,COM-1302,Air,SkyBridge Air Cargo,DC-West (CA),619,619.0,17.99,10,11.0,2025-12-03,2025-12-04,1.0,Delivered,False,True,11135.81,0.0
PO-2025-01940,2025-11-23,Allegheny Metals,North America,Raw Materials,RAW-4752,Ground,Continental Trucking,DC-West (CA),2199,2199.0,5.06,6,5.0,2025-11-29,2025-11-28,0.0,Delivered,True,True,11126.94,1.0
PO-2025-01941,2025-11-23,Pacific Components Co.,APAC,Electronics,ELE-9942,Ocean,BlueWave Lines,DC-West (CA),123,123.0,51.17,34,38.0,2025-12-27,2025-12-31,4.0,Delivered,False,True,6293.91,0.0
PO-2025-01942,2025-11-23,Shenzhen Precision Ltd,APAC,Electronics,ELE-9218,Ocean,BlueWave Lines,DC-East (PA),102,102.0,41.82,31,36.0,2025-12-24,2025-12-29,5.0,Delivered,False,True,4265.64,0.0
PO-2025-01943,2025-11-23,São Paulo Supply,LATAM,Raw Materials,RAW-9920,Ocean,BlueWave Lines,DC-South (GA),2140,2140.0,6.33,27,27.0,2025-12-20,2025-12-20,0.0,Delivered,True,True,13546.2,1.0
PO-2025-01944,2025-11-23,Great Lakes Packaging,North America,Packaging,PAC-3507,Ground,Continental Trucking,DC-Central (TX),5361,5361.0,1.63,4,4.0,2025-11-27,2025-11-27,0.0,Delivered,True,True,8738.43,1.0
PO-2025-01945,2025-11-23,Shenzhen Precision Ltd,APAC,Components,COM-7529,Ocean,Meridian Shipping,DC-West (CA),0,601.0,12.84,32,38.0,2025-12-25,2025-12-31,6.0,Delivered,False,True,7716.84,0.0
PO-2025-01946,2025-11-23,Iberia Logistics SA,EMEA,Packaging,PAC-7255,Ocean,Meridian Shipping,DC-West (CA),5353,5353.0,1.28,22,22.0,2025-12-15,2025-12-15,0.0,Delivered,True,True,6851.84,1.0
PO-2025-01947,2025-11-23,Bangalore ElectroTech,APAC,Electronics,ELE-8759,Air,AeroFast,DC-South (GA),127,127.0,39.56,13,13.0,2025-12-06,2025-12-06,0.0,Delivered,True,True,5024.12,1.0
PO-2025-01948,2025-11-23,Shenzhen Precision Ltd,APAC,Components,COM-8732,Ocean,Meridian Shipping,DC-Central (TX),577,577.0,20.49,32,33.0,2025-12-25,2025-12-26,1.0,Delivered,False,True,11822.73,0.0
PO-2025-01949,2025-11-23,Monterrey Assembly,LATAM,Finished Goods,FIN-7623,Ground,RoadRunner Freight,DC-East (PA),91,77.0,66.85,11,7.0,2025-12-04,2025-11-30,0.0,Delivered,True,False,6083.35,0.0
PO-2025-01950,2025-11-23,Bangalore ElectroTech,APAC,Electronics,ELE-6608,Air,SkyBridge Air Cargo,DC-East (PA),147,147.0,44.37,10,8.0,2025-12-03,2025-12-01,0.0,Delivered,True,True,6522.39,1.0
PO-2025-01951,2025-11-23,Monterrey Assembly,LATAM,Components,COM-1009,Ground,Continental Trucking,DC-Central (TX),593,593.0,14.16,14,15.0,2025-12-07,2025-12-08,1.0,Delivered,False,True,8396.88,0.0
PO-2025-01952,2025-11-23,Great Lakes Packaging,North America,Packaging,PAC-9876,Ground,Continental Trucking,DC-Central (TX),5478,5478.0,0.44,5,2.0,2025-11-28,2025-11-25,0.0,Delivered,True,True,2410.32,1.0
PO-2025-01953,2025-11-24,Great Lakes Packaging,North America,Packaging,PAC-8493,Ground,Continental Trucking,DC-Central (TX),5436,5436.0,0.86,7,7.0,2025-12-01,2025-12-01,0.0,Delivered,True,True,4674.96,1.0
PO-2025-01954,2025-11-24,São Paulo Supply,LATAM,Raw Materials,RAW-1455,Ocean,BlueWave Lines,DC-South (GA),2200,2200.0,5.0,28,26.0,2025-12-22,2025-12-20,0.0,Delivered,True,True,11000.0,1.0
PO-2025-01955,2025-11-24,Shenzhen Precision Ltd,APAC,Electronics,ELE-6127,Ocean,Meridian Shipping,DC-Central (TX),124,124.0,49.62,32,26.0,2025-12-26,2025-12-20,0.0,Delivered,True,True,6152.88,1.0
PO-2025-01956,2025-11-24,Bangalore ElectroTech,APAC,Electronics,ELE-7445,Air,SkyBridge Air Cargo,DC-East (PA),122,122.0,47.27,13,16.0,2025-12-07,2025-12-10,3.0,Delivered,False,True,5766.94,0.0
PO-2025-01957,2025-11-24,Rhine Components GmbH,EMEA,Components,COM-8482,Air,SkyBridge Air Cargo,DC-West (CA),626,626.0,15.16,7,4.0,2025-12-01,2025-11-28,0.0,Delivered,True,True,9490.16,1.0
PO-2025-01958,2025-11-24,Bangalore ElectroTech,APAC,Electronics,ELE-5737,Air,AeroFast,DC-West (CA),133,133.0,44.29,12,10.0,2025-12-06,2025-12-04,0.0,Delivered,True,True,5890.57,1.0
PO-2025-01959,2025-11-24,Bangalore ElectroTech,APAC,Electronics,ELE-8344,Air,AeroFast,DC-South (GA),126,126.0,53.37,11,10.0,2025-12-05,2025-12-04,0.0,Delivered,True,True,6724.62,1.0
PO-2025-01960,2025-11-24,Allegheny Metals,North America,Raw Materials,RAW-5781,Ground,Continental Trucking,DC-South (GA),2297,2297.0,8.3,7,6.0,2025-12-01,2025-11-30,0.0,Delivered,True,True,19065.1,1.0
PO-2025-01961,2025-11-24,Iberia Logistics SA,EMEA,Finished Goods,FIN-7363,Ocean,Meridian Shipping,DC-West (CA),91,91.0,69.14,27,29.0,2025-12-21,2025-12-23,2.0,Delivered,False,True,6291.74,0.0
PO-2025-01962,2025-11-24,Rhine Components GmbH,EMEA,Components,COM-5052,Air,SkyBridge Air Cargo,DC-West (CA),634,634.0,19.44,9,12.0,2025-12-03,2025-12-06,3.0,Delivered,False,True,12324.96,0.0
PO-2025-01963,2025-11-24,Bangalore ElectroTech,APAC,Electronics,ELE-2063,Air,SkyBridge Air Cargo,DC-South (GA),124,124.0,43.48,12,11.0,2025-12-06,2025-12-05,0.0,Delivered,True,True,5391.52,1.0
PO-2025-01964,2025-11-24,São Paulo Supply,LATAM,Finished Goods,FIN-6348,Ocean,BlueWave Lines,DC-West (CA),86,72.0,64.3,27,24.0,2025-12-21,2025-12-18,0.0,Delivered,True,False,5529.8,0.0
PO-2025-01965,2025-11-24,Rhine Components GmbH,EMEA,Electronics,ELE-9673,Air,AeroFast,DC-East (PA),122,122.0,44.27,9,6.0,2025-12-03,2025-11-30,0.0,Delivered,True,True,5400.94,1.0
PO-2025-01966,2025-11-25,Allegheny Metals,North America,Raw Materials,RAW-6175,Ground,RoadRunner Freight,DC-East (PA),2202,2202.0,8.19,9,7.0,2025-12-04,2025-12-02,0.0,Delivered,True,True,18034.38,1.0
PO-2025-01967,2025-11-25,Allegheny Metals,North America,Components,COM-9030,Ground,RoadRunner Freight,DC-Central (TX),532,532.0,18.22,6,6.0,2025-12-01,2025-12-01,0.0,Delivered,True,True,9693.04,1.0
PO-2025-01968,2025-11-25,Bangalore ElectroTech,APAC,Electronics,ELE-6329,Air,SkyBridge Air Cargo,DC-Central (TX),107,88.0,57.44,13,15.0,2025-12-08,2025-12-10,2.0,Delivered,False,False,6146.08,0.0
PO-2025-01969,2025-11-25,São Paulo Supply,LATAM,Finished Goods,FIN-6734,Ocean,BlueWave Lines,DC-West (CA),88,88.0,87.2,28,27.0,2025-12-23,2025-12-22,0.0,Delivered,True,True,7673.6,1.0
PO-2025-01970,2025-11-25,Iberia Logistics SA,EMEA,Finished Goods,FIN-1400,Ocean,BlueWave Lines,DC-South (GA),100,100.0,62.64,24,20.0,2025-12-19,2025-12-15,0.0,Delivered,True,True,6264.0,1.0
PO-2025-01971,2025-11-25,Shenzhen Precision Ltd,APAC,Components,COM-1913,Ocean,BlueWave Lines,DC-Central (TX),604,604.0,13.09,34,32.0,2025-12-29,2025-12-27,0.0,Delivered,True,True,7906.36,1.0
PO-2025-01972,2025-11-25,Shenzhen Precision Ltd,APAC,Electronics,ELE-7865,Ocean,Meridian Shipping,DC-West (CA),111,111.0,37.8,31,32.0,2025-12-26,2025-12-27,1.0,Delivered,False,True,4195.8,0.0
PO-2025-01973,2025-11-25,Iberia Logistics SA,EMEA,Packaging,PAC-7370,Ocean,BlueWave Lines,DC-West (CA),5387,5387.0,1.03,25,25.0,2025-12-20,2025-12-20,0.0,Delivered,True,True,5548.61,1.0
PO-2025-01974,2025-11-25,Iberia Logistics SA,EMEA,Packaging,PAC-6935,Ocean,BlueWave Lines,DC-Central (TX),5414,5414.0,1.66,25,24.0,2025-12-20,2025-12-19,0.0,Delivered,True,True,8987.24,1.0
PO-2025-01975,2025-11-25,Monterrey Assembly,LATAM,Finished Goods,FIN-8701,Ground,Continental Trucking,DC-East (PA),74,74.0,69.43,13,12.0,2025-12-08,2025-12-07,0.0,Delivered,True,True,5137.82,1.0
PO-2025-01976,2025-11-25,Bangalore ElectroTech,APAC,Electronics,ELE-9011,Air,AeroFast,DC-South (GA),108,108.0,43.78,12,10.0,2025-12-07,2025-12-05,0.0,Delivered,True,True,4728.24,1.0
PO-2025-01977,2025-11-26,Allegheny Metals,North America,Components,COM-6231,Ground,Continental Trucking,DC-Central (TX),597,597.0,7.94,8,7.0,2025-12-04,2025-12-03,0.0,Delivered,True,True,4740.18,1.0
PO-2025-01978,2025-11-26,Bangalore ElectroTech,APAC,Electronics,ELE-1713,Air,AeroFast,DC-Central (TX),104,104.0,48.0,11,13.0,2025-12-07,2025-12-09,2.0,Delivered,False,True,4992.0,0.0
PO-2025-01979,2025-11-26,Monterrey Assembly,LATAM,Components,COM-8184,Ground,RoadRunner Freight,DC-East (PA),600,600.0,12.97,11,9.0,2025-12-07,2025-12-05,0.0,Delivered,True,True,7782.0,1.0
PO-2025-01980,2025-11-26,Bangalore ElectroTech,APAC,Electronics,ELE-1095,Air,SkyBridge Air Cargo,DC-Central (TX),95,95.0,40.71,11,10.0,2025-12-07,2025-12-06,0.0,Delivered,True,True,3867.45,1.0
PO-2025-01981,2025-11-26,Shenzhen Precision Ltd,APAC,Components,COM-3195,Ocean,Meridian Shipping,DC-Central (TX),610,610.0,15.6,33,29.0,2025-12-29,2025-12-25,0.0,Delivered,True,True,9516.0,1.0
PO-2025-01982,2025-11-26,Great Lakes Packaging,North America,Packaging,PAC-7747,Ground,RoadRunner Freight,DC-East (PA),5464,5464.0,1.19,7,5.0,2025-12-03,2025-12-01,0.0,Delivered,True,True,6502.16,1.0
PO-2025-01983,2025-11-26,Iberia Logistics SA,EMEA,Finished Goods,FIN-9672,Ocean,Meridian Shipping,DC-South (GA),78,78.0,53.85,23,25.0,2025-12-19,2025-12-21,2.0,Delivered,False,True,4200.3,0.0
PO-2025-01984,2025-11-26,Great Lakes Packaging,North America,Packaging,PAC-9218,Ground,Continental Trucking,DC-West (CA),5452,5452.0,1.3,8,6.0,2025-12-04,2025-12-02,0.0,Delivered,True,True,7087.6,1.0
PO-2025-01985,2025-11-26,São Paulo Supply,LATAM,Raw Materials,RAW-1658,Ocean,Meridian Shipping,DC-Central (TX),2245,2245.0,11.01,29,29.0,2025-12-25,2025-12-25,0.0,Delivered,True,True,24717.45,1.0
PO-2025-01986,2025-11-26,Monterrey Assembly,LATAM,Components,COM-1629,Ground,Continental Trucking,DC-Central (TX),574,574.0,21.47,10,6.0,2025-12-06,2025-12-02,0.0,Delivered,True,True,12323.78,1.0
PO-2025-01987,2025-11-26,Monterrey Assembly,LATAM,Components,COM-1486,Ground,RoadRunner Freight,DC-East (PA),628,628.0,21.35,10,6.0,2025-12-06,2025-12-02,0.0,Delivered,True,True,13407.8,1.0
PO-2025-01988,2025-11-26,Allegheny Metals,North America,Raw Materials,RAW-5475,Ground,Continental Trucking,DC-South (GA),2178,2178.0,10.96,7,7.0,2025-12-03,2025-12-03,0.0,Delivered,True,True,23870.88,1.0
PO-2025-01989,2025-11-26,Shenzhen Precision Ltd,APAC,Electronics,ELE-2034,Ocean,Meridian Shipping,DC-West (CA),116,116.0,36.48,31,30.0,2025-12-27,2025-12-26,0.0,Delivered,True,True,4231.68,1.0
PO-2025-01990,2025-11-26,Bangalore ElectroTech,APAC,Electronics,ELE-7999,Air,AeroFast,DC-West (CA),126,126.0,43.16,11,10.0,2025-12-07,2025-12-06,0.0,Delivered,True,True,5438.16,1.0
PO-2025-01991,2025-11-26,Pacific Components Co.,APAC,Electronics,ELE-8969,Ocean,Meridian Shipping,DC-Central (TX),110,110.0,46.59,34,34.0,2025-12-30,2025-12-30,0.0,Delivered,True,True,5124.9,1.0
PO-2025-01992,2025-11-26,Rhine Components GmbH,EMEA,Components,COM-3174,Air,SkyBridge Air Cargo,DC-East (PA),583,583.0,24.9,11,10.0,2025-12-07,2025-12-06,0.0,Delivered,True,True,14516.7,1.0
PO-2025-01993,2025-11-27,Monterrey Assembly,LATAM,Finished Goods,FIN-9358,Ground,RoadRunner Freight,DC-South (GA),78,78.0,86.81,11,10.0,2025-12-08,2025-12-07,0.0,Delivered,True,True,6771.18,1.0
PO-2025-01994,2025-11-27,Pacific Components Co.,APAC,Electronics,ELE-2905,Ocean,Meridian Shipping,DC-Central (TX),116,116.0,54.08,36,41.0,2026-01-02,2026-01-07,5.0,Delivered,False,True,6273.28,0.0
PO-2025-01995,2025-11-27,Iberia Logistics SA,EMEA,Finished Goods,FIN-5927,Ocean,BlueWave Lines,DC-South (GA),99,99.0,88.19,25,27.0,2025-12-22,2025-12-24,2.0,Delivered,False,True,8730.81,0.0
PO-2025-01996,2025-11-27,Allegheny Metals,North America,Components,COM-7423,Ground,Continental Trucking,DC-East (PA),545,545.0,16.1,5,7.0,2025-12-02,2025-12-04,2.0,Delivered,False,True,8774.5,0.0
PO-2025-01997,2025-11-27,Pacific Components Co.,APAC,Components,COM-9351,Ocean,BlueWave Lines,DC-East (PA),601,601.0,15.83,33,40.0,2025-12-30,2026-01-06,7.0,Delivered,False,True,9513.83,0.0
PO-2025-01998,2025-11-27,Pacific Components Co.,APAC,Components,COM-4809,Ocean,Meridian Shipping,DC-West (CA),628,628.0,16.24,34,39.0,2025-12-31,2026-01-05,5.0,Delivered,False,True,10198.72,0.0
PO-2025-01999,2025-11-27,Great Lakes Packaging,North America,Packaging,PAC-2982,Ground,RoadRunner Freight,DC-Central (TX),5381,5381.0,1.07,6,5.0,2025-12-03,2025-12-02,0.0,Delivered,True,True,5757.67,1.0
PO-2025-02000,2025-11-27,Pacific Components Co.,APAC,Electronics,ELE-1117,Ocean,Meridian Shipping,DC-Central (TX),119,119.0,16.94,35,33.0,2026-01-01,2025-12-30,0.0,Delivered,True,True,2015.86,1.0
PO-2025-02001,2025-11-27,Iberia Logistics SA,EMEA,Finished Goods,FIN-3490,Ocean,BlueWave Lines,DC-South (GA),99,99.0,60.95,24,28.0,2025-12-21,2025-12-25,4.0,Delivered,False,True,6034.05,0.0
PO-2025-02002,2025-11-27,Shenzhen Precision Ltd,APAC,Electronics,ELE-3108,Ocean,Meridian Shipping,DC-West (CA),109,109.0,39.0,30,25.0,2025-12-27,2025-12-22,0.0,Delivered,True,True,4251.0,1.0
PO-2025-02003,2025-11-27,São Paulo Supply,LATAM,Finished Goods,FIN-8904,Ocean,BlueWave Lines,DC-West (CA),90,90.0,119.93,28,29.0,2025-12-25,2025-12-26,1.0,Delivered,False,True,10793.7,0.0
PO-2025-02004,2025-11-27,Shenzhen Precision Ltd,APAC,Electronics,ELE-3300,Ocean,Meridian Shipping,DC-South (GA),130,130.0,35.08,30,32.0,2025-12-27,2025-12-29,2.0,Delivered,False,True,4560.4,0.0
PO-2025-02005,2025-11-27,Pacific Components Co.,APAC,Components,COM-9326,Ocean,BlueWave Lines,DC-South (GA),624,624.0,14.44,35,36.0,2026-01-01,2026-01-02,1.0,Delivered,False,True,9010.56,0.0
PO-2025-02006,2025-11-28,São Paulo Supply,LATAM,Finished Goods,FIN-9209,Ocean,Meridian Shipping,DC-South (GA),66,66.0,85.86,28,31.0,2025-12-26,2025-12-29,3.0,Delivered,False,True,5666.76,0.0
PO-2025-02007,2025-11-28,Shenzhen Precision Ltd,APAC,Components,COM-8236,Ocean,BlueWave Lines,DC-South (GA),603,603.0,20.77,31,33.0,2025-12-29,2025-12-31,2.0,Delivered,False,True,12524.31,0.0
PO-2025-02008,2025-11-28,Pacific Components Co.,APAC,Components,COM-3943,Ocean,BlueWave Lines,DC-Central (TX),558,558.0,18.4,36,43.0,2026-01-03,2026-01-10,7.0,Delivered,False,True,10267.2,0.0
PO-2025-02009,2025-11-28,Shenzhen Precision Ltd,APAC,Components,COM-7991,Ocean,Meridian Shipping,DC-West (CA),580,580.0,10.05,33,23.0,2025-12-31,2025-12-21,0.0,Delivered,True,True,5829.0,1.0
PO-2025-02010,2025-11-28,São Paulo Supply,LATAM,Raw Materials,RAW-5560,Ocean,BlueWave Lines,DC-South (GA),2109,2109.0,12.37,28,21.0,2025-12-26,2025-12-19,0.0,Delivered,True,True,26088.33,1.0
PO-2025-02011,2025-11-28,Monterrey Assembly,LATAM,Components,COM-3984,Ground,Continental Trucking,DC-West (CA),587,587.0,7.91,10,10.0,2025-12-08,2025-12-08,0.0,Delivered,True,True,4643.17,1.0
PO-2025-02012,2025-11-28,Iberia Logistics SA,EMEA,Packaging,PAC-2489,Ocean,Meridian Shipping,DC-South (GA),5415,5415.0,1.1,24,25.0,2025-12-22,2025-12-23,1.0,Delivered,False,True,5956.5,0.0
PO-2025-02013,2025-11-28,Rhine Components GmbH,EMEA,Electronics,ELE-5665,Air,SkyBridge Air Cargo,DC-Central (TX),113,113.0,45.2,9,7.0,2025-12-07,2025-12-05,0.0,Delivered,True,True,5107.6,1.0
PO-2025-02014,2025-11-28,Great Lakes Packaging,North America,Packaging,PAC-1268,Ground,RoadRunner Freight,DC-Central (TX),5366,5366.0,1.61,6,1.0,2025-12-04,2025-11-29,0.0,Delivered,True,True,8639.26,1.0
PO-2025-02015,2025-11-28,Iberia Logistics SA,EMEA,Finished Goods,FIN-1879,Ocean,BlueWave Lines,DC-Central (TX),100,100.0,96.36,23,19.0,2025-12-21,2025-12-17,0.0,Delivered,True,True,9636.0,1.0
PO-2025-02016,2025-11-28,Shenzhen Precision Ltd,APAC,Electronics,ELE-3246,Ocean,Meridian Shipping,DC-South (GA),136,125.0,33.4,33,33.0,2025-12-31,2025-12-31,0.0,Delivered,True,False,4542.4,0.0
PO-2025-02017,2025-11-28,Bangalore ElectroTech,APAC,Electronics,ELE-5515,Air,SkyBridge Air Cargo,DC-South (GA),123,123.0,50.18,14,15.0,2025-12-12,2025-12-13,1.0,Delivered,False,True,6172.14,0.0
PO-2025-02018,2025-11-28,Monterrey Assembly,LATAM,Components,COM-1695,Ground,Continental Trucking,DC-West (CA),575,575.0,19.18,12,10.0,2025-12-10,2025-12-08,0.0,Delivered,True,True,11028.5,1.0
PO-2025-02019,2025-11-28,Shenzhen Precision Ltd,APAC,Electronics,ELE-7880,Ocean,Meridian Shipping,DC-East (PA),110,110.0,45.71,32,27.0,2025-12-30,2025-12-25,0.0,Delivered,True,True,5028.1,1.0
PO-2025-02020,2025-11-29,Shenzhen Precision Ltd,APAC,Electronics,ELE-9382,Ocean,BlueWave Lines,DC-West (CA),115,115.0,30.5,34,31.0,2026-01-02,2025-12-30,0.0,Delivered,True,True,3507.5,1.0
PO-2025-02021,2025-11-29,Rhine Components GmbH,EMEA,Electronics,ELE-5435,Air,AeroFast,DC-East (PA),124,124.0,62.84,10,5.0,2025-12-09,2025-12-04,0.0,Delivered,True,True,7792.16,1.0
PO-2025-02022,2025-11-29,São Paulo Supply,LATAM,Raw Materials,RAW-6194,Ocean,Meridian Shipping,DC-East (PA),2131,2131.0,9.12,29,29.0,2025-12-28,2025-12-28,0.0,Delivered,True,True,19434.72,1.0
PO-2025-02023,2025-11-29,Great Lakes Packaging,North America,Packaging,PAC-3718,Ground,Continental Trucking,DC-East (PA),5335,5335.0,1.38,5,4.0,2025-12-04,2025-12-03,0.0,Delivered,True,True,7362.3,1.0
PO-2025-02024,2025-11-29,Great Lakes Packaging,North America,Packaging,PAC-6686,Ground,RoadRunner Freight,DC-West (CA),5437,5437.0,1.26,6,6.0,2025-12-05,2025-12-05,0.0,Delivered,True,True,6850.62,1.0
PO-2025-02025,2025-11-29,Great Lakes Packaging,North America,Packaging,PAC-7295,Ground,RoadRunner Freight,DC-East (PA),5257,5257.0,1.44,7,2.0,2025-12-06,2025-12-01,0.0,Delivered,True,True,7570.08,1.0
PO-2025-02026,2025-11-29,Iberia Logistics SA,EMEA,Finished Goods,FIN-2946,Ocean,BlueWave Lines,DC-Central (TX),90,90.0,86.6,25,29.0,2025-12-24,2025-12-28,4.0,Delivered,False,True,7794.0,0.0
PO-2025-02027,2025-11-29,Great Lakes Packaging,North America,Packaging,PAC-8886,Ground,RoadRunner Freight,DC-Central (TX),5431,5431.0,1.49,5,2.0,2025-12-04,2025-12-01,0.0,Delivered,True,True,8092.19,1.0
PO-2025-02028,2025-11-30,São Paulo Supply,LATAM,Raw Materials,RAW-9405,Ocean,Meridian Shipping,DC-Central (TX),2111,2111.0,8.88,28,24.0,2025-12-28,2025-12-24,0.0,Delivered,True,True,18745.68,1.0
PO-2025-02029,2025-11-30,São Paulo Supply,LATAM,Finished Goods,FIN-5804,Ocean,Meridian Shipping,DC-West (CA),92,92.0,96.6,27,30.0,2025-12-27,2025-12-30,3.0,Delivered,False,True,8887.2,0.0
PO-2025-02030,2025-11-30,Great Lakes Packaging,North America,Packaging,PAC-5426,Ground,Continental Trucking,DC-Central (TX),5448,5448.0,1.43,7,4.0,2025-12-07,2025-12-04,0.0,Delivered,True,True,7790.64,1.0
PO-2025-02031,2025-11-30,Great Lakes Packaging,North America,Packaging,PAC-7841,Ground,RoadRunner Freight,DC-West (CA),5203,5203.0,0.94,6,4.0,2025-12-06,2025-12-04,0.0,Delivered,True,True,4890.82,1.0
PO-2025-02032,2025-11-30,Pacific Components Co.,APAC,Components,COM-4273,Ocean,Meridian Shipping,DC-South (GA),583,583.0,8.59,33,32.0,2026-01-02,2026-01-01,0.0,Delivered,True,True,5007.97,1.0
PO-2025-02033,2025-11-30,Great Lakes Packaging,North America,Packaging,PAC-3827,Ground,Continental Trucking,DC-South (GA),5527,5527.0,1.18,6,4.0,2025-12-06,2025-12-04,0.0,Delivered,True,True,6521.86,1.0
PO-2025-02034,2025-11-30,Shenzhen Precision Ltd,APAC,Components,COM-8250,Ocean,Meridian Shipping,DC-Central (TX),615,615.0,21.39,31,33.0,2025-12-31,2026-01-02,2.0,Delivered,False,True,13154.85,0.0
PO-2025-02035,2025-11-30,Rhine Components GmbH,EMEA,Components,COM-6637,Air,AeroFast,DC-South (GA),624,624.0,8.13,10,7.0,2025-12-10,2025-12-07,0.0,Delivered,True,True,5073.12,1.0
PO-2025-02036,2025-11-30,Allegheny Metals,North America,Components,COM-1830,Ground,RoadRunner Freight,DC-West (CA),613,613.0,18.59,8,2.0,2025-12-08,2025-12-02,0.0,Delivered,True,True,11395.67,1.0
PO-2025-02037,2025-12-01,Iberia Logistics SA,EMEA,Finished Goods,FIN-4317,Ocean,BlueWave Lines,DC-East (PA),92,92.0,55.51,24,20.0,2025-12-25,2025-12-21,0.0,Delivered,True,True,5106.92,1.0
PO-2025-02038,2025-12-01,Pacific Components Co.,APAC,Components,COM-9438,Ocean,Meridian Shipping,DC-Central (TX),604,604.0,16.86,34,33.0,2026-01-04,2026-01-03,0.0,Delivered,True,True,10183.44,1.0
PO-2025-02039,2025-12-01,Rhine Components GmbH,EMEA,Electronics,ELE-9362,Air,SkyBridge Air Cargo,DC-Central (TX),131,127.0,30.39,9,6.0,2025-12-10,2025-12-07,0.0,Delivered,True,False,3981.09,0.0
PO-2025-02040,2025-12-01,Monterrey Assembly,LATAM,Finished Goods,FIN-7420,Ground,RoadRunner Freight,DC-South (GA),83,83.0,73.67,10,7.0,2025-12-11,2025-12-08,0.0,Delivered,True,True,6114.61,1.0
PO-2025-02041,2025-12-01,Pacific Components Co.,APAC,Components,COM-2022,Ocean,Meridian Shipping,DC-West (CA),570,570.0,16.93,35,35.0,2026-01-05,2026-01-05,0.0,Delivered,True,True,9650.1,1.0
PO-2025-02042,2025-12-01,Bangalore ElectroTech,APAC,Electronics,ELE-5313,Air,SkyBridge Air Cargo,DC-South (GA),125,125.0,29.07,12,9.0,2025-12-13,2025-12-10,0.0,Delivered,True,True,3633.75,1.0
PO-2025-02043,2025-12-01,Allegheny Metals,North America,Components,COM-2535,Ground,Continental Trucking,DC-South (GA),586,586.0,11.38,6,5.0,2025-12-07,2025-12-06,0.0,Delivered,True,True,6668.68,1.0
PO-2025-02044,2025-12-01,Shenzhen Precision Ltd,APAC,Electronics,ELE-8081,Ocean,Meridian Shipping,DC-East (PA),118,118.0,52.14,33,35.0,2026-01-03,2026-01-05,2.0,Delivered,False,True,6152.52,0.0
PO-2025-02045,2025-12-01,Monterrey Assembly,LATAM,Components,COM-6777,Ground,Continental Trucking,DC-East (PA),599,599.0,15.47,11,12.0,2025-12-12,2025-12-13,1.0,Delivered,False,True,9266.53,0.0
PO-2025-02046,2025-12-01,Iberia Logistics SA,EMEA,Finished Goods,FIN-9761,Ocean,BlueWave Lines,DC-West (CA),94,94.0,63.19,24,26.0,2025-12-25,2025-12-27,2.0,Delivered,False,True,5939.86,0.0
PO-2025-02047,2025-12-01,Pacific Components Co.,APAC,Electronics,ELE-6338,Ocean,Meridian Shipping,DC-Central (TX),114,114.0,24.16,34,34.0,2026-01-04,2026-01-04,0.0,Delivered,True,True,2754.24,1.0
PO-2025-02048,2025-12-01,São Paulo Supply,LATAM,Raw Materials,RAW-9032,Ocean,Meridian Shipping,DC-West (CA),2210,2210.0,11.13,27,24.0,2025-12-28,2025-12-25,0.0,Delivered,True,True,24597.3,1.0
PO-2025-02049,2025-12-01,Pacific Components Co.,APAC,Components,COM-1451,Ocean,BlueWave Lines,DC-East (PA),641,641.0,14.67,34,36.0,2026-01-04,2026-01-06,2.0,Delivered,False,True,9403.47,0.0
PO-2025-02050,2025-12-01,São Paulo Supply,LATAM,Raw Materials,RAW-4532,Ocean,BlueWave Lines,DC-Central (TX),2219,2219.0,9.33,28,24.0,2025-12-29,2025-12-25,0.0,Delivered,True,True,20703.27,1.0
PO-2025-02051,2025-12-02,Allegheny Metals,North America,Raw Materials,RAW-2902,Ground,Continental Trucking,DC-South (GA),2230,2230.0,12.26,7,6.0,2025-12-09,2025-12-08,0.0,Delivered,True,True,27339.8,1.0
PO-2025-02052,2025-12-02,Allegheny Metals,North America,Components,COM-2092,Ground,Continental Trucking,DC-Central (TX),584,584.0,17.43,7,7.0,2025-12-09,2025-12-09,0.0,Delivered,True,True,10179.12,1.0
PO-2025-02053,2025-12-02,Allegheny Metals,North America,Components,COM-6423,Ground,RoadRunner Freight,DC-Central (TX),630,630.0,8.22,7,4.0,2025-12-09,2025-12-06,0.0,Delivered,True,True,5178.6,1.0
PO-2025-02054,2025-12-02,Allegheny Metals,North America,Components,COM-7532,Ground,Continental Trucking,DC-East (PA),610,610.0,15.64,7,7.0,2025-12-09,2025-12-09,0.0,Delivered,True,True,9540.4,1.0
PO-2025-02055,2025-12-02,Bangalore ElectroTech,APAC,Electronics,ELE-9232,Air,SkyBridge Air Cargo,DC-West (CA),121,121.0,37.64,12,10.0,2025-12-14,2025-12-12,0.0,Delivered,True,True,4554.44,1.0
PO-2025-02056,2025-12-02,Shenzhen Precision Ltd,APAC,Components,COM-3997,Ocean,BlueWave Lines,DC-East (PA),597,597.0,16.89,31,31.0,2026-01-02,2026-01-02,0.0,Delivered,True,True,10083.33,1.0
PO-2025-02057,2025-12-02,Shenzhen Precision Ltd,APAC,Electronics,ELE-6344,Ocean,BlueWave Lines,DC-East (PA),108,108.0,35.68,32,30.0,2026-01-03,2026-01-01,0.0,Delivered,True,True,3853.44,1.0
PO-2025-02058,2025-12-03,São Paulo Supply,LATAM,Finished Goods,FIN-8138,Ocean,BlueWave Lines,DC-West (CA),103,103.0,81.15,28,27.0,2025-12-31,2025-12-30,0.0,Delivered,True,True,8358.45,1.0
PO-2025-02059,2025-12-03,Monterrey Assembly,LATAM,Finished Goods,FIN-1054,Ground,Continental Trucking,DC-South (GA),81,81.0,115.51,11,7.0,2025-12-14,2025-12-10,0.0,Delivered,True,True,9356.31,1.0
PO-2025-02060,2025-12-03,Monterrey Assembly,LATAM,Components,COM-2178,Ground,RoadRunner Freight,DC-West (CA),552,552.0,7.83,10,11.0,2025-12-13,2025-12-14,1.0,Delivered,False,True,4322.16,0.0
PO-2025-02061,2025-12-03,Great Lakes Packaging,North America,Packaging,PAC-1860,Ground,RoadRunner Freight,DC-East (PA),5557,4644.0,0.83,5,3.0,2025-12-08,2025-12-06,0.0,Delivered,True,False,4612.31,0.0
PO-2025-02062,2025-12-03,Great Lakes Packaging,North America,Packaging,PAC-2077,Ground,RoadRunner Freight,DC-Central (TX),5427,5427.0,1.1,4,1.0,2025-12-07,2025-12-04,0.0,Delivered,True,True,5969.7,1.0
PO-2025-02063,2025-12-03,Monterrey Assembly,LATAM,Finished Goods,FIN-9748,Ground,RoadRunner Freight,DC-West (CA),77,77.0,66.13,11,11.0,2025-12-14,2025-12-14,0.0,Delivered,True,True,5092.01,1.0
PO-2025-02064,2025-12-03,Monterrey Assembly,LATAM,Finished Goods,FIN-8191,Ground,Continental Trucking,DC-West (CA),98,98.0,106.58,9,8.0,2025-12-12,2025-12-11,0.0,Delivered,True,True,10444.84,1.0
PO-2025-02065,2025-12-03,Bangalore ElectroTech,APAC,Electronics,ELE-5839,Air,SkyBridge Air Cargo,DC-Central (TX),105,105.0,57.23,12,10.0,2025-12-15,2025-12-13,0.0,Delivered,True,True,6009.15,1.0
PO-2025-02066,2025-12-03,Bangalore ElectroTech,APAC,Electronics,ELE-1275,Air,SkyBridge Air Cargo,DC-East (PA),133,133.0,43.45,13,12.0,2025-12-16,2025-12-15,0.0,Delivered,True,True,5778.85,1.0
PO-2025-02067,2025-12-03,Pacific Components Co.,APAC,Components,COM-4897,Ocean,Meridian Shipping,DC-West (CA),637,637.0,15.16,33,37.0,2026-01-05,2026-01-09,4.0,Delivered,False,True,9656.92,0.0
PO-2025-02068,2025-12-03,Pacific Components Co.,APAC,Components,COM-9718,Ocean,BlueWave Lines,DC-East (PA),564,564.0,18.89,33,33.0,2026-01-05,2026-01-05,0.0,Delivered,True,True,10653.96,1.0
PO-2025-02069,2025-12-03,Great Lakes Packaging,North America,Packaging,PAC-3885,Ground,Continental Trucking,DC-Central (TX),5409,5409.0,1.32,5,2.0,2025-12-08,2025-12-05,0.0,Delivered,True,True,7139.88,1.0
PO-2025-02070,2025-12-03,Rhine Components GmbH,EMEA,Components,COM-8703,Air,SkyBridge Air Cargo,DC-South (GA),606,606.0,11.29,9,7.0,2025-12-12,2025-12-10,0.0,Delivered,True,True,6841.74,1.0
PO-2025-02071,2025-12-03,Pacific Components Co.,APAC,Components,COM-5247,Ocean,Meridian Shipping,DC-South (GA),587,512.0,16.62,34,41.0,2026-01-06,2026-01-13,7.0,Delivered,False,False,9755.94,0.0
PO-2025-02072,2025-12-03,Rhine Components GmbH,EMEA,Components,COM-4471,Air,AeroFast,DC-Central (TX),564,564.0,17.14,7,6.0,2025-12-10,2025-12-09,0.0,Delivered,True,True,9666.96,1.0
PO-2025-02073,2025-12-03,Iberia Logistics SA,EMEA,Finished Goods,FIN-6339,Ocean,Meridian Shipping,DC-South (GA),91,91.0,94.1,22,16.0,2025-12-25,2025-12-19,0.0,Delivered,True,True,8563.1,1.0
PO-2025-02074,2025-12-03,São Paulo Supply,LATAM,Finished Goods,FIN-7297,Ocean,Meridian Shipping,DC-South (GA),85,85.0,107.61,29,27.0,2026-01-01,2025-12-30,0.0,Delivered,True,True,9146.85,1.0
PO-2025-02075,2025-12-03,Monterrey Assembly,LATAM,Components,COM-6188,Ground,Continental Trucking,DC-West (CA),597,597.0,17.47,12,9.0,2025-12-15,2025-12-12,0.0,Delivered,True,True,10429.59,1.0
PO-2025-02076,2025-12-03,Allegheny Metals,North America,Components,COM-3947,Ground,RoadRunner Freight,DC-Central (TX),567,567.0,8.51,8,6.0,2025-12-11,2025-12-09,0.0,Delivered,True,True,4825.17,1.0
PO-2025-02077,2025-12-04,Pacific Components Co.,APAC,Electronics,ELE-2094,Ocean,Meridian Shipping,DC-East (PA),102,94.0,40.63,33,37.0,2026-01-06,2026-01-10,4.0,Delivered,False,False,4144.26,0.0
PO-2025-02078,2025-12-04,Rhine Components GmbH,EMEA,Electronics,ELE-4645,Air,AeroFast,DC-Central (TX),105,105.0,31.01,11,7.0,2025-12-15,2025-12-11,0.0,Delivered,True,True,3256.05,1.0
PO-2025-02079,2025-12-04,São Paulo Supply,LATAM,Finished Goods,FIN-4856,Ocean,Meridian Shipping,DC-Central (TX),82,82.0,103.76,28,29.0,2026-01-01,2026-01-02,1.0,Delivered,False,True,8508.32,0.0
PO-2025-02080,2025-12-04,Bangalore ElectroTech,APAC,Electronics,ELE-7407,Air,AeroFast,DC-South (GA),110,110.0,47.51,11,11.0,2025-12-15,2025-12-15,0.0,Delivered,True,True,5226.1,1.0
PO-2025-02081,2025-12-04,Monterrey Assembly,LATAM,Finished Goods,FIN-8902,Ground,Continental Trucking,DC-West (CA),85,82.0,71.01,11,6.0,2025-12-15,2025-12-10,0.0,Delivered,True,False,6035.85,0.0
PO-2025-02082,2025-12-04,Great Lakes Packaging,North America,Packaging,PAC-1075,Ground,Continental Trucking,DC-Central (TX),5307,5307.0,0.92,6,5.0,2025-12-10,2025-12-09,0.0,Delivered,True,True,4882.44,1.0
PO-2025-02083,2025-12-04,Shenzhen Precision Ltd,APAC,Electronics,ELE-4265,Ocean,BlueWave Lines,DC-West (CA),108,108.0,57.49,33,33.0,2026-01-06,2026-01-06,0.0,Delivered,True,True,6208.92,1.0
PO-2025-02084,2025-12-04,Great Lakes Packaging,North America,Packaging,PAC-8833,Ground,Continental Trucking,DC-East (PA),5319,5319.0,1.37,4,1.0,2025-12-08,2025-12-05,0.0,Delivered,True,True,7287.03,1.0
PO-2025-02085,2025-12-04,Bangalore ElectroTech,APAC,Electronics,ELE-5065,Air,SkyBridge Air Cargo,DC-Central (TX),138,138.0,27.46,13,11.0,2025-12-17,2025-12-15,0.0,Delivered,True,True,3789.48,1.0
PO-2025-02086,2025-12-04,Iberia Logistics SA,EMEA,Packaging,PAC-3531,Ocean,BlueWave Lines,DC-South (GA),5349,5349.0,1.18,25,21.0,2025-12-29,2025-12-25,0.0,Delivered,True,True,6311.82,1.0
PO-2025-02087,2025-12-04,Pacific Components Co.,APAC,Electronics,ELE-3775,Ocean,BlueWave Lines,DC-West (CA),122,122.0,59.99,36,34.0,2026-01-09,2026-01-07,0.0,Delivered,True,True,7318.78,1.0
PO-2025-02088,2025-12-04,São Paulo Supply,LATAM,Finished Goods,FIN-9339,Ocean,Meridian Shipping,DC-West (CA),103,103.0,64.1,29,25.0,2026-01-02,2025-12-29,0.0,Delivered,True,True,6602.3,1.0
PO-2025-02089,2025-12-04,Shenzhen Precision Ltd,APAC,Electronics,ELE-9993,Ocean,BlueWave Lines,DC-East (PA),115,115.0,39.17,31,31.0,2026-01-04,2026-01-04,0.0,Delivered,True,True,4504.55,1.0
PO-2025-02090,2025-12-04,Monterrey Assembly,LATAM,Components,COM-8744,Ground,RoadRunner Freight,DC-South (GA),564,476.0,15.35,10,10.0,2025-12-14,2025-12-14,0.0,Delivered,True,False,8657.4,0.0
PO-2025-02091,2025-12-04,Bangalore ElectroTech,APAC,Electronics,ELE-1135,Air,SkyBridge Air Cargo,DC-East (PA),109,109.0,43.9,13,11.0,2025-12-17,2025-12-15,0.0,Delivered,True,True,4785.1,1.0
PO-2025-02092,2025-12-04,Iberia Logistics SA,EMEA,Packaging,PAC-6441,Ocean,BlueWave Lines,DC-East (PA),5421,5421.0,0.73,25,27.0,2025-12-29,2025-12-31,2.0,Delivered,False,True,3957.33,0.0
PO-2025-02093,2025-12-05,Monterrey Assembly,LATAM,Components,COM-4394,Ground,Continental Trucking,DC-Central (TX),603,603.0,9.1,10,7.0,2025-12-15,2025-12-12,0.0,Delivered,True,True,5487.3,1.0
PO-2025-02094,2025-12-05,Great Lakes Packaging,North America,Packaging,PAC-7591,Ground,Continental Trucking,DC-Central (TX),5374,5374.0,0.95,7,4.0,2025-12-12,2025-12-09,0.0,Delivered,True,True,5105.3,1.0
PO-2025-02095,2025-12-05,Bangalore ElectroTech,APAC,Electronics,ELE-5054,Air,AeroFast,DC-South (GA),125,125.0,36.88,10,7.0,2025-12-15,2025-12-12,0.0,Delivered,True,True,4610.0,1.0
PO-2025-02096,2025-12-05,Monterrey Assembly,LATAM,Finished Goods,FIN-1958,Ground,Continental Trucking,DC-West (CA),75,75.0,74.16,11,10.0,2025-12-16,2025-12-15,0.0,Delivered,True,True,5562.0,1.0
PO-2025-02097,2025-12-05,Pacific Components Co.,APAC,Electronics,ELE-2312,Ocean,BlueWave Lines,DC-East (PA),114,114.0,41.13,34,39.0,2026-01-08,2026-01-13,5.0,Delivered,False,True,4688.82,0.0
PO-2025-02098,2025-12-05,Monterrey Assembly,LATAM,Finished Goods,FIN-5727,Ground,Continental Trucking,DC-South (GA),100,100.0,65.54,13,14.0,2025-12-18,2025-12-19,1.0,Delivered,False,True,6554.0,0.0
PO-2025-02099,2025-12-05,Great Lakes Packaging,North America,Packaging,PAC-1450,Ground,Continental Trucking,DC-West (CA),5367,5129.0,1.18,5,5.0,2025-12-10,2025-12-10,0.0,Delivered,True,False,6333.06,0.0
PO-2025-02100,2025-12-05,Great Lakes Packaging,North America,Packaging,PAC-1332,Ground,Continental Trucking,DC-South (GA),5397,5397.0,1.33,6,6.0,2025-12-11,2025-12-11,0.0,Delivered,True,True,7178.01,1.0
PO-2025-02101,2025-12-05,Monterrey Assembly,LATAM,Components,COM-5130,Ground,Continental Trucking,DC-West (CA),596,596.0,14.9,11,11.0,2025-12-16,2025-12-16,0.0,Delivered,True,True,8880.4,1.0
PO-2025-02102,2025-12-05,Allegheny Metals,North America,Raw Materials,RAW-1721,Ground,Continental Trucking,DC-East (PA),2174,1793.0,10.05,7,5.0,2025-12-12,2025-12-10,0.0,Delivered,True,False,21848.7,0.0
PO-2025-02103,2025-12-06,Allegheny Metals,North America,Components,COM-9973,Ground,RoadRunner Freight,DC-Central (TX),628,628.0,17.58,9,10.0,2025-12-15,2025-12-16,1.0,Delivered,False,True,11040.24,0.0
PO-2025-02104,2025-12-06,Bangalore ElectroTech,APAC,Electronics,ELE-5756,Air,AeroFast,DC-Central (TX),130,130.0,52.07,13,16.0,2025-12-19,2025-12-22,3.0,Delivered,False,True,6769.1,0.0
PO-2025-02105,2025-12-06,Shenzhen Precision Ltd,APAC,Components,COM-8910,Ocean,BlueWave Lines,DC-East (PA),627,627.0,13.91,31,30.0,2026-01-06,2026-01-05,0.0,Delivered,True,True,8721.57,1.0
PO-2025-02106,2025-12-06,Shenzhen Precision Ltd,APAC,Components,COM-5182,Ocean,Meridian Shipping,DC-Central (TX),597,597.0,11.42,33,30.0,2026-01-08,2026-01-05,0.0,Delivered,True,True,6817.74,1.0
PO-2025-02107,2025-12-06,Iberia Logistics SA,EMEA,Packaging,PAC-5580,Ocean,BlueWave Lines,DC-South (GA),5510,5510.0,1.43,24,23.0,2025-12-30,2025-12-29,0.0,Delivered,True,True,7879.3,1.0
PO-2025-02108,2025-12-06,São Paulo Supply,LATAM,Raw Materials,RAW-5239,Ocean,BlueWave Lines,DC-West (CA),2106,2106.0,8.82,29,28.0,2026-01-04,2026-01-03,0.0,Delivered,True,True,18574.92,1.0
PO-2025-02109,2025-12-06,São Paulo Supply,LATAM,Raw Materials,RAW-3968,Ocean,BlueWave Lines,DC-West (CA),2108,2108.0,3.19,28,26.0,2026-01-03,2026-01-01,0.0,Delivered,True,True,6724.52,1.0
PO-2025-02110,2025-12-06,Great Lakes Packaging,North America,Packaging,PAC-8211,Ground,Continental Trucking,DC-Central (TX),5320,5320.0,1.06,8,7.0,2025-12-14,2025-12-13,0.0,Delivered,True,True,5639.2,1.0
PO-2025-02111,2025-12-06,Pacific Components Co.,APAC,Components,COM-4185,Ocean,Meridian Shipping,DC-East (PA),631,631.0,14.64,33,32.0,2026-01-08,2026-01-07,0.0,Delivered,True,True,9237.84,1.0
PO-2025-02112,2025-12-06,Rhine Components GmbH,EMEA,Components,COM-2615,Air,SkyBridge Air Cargo,DC-Central (TX),589,589.0,21.81,9,7.0,2025-12-15,2025-12-13,0.0,Delivered,True,True,12846.09,1.0
PO-2025-02113,2025-12-06,Great Lakes Packaging,North America,Packaging,PAC-2801,Ground,Continental Trucking,DC-West (CA),5360,5360.0,1.32,6,4.0,2025-12-12,2025-12-10,0.0,Delivered,True,True,7075.2,1.0
PO-2025-02114,2025-12-06,Monterrey Assembly,LATAM,Finished Goods,FIN-6749,Ground,RoadRunner Freight,DC-Central (TX),93,93.0,102.02,12,9.0,2025-12-18,2025-12-15,0.0,Delivered,True,True,9487.86,1.0
PO-2025-02115,2025-12-06,Shenzhen Precision Ltd,APAC,Electronics,ELE-5335,Ocean,Meridian Shipping,DC-East (PA),129,129.0,58.85,33,31.0,2026-01-08,2026-01-06,0.0,Delivered,True,True,7591.65,1.0
PO-2025-02116,2025-12-06,Monterrey Assembly,LATAM,Components,COM-2959,Ground,RoadRunner Freight,DC-Central (TX),612,612.0,6.65,11,9.0,2025-12-17,2025-12-15,0.0,Delivered,True,True,4069.8,1.0
PO-2025-02117,2025-12-06,Rhine Components GmbH,EMEA,Components,COM-7231,Air,SkyBridge Air Cargo,DC-South (GA),622,622.0,16.8,7,7.0,2025-12-13,2025-12-13,0.0,Delivered,True,True,10449.6,1.0
PO-2025-02118,2025-12-06,Bangalore ElectroTech,APAC,Electronics,ELE-2004,Air,SkyBridge Air Cargo,DC-Central (TX),119,119.0,53.65,12,11.0,2025-12-18,2025-12-17,0.0,Delivered,True,True,6384.35,1.0
PO-2025-02119,2025-12-07,Shenzhen Precision Ltd,APAC,Electronics,ELE-4790,Ocean,Meridian Shipping,DC-West (CA),146,146.0,47.14,31,26.0,2026-01-07,2026-01-02,0.0,Delivered,True,True,6882.44,1.0
PO-2025-02120,2025-12-07,Allegheny Metals,North America,Raw Materials,RAW-5150,Ground,Continental Trucking,DC-West (CA),2192,2192.0,6.73,8,6.0,2025-12-15,2025-12-13,0.0,Delivered,True,True,14752.16,1.0
PO-2025-02121,2025-12-07,Great Lakes Packaging,North America,Packaging,PAC-3884,Ground,Continental Trucking,DC-South (GA),5478,5478.0,0.71,6,5.0,2025-12-13,2025-12-12,0.0,Delivered,True,True,3889.38,1.0
PO-2025-02122,2025-12-07,Shenzhen Precision Ltd,APAC,Components,COM-7226,Ocean,BlueWave Lines,DC-South (GA),630,630.0,11.69,32,30.0,2026-01-08,2026-01-06,0.0,Delivered,True,True,7364.7,1.0
PO-2025-02123,2025-12-07,Bangalore ElectroTech,APAC,Electronics,ELE-6888,Air,AeroFast,DC-East (PA),124,124.0,49.5,12,12.0,2025-12-19,2025-12-19,0.0,Delivered,True,True,6138.0,1.0
PO-2025-02124,2025-12-07,Iberia Logistics SA,EMEA,Packaging,PAC-3899,Ocean,BlueWave Lines,DC-West (CA),5394,4833.0,0.58,23,22.0,2025-12-30,2025-12-29,0.0,Delivered,True,False,3128.52,0.0
PO-2025-02125,2025-12-07,Great Lakes Packaging,North America,Packaging,PAC-3218,Ground,Continental Trucking,DC-West (CA),5455,5455.0,0.98,7,6.0,2025-12-14,2025-12-13,0.0,Delivered,True,True,5345.9,1.0
PO-2025-02126,2025-12-07,Iberia Logistics SA,EMEA,Finished Goods,FIN-9346,Ocean,BlueWave Lines,DC-West (CA),82,82.0,85.81,23,23.0,2025-12-30,2025-12-30,0.0,Delivered,True,True,7036.42,1.0
PO-2025-02127,2025-12-08,Bangalore ElectroTech,APAC,Electronics,ELE-4125,Air,SkyBridge Air Cargo,DC-South (GA),123,123.0,27.76,14,15.0,2025-12-22,2025-12-23,1.0,Delivered,False,True,3414.48,0.0
PO-2025-02128,2025-12-08,Iberia Logistics SA,EMEA,Packaging,PAC-9197,Ocean,Meridian Shipping,DC-East (PA),5408,5408.0,0.53,23,26.0,2025-12-31,2026-01-03,3.0,Delivered,False,True,2866.24,0.0
PO-2025-02129,2025-12-08,Iberia Logistics SA,EMEA,Packaging,PAC-8006,Ocean,BlueWave Lines,DC-Central (TX),5502,5502.0,1.18,23,24.0,2025-12-31,2026-01-01,1.0,Delivered,False,True,6492.36,0.0
PO-2025-02130,2025-12-08,São Paulo Supply,LATAM,Raw Materials,RAW-9951,Ocean,BlueWave Lines,DC-Central (TX),2178,2178.0,8.43,28,26.0,2026-01-05,2026-01-03,0.0,Delivered,True,True,18360.54,1.0
PO-2025-02131,2025-12-08,Iberia Logistics SA,EMEA,Packaging,PAC-9746,Ocean,Meridian Shipping,DC-West (CA),5388,5388.0,1.33,24,22.0,2026-01-01,2025-12-30,0.0,Delivered,True,True,7166.04,1.0
PO-2025-02132,2025-12-08,Allegheny Metals,North America,Components,COM-5204,Ground,RoadRunner Freight,DC-East (PA),627,627.0,10.58,8,10.0,2025-12-16,2025-12-18,2.0,Delivered,False,True,6633.66,0.0
PO-2025-02133,2025-12-08,Rhine Components GmbH,EMEA,Components,COM-7374,Air,SkyBridge Air Cargo,DC-West (CA),619,619.0,14.0,10,7.0,2025-12-18,2025-12-15,0.0,Delivered,True,True,8666.0,1.0
PO-2025-02134,2025-12-08,Iberia Logistics SA,EMEA,Finished Goods,FIN-4184,Ocean,Meridian Shipping,DC-West (CA),88,88.0,51.23,24,22.0,2026-01-01,2025-12-30,0.0,Delivered,True,True,4508.24,1.0
PO-2025-02135,2025-12-08,Great Lakes Packaging,North America,Packaging,PAC-3356,Ground,RoadRunner Freight,DC-East (PA),5383,5383.0,1.36,6,4.0,2025-12-14,2025-12-12,0.0,Delivered,True,True,7320.88,1.0
PO-2025-02136,2025-12-08,Allegheny Metals,North America,Components,COM-1767,Ground,RoadRunner Freight,DC-South (GA),633,633.0,19.05,7,5.0,2025-12-15,2025-12-13,0.0,Delivered,True,True,12058.65,1.0
PO-2025-02137,2025-12-09,Rhine Components GmbH,EMEA,Electronics,ELE-7360,Air,SkyBridge Air Cargo,DC-West (CA),120,120.0,42.5,9,10.0,2025-12-18,2025-12-19,1.0,Delivered,False,True,5100.0,0.0
PO-2025-02138,2025-12-09,Monterrey Assembly,LATAM,Finished Goods,FIN-6961,Ground,RoadRunner Freight,DC-East (PA),96,96.0,63.92,12,9.0,2025-12-21,2025-12-18,0.0,Delivered,True,True,6136.32,1.0
PO-2025-02139,2025-12-09,Allegheny Metals,North America,Components,COM-9478,Ground,RoadRunner Freight,DC-South (GA),573,573.0,9.28,7,4.0,2025-12-16,2025-12-13,0.0,Delivered,True,True,5317.44,1.0
PO-2025-02140,2025-12-09,Great Lakes Packaging,North America,Packaging,PAC-2522,Ground,Continental Trucking,DC-South (GA),5277,4656.0,1.45,6,2.0,2025-12-15,2025-12-11,0.0,Delivered,True,False,7651.65,0.0
PO-2025-02141,2025-12-09,Allegheny Metals,North America,Raw Materials,RAW-2591,Ground,Continental Trucking,DC-Central (TX),2224,2224.0,7.75,7,8.0,2025-12-16,2025-12-17,1.0,Delivered,False,True,17236.0,0.0
PO-2025-02142,2025-12-09,Shenzhen Precision Ltd,APAC,Components,COM-4179,Ocean,BlueWave Lines,DC-South (GA),579,579.0,10.56,33,28.0,2026-01-11,2026-01-06,0.0,Delivered,True,True,6114.24,1.0
PO-2025-02143,2025-12-09,Bangalore ElectroTech,APAC,Electronics,ELE-5283,Air,SkyBridge Air Cargo,DC-West (CA),123,123.0,53.48,12,10.0,2025-12-21,2025-12-19,0.0,Delivered,True,True,6578.04,1.0
PO-2025-02144,2025-12-09,Iberia Logistics SA,EMEA,Finished Goods,FIN-2347,Ocean,Meridian Shipping,DC-West (CA),101,101.0,80.0,26,23.0,2026-01-04,2026-01-01,0.0,Delivered,True,True,8080.0,1.0
PO-2025-02145,2025-12-09,Allegheny Metals,North America,Components,COM-8433,Ground,Continental Trucking,DC-Central (TX),577,577.0,14.93,7,5.0,2025-12-16,2025-12-14,0.0,Delivered,True,True,8614.61,1.0
PO-2025-02146,2025-12-09,Allegheny Metals,North America,Components,COM-8519,Ground,Continental Trucking,DC-West (CA),565,565.0,16.84,8,6.0,2025-12-17,2025-12-15,0.0,Delivered,True,True,9514.6,1.0
PO-2025-02147,2025-12-09,Pacific Components Co.,APAC,Electronics,ELE-3363,Ocean,BlueWave Lines,DC-South (GA),129,129.0,25.14,33,32.0,2026-01-11,2026-01-10,0.0,Delivered,True,True,3243.06,1.0
PO-2025-02148,2025-12-09,Bangalore ElectroTech,APAC,Electronics,ELE-2031,Air,AeroFast,DC-South (GA),113,113.0,34.43,13,11.0,2025-12-22,2025-12-20,0.0,Delivered,True,True,3890.59,1.0
PO-2025-02149,2025-12-09,Allegheny Metals,North America,Raw Materials,RAW-1689,Ground,RoadRunner Freight,DC-South (GA),2283,2283.0,4.98,7,4.0,2025-12-16,2025-12-13,0.0,Delivered,True,True,11369.34,1.0
PO-2025-02150,2025-12-09,Pacific Components Co.,APAC,Electronics,ELE-2467,Ocean,BlueWave Lines,DC-Central (TX),136,136.0,44.85,34,33.0,2026-01-12,2026-01-11,0.0,Delivered,True,True,6099.6,1.0
PO-2025-02151,2025-12-09,Bangalore ElectroTech,APAC,Electronics,ELE-2855,Air,SkyBridge Air Cargo,DC-Central (TX),115,115.0,38.84,12,10.0,2025-12-21,2025-12-19,0.0,Delivered,True,True,4466.6,1.0
PO-2025-02152,2025-12-09,Bangalore ElectroTech,APAC,Electronics,ELE-5087,Air,SkyBridge Air Cargo,DC-East (PA),113,113.0,43.52,11,9.0,2025-12-20,2025-12-18,0.0,Delivered,True,True,4917.76,1.0
PO-2025-02153,2025-12-09,Monterrey Assembly,LATAM,Finished Goods,FIN-1468,Ground,RoadRunner Freight,DC-West (CA),84,84.0,77.93,12,13.0,2025-12-21,2025-12-22,1.0,Delivered,False,True,6546.12,0.0
PO-2025-02154,2025-12-09,Rhine Components GmbH,EMEA,Components,COM-6080,Air,SkyBridge Air Cargo,DC-West (CA),602,602.0,12.41,9,6.0,2025-12-18,2025-12-15,0.0,Delivered,True,True,7470.82,1.0
PO-2025-02155,2025-12-10,Great Lakes Packaging,North America,Packaging,PAC-1734,Ground,RoadRunner Freight,DC-West (CA),5438,5438.0,1.05,5,4.0,2025-12-15,2025-12-14,0.0,Delivered,True,True,5709.9,1.0
PO-2025-02156,2025-12-10,Rhine Components GmbH,EMEA,Components,COM-2494,Air,SkyBridge Air Cargo,DC-East (PA),634,634.0,14.08,9,6.0,2025-12-19,2025-12-16,0.0,Delivered,True,True,8926.72,1.0
PO-2025-02157,2025-12-10,Allegheny Metals,North America,Components,COM-7928,Ground,RoadRunner Freight,DC-Central (TX),577,577.0,9.31,8,8.0,2025-12-18,2025-12-18,0.0,Delivered,True,True,5371.87,1.0
PO-2025-02158,2025-12-10,Allegheny Metals,North America,Raw Materials,RAW-1416,Ground,Continental Trucking,DC-West (CA),2243,2243.0,10.58,7,4.0,2025-12-17,2025-12-14,0.0,Delivered,True,True,23730.94,1.0
PO-2025-02159,2025-12-10,Rhine Components GmbH,EMEA,Components,COM-6264,Air,SkyBridge Air Cargo,DC-West (CA),632,632.0,9.28,8,10.0,2025-12-18,2025-12-20,2.0,Delivered,False,True,5864.96,0.0
PO-2025-02160,2025-12-10,Rhine Components GmbH,EMEA,Components,COM-8810,Air,AeroFast,DC-East (PA),617,617.0,13.26,9,6.0,2025-12-19,2025-12-16,0.0,Delivered,True,True,8181.42,1.0
PO-2025-02161,2025-12-10,Pacific Components Co.,APAC,Components,COM-2014,Ocean,BlueWave Lines,DC-East (PA),581,581.0,12.32,35,34.0,2026-01-14,2026-01-13,0.0,Delivered,True,True,7157.92,1.0
PO-2025-02162,2025-12-10,Iberia Logistics SA,EMEA,Packaging,PAC-9375,Ocean,Meridian Shipping,DC-South (GA),5399,5399.0,1.34,25,19.0,2026-01-04,2025-12-29,0.0,Delivered,True,True,7234.66,1.0
PO-2025-02163,2025-12-10,Iberia Logistics SA,EMEA,Finished Goods,FIN-2181,Ocean,Meridian Shipping,DC-West (CA),91,74.0,95.81,25,23.0,2026-01-04,2026-01-02,0.0,Delivered,True,False,8718.71,0.0
PO-2025-02164,2025-12-10,Monterrey Assembly,LATAM,Finished Goods,FIN-7574,Ground,RoadRunner Freight,DC-West (CA),105,105.0,76.97,11,11.0,2025-12-21,2025-12-21,0.0,Delivered,True,True,8081.85,1.0
PO-2025-02165,2025-12-10,São Paulo Supply,LATAM,Finished Goods,FIN-9112,Ocean,BlueWave Lines,DC-West (CA),79,73.0,82.68,28,28.0,2026-01-07,2026-01-07,0.0,Delivered,True,False,6531.72,0.0
PO-2025-02166,2025-12-11,Iberia Logistics SA,EMEA,Packaging,PAC-4681,Ocean,Meridian Shipping,DC-East (PA),5315,5315.0,1.09,23,23.0,2026-01-03,2026-01-03,0.0,Delivered,True,True,5793.35,1.0
PO-2025-02167,2025-12-11,Allegheny Metals,North America,Raw Materials,RAW-2304,Ground,RoadRunner Freight,DC-South (GA),2272,2272.0,10.67,7,2.0,2025-12-18,2025-12-13,0.0,Delivered,True,True,24242.24,1.0
PO-2025-02168,2025-12-11,Allegheny Metals,North America,Raw Materials,RAW-9511,Ground,Continental Trucking,DC-East (PA),2158,2158.0,8.64,8,3.0,2025-12-19,2025-12-14,0.0,Delivered,True,True,18645.12,1.0
PO-2025-02169,2025-12-11,Pacific Components Co.,APAC,Electronics,ELE-4461,Ocean,BlueWave Lines,DC-West (CA),88,88.0,42.19,33,36.0,2026-01-13,2026-01-16,3.0,Delivered,False,True,3712.72,0.0
PO-2025-02170,2025-12-11,Monterrey Assembly,LATAM,Components,COM-4206,Ground,RoadRunner Freight,DC-East (PA),630,630.0,22.4,12,10.0,2025-12-23,2025-12-21,0.0,Delivered,True,True,14112.0,1.0
PO-2025-02171,2025-12-11,Shenzhen Precision Ltd,APAC,Components,COM-3976,Ocean,BlueWave Lines,DC-South (GA),650,650.0,22.89,31,30.0,2026-01-11,2026-01-10,0.0,Delivered,True,True,14878.5,1.0
PO-2025-02172,2025-12-11,Pacific Components Co.,APAC,Components,COM-1519,Ocean,BlueWave Lines,DC-Central (TX),599,599.0,12.14,34,37.0,2026-01-14,2026-01-17,3.0,Delivered,False,True,7271.86,0.0
PO-2025-02173,2025-12-11,Allegheny Metals,North America,Raw Materials,RAW-7393,Ground,RoadRunner Freight,DC-East (PA),2098,2098.0,8.36,6,3.0,2025-12-17,2025-12-14,0.0,Delivered,True,True,17539.28,1.0
PO-2025-02174,2025-12-11,Bangalore ElectroTech,APAC,Electronics,ELE-2810,Air,SkyBridge Air Cargo,DC-Central (TX),119,119.0,43.98,11,10.0,2025-12-22,2025-12-21,0.0,Delivered,True,True,5233.62,1.0
PO-2025-02175,2025-12-12,Pacific Components Co.,APAC,Components,COM-7668,Ocean,Meridian Shipping,DC-Central (TX),576,576.0,14.88,35,40.0,2026-01-16,2026-01-21,5.0,Delivered,False,True,8570.88,0.0
PO-2025-02176,2025-12-12,São Paulo Supply,LATAM,Raw Materials,RAW-5151,Ocean,BlueWave Lines,DC-Central (TX),2146,2146.0,9.89,29,32.0,2026-01-10,2026-01-13,3.0,Delivered,False,True,21223.94,0.0
PO-2025-02177,2025-12-12,São Paulo Supply,LATAM,Finished Goods,FIN-6892,Ocean,BlueWave Lines,DC-West (CA),87,87.0,58.43,28,30.0,2026-01-09,2026-01-11,2.0,Delivered,False,True,5083.41,0.0
PO-2025-02178,2025-12-12,Monterrey Assembly,LATAM,Finished Goods,FIN-6168,Ground,RoadRunner Freight,DC-South (GA),103,103.0,74.34,10,11.0,2025-12-22,2025-12-23,1.0,Delivered,False,True,7657.02,0.0
PO-2025-02179,2025-12-12,Monterrey Assembly,LATAM,Components,COM-2728,Ground,RoadRunner Freight,DC-East (PA),622,622.0,13.9,10,10.0,2025-12-22,2025-12-22,0.0,Delivered,True,True,8645.8,1.0
PO-2025-02180,2025-12-12,Iberia Logistics SA,EMEA,Packaging,PAC-2812,Ocean,Meridian Shipping,DC-South (GA),5378,5378.0,1.2,23,19.0,2026-01-04,2025-12-31,0.0,Delivered,True,True,6453.6,1.0
PO-2025-02181,2025-12-12,Rhine Components GmbH,EMEA,Components,COM-5711,Air,AeroFast,DC-East (PA),604,604.0,19.67,7,5.0,2025-12-19,2025-12-17,0.0,Delivered,True,True,11880.68,1.0
PO-2025-02182,2025-12-12,Bangalore ElectroTech,APAC,Electronics,ELE-1040,Air,SkyBridge Air Cargo,DC-East (PA),105,105.0,62.93,13,10.0,2025-12-25,2025-12-22,0.0,Delivered,True,True,6607.65,1.0
PO-2025-02183,2025-12-12,Rhine Components GmbH,EMEA,Components,COM-3875,Air,AeroFast,DC-East (PA),590,590.0,13.74,8,2.0,2025-12-20,2025-12-14,0.0,Delivered,True,True,8106.6,1.0
PO-2025-02184,2025-12-13,Great Lakes Packaging,North America,Packaging,PAC-4048,Ground,Continental Trucking,DC-East (PA),5365,5365.0,1.42,6,6.0,2025-12-19,2025-12-19,0.0,Delivered,True,True,7618.3,1.0
PO-2025-02185,2025-12-13,São Paulo Supply,LATAM,Raw Materials,RAW-4860,Ocean,BlueWave Lines,DC-South (GA),2198,2198.0,10.97,26,27.0,2026-01-08,2026-01-09,1.0,Delivered,False,True,24112.06,0.0
PO-2025-02186,2025-12-13,Rhine Components GmbH,EMEA,Electronics,ELE-5897,Air,AeroFast,DC-East (PA),124,124.0,32.91,10,10.0,2025-12-23,2025-12-23,0.0,Delivered,True,True,4080.84,1.0
PO-2025-02187,2025-12-13,São Paulo Supply,LATAM,Raw Materials,RAW-6434,Ocean,Meridian Shipping,DC-East (PA),2245,2245.0,12.4,26,20.0,2026-01-08,2026-01-02,0.0,Delivered,True,True,27838.0,1.0
PO-2025-02188,2025-12-13,Bangalore ElectroTech,APAC,Electronics,ELE-6690,Air,SkyBridge Air Cargo,DC-East (PA),127,127.0,30.94,12,10.0,2025-12-25,2025-12-23,0.0,Delivered,True,True,3929.38,1.0
PO-2025-02189,2025-12-13,Great Lakes Packaging,North America,Packaging,PAC-9280,Ground,RoadRunner Freight,DC-West (CA),5531,5531.0,1.22,6,9.0,2025-12-19,2025-12-22,3.0,Delivered,False,True,6747.82,0.0
PO-2025-02190,2025-12-13,Pacific Components Co.,APAC,Components,COM-9978,Ocean,Meridian Shipping,DC-South (GA),590,590.0,13.91,33,37.0,2026-01-15,2026-01-19,4.0,Delivered,False,True,8206.9,0.0
PO-2025-02191,2025-12-13,Iberia Logistics SA,EMEA,Packaging,PAC-2381,Ocean,BlueWave Lines,DC-South (GA),5493,5493.0,1.72,24,20.0,2026-01-06,2026-01-02,0.0,Delivered,True,True,9447.96,1.0
PO-2025-02192,2025-12-13,Iberia Logistics SA,EMEA,Finished Goods,FIN-7385,Ocean,Meridian Shipping,DC-East (PA),104,104.0,75.91,24,23.0,2026-01-06,2026-01-05,0.0,Delivered,True,True,7894.64,1.0
PO-2025-02193,2025-12-13,Allegheny Metals,North America,Components,COM-8818,Ground,Continental Trucking,DC-East (PA),571,571.0,18.51,7,7.0,2025-12-20,2025-12-20,0.0,Delivered,True,True,10569.21,1.0
PO-2025-02194,2025-12-13,Iberia Logistics SA,EMEA,Finished Goods,FIN-1954,Ocean,BlueWave Lines,DC-Central (TX),92,92.0,41.66,24,21.0,2026-01-06,2026-01-03,0.0,Delivered,True,True,3832.72,1.0
PO-2025-02195,2025-12-13,Monterrey Assembly,LATAM,Finished Goods,FIN-1003,Ground,RoadRunner Freight,DC-South (GA),99,87.0,71.77,11,10.0,2025-12-24,2025-12-23,0.0,Delivered,True,False,7105.23,0.0
PO-2025-02196,2025-12-13,Iberia Logistics SA,EMEA,Finished Goods,FIN-1219,Ocean,Meridian Shipping,DC-South (GA),98,98.0,101.06,23,25.0,2026-01-05,2026-01-07,2.0,Delivered,False,True,9903.88,0.0
PO-2025-02197,2025-12-14,Bangalore ElectroTech,APAC,Electronics,ELE-7403,Air,AeroFast,DC-East (PA),122,122.0,39.96,11,12.0,2025-12-25,2025-12-26,1.0,Delivered,False,True,4875.12,0.0
PO-2025-02198,2025-12-14,Great Lakes Packaging,North America,Packaging,PAC-6962,Ground,RoadRunner Freight,DC-West (CA),5443,5443.0,0.9,7,8.0,2025-12-21,2025-12-22,1.0,Delivered,False,True,4898.7,0.0
PO-2025-02199,2025-12-14,Great Lakes Packaging,North America,Packaging,PAC-8598,Ground,Continental Trucking,DC-East (PA),5364,5364.0,1.28,6,6.0,2025-12-20,2025-12-20,0.0,Delivered,True,True,6865.92,1.0
PO-2025-02200,2025-12-14,Pacific Components Co.,APAC,Components,COM-3715,Ocean,Meridian Shipping,DC-East (PA),643,643.0,10.24,35,36.0,2026-01-18,2026-01-19,1.0,Delivered,False,True,6584.32,0.0
PO-2025-02201,2025-12-14,Great Lakes Packaging,North America,Packaging,PAC-4996,Ground,Continental Trucking,DC-West (CA),5552,5552.0,1.1,5,1.0,2025-12-19,2025-12-15,0.0,Delivered,True,True,6107.2,1.0
PO-2025-02202,2025-12-14,Allegheny Metals,North America,Raw Materials,RAW-3793,Ground,Continental Trucking,DC-West (CA),2258,2258.0,7.74,8,7.0,2025-12-22,2025-12-21,0.0,Delivered,True,True,17476.92,1.0
PO-2025-02203,2025-12-14,Allegheny Metals,North America,Components,COM-4097,Ground,Continental Trucking,DC-East (PA),633,633.0,16.45,5,3.0,2025-12-19,2025-12-17,0.0,Delivered,True,True,10412.85,1.0
PO-2025-02204,2025-12-14,Iberia Logistics SA,EMEA,Packaging,PAC-9741,Ocean,Meridian Shipping,DC-East (PA),5479,5479.0,1.32,23,20.0,2026-01-06,2026-01-03,0.0,Delivered,True,True,7232.28,1.0
PO-2025-02205,2025-12-14,Pacific Components Co.,APAC,Electronics,ELE-9547,Ocean,BlueWave Lines,DC-South (GA),105,105.0,39.23,34,39.0,2026-01-17,2026-01-22,5.0,Delivered,False,True,4119.15,0.0
PO-2025-02206,2025-12-14,Great Lakes Packaging,North America,Packaging,PAC-8346,Ground,RoadRunner Freight,DC-South (GA),5554,5554.0,1.47,7,5.0,2025-12-21,2025-12-19,0.0,Delivered,True,True,8164.38,1.0
PO-2025-02207,2025-12-14,Pacific Components Co.,APAC,Electronics,ELE-2809,Ocean,Meridian Shipping,DC-South (GA),120,103.0,42.45,33,38.0,2026-01-16,2026-01-21,5.0,Delivered,False,False,5094.0,0.0
PO-2025-02208,2025-12-14,Bangalore ElectroTech,APAC,Electronics,ELE-8202,Air,AeroFast,DC-West (CA),125,125.0,40.02,12,8.0,2025-12-26,2025-12-22,0.0,Delivered,True,True,5002.5,1.0
PO-2025-02209,2025-12-14,Monterrey Assembly,LATAM,Finished Goods,FIN-2573,Ground,RoadRunner Freight,DC-Central (TX),94,94.0,63.15,11,10.0,2025-12-25,2025-12-24,0.0,Delivered,True,True,5936.1,1.0
PO-2025-02210,2025-12-14,São Paulo Supply,LATAM,Finished Goods,FIN-7081,Ocean,BlueWave Lines,DC-Central (TX),103,103.0,63.53,26,25.0,2026-01-09,2026-01-08,0.0,Delivered,True,True,6543.59,1.0
PO-2025-02211,2025-12-14,Monterrey Assembly,LATAM,Finished Goods,FIN-1486,Ground,Continental Trucking,DC-South (GA),93,93.0,71.07,9,8.0,2025-12-23,2025-12-22,0.0,Delivered,True,True,6609.51,1.0
PO-2025-02212,2025-12-14,Pacific Components Co.,APAC,Components,COM-7143,Ocean,Meridian Shipping,DC-West (CA),559,559.0,9.72,33,37.0,2026-01-16,2026-01-20,4.0,Delivered,False,True,5433.48,0.0
PO-2025-02213,2025-12-14,Great Lakes Packaging,North America,Packaging,PAC-9467,Ground,RoadRunner Freight,DC-East (PA),5393,5393.0,0.89,6,4.0,2025-12-20,2025-12-18,0.0,Delivered,True,True,4799.77,1.0
PO-2025-02214,2025-12-14,Rhine Components GmbH,EMEA,Components,COM-4276,Air,AeroFast,DC-West (CA),605,605.0,13.04,9,7.0,2025-12-23,2025-12-21,0.0,Delivered,True,True,7889.2,1.0
PO-2025-02215,2025-12-14,Bangalore ElectroTech,APAC,Electronics,ELE-1247,Air,AeroFast,DC-East (PA),118,118.0,42.61,14,11.0,2025-12-28,2025-12-25,0.0,Delivered,True,True,5027.98,1.0
PO-2025-02216,2025-12-15,Bangalore ElectroTech,APAC,Electronics,ELE-1149,Air,SkyBridge Air Cargo,DC-South (GA),129,129.0,49.14,13,14.0,2025-12-28,2025-12-29,1.0,Delivered,False,True,6339.06,0.0
PO-2025-02217,2025-12-15,Rhine Components GmbH,EMEA,Components,COM-3358,Air,SkyBridge Air Cargo,DC-West (CA),546,546.0,18.82,8,7.0,2025-12-23,2025-12-22,0.0,Delivered,True,True,10275.72,1.0
PO-2025-02218,2025-12-15,São Paulo Supply,LATAM,Finished Goods,FIN-7532,Ocean,BlueWave Lines,DC-South (GA),93,93.0,85.86,27,28.0,2026-01-11,2026-01-12,1.0,Delivered,False,True,7984.98,0.0
PO-2025-02219,2025-12-15,Pacific Components Co.,APAC,Electronics,ELE-2932,Ocean,BlueWave Lines,DC-Central (TX),130,130.0,46.24,34,46.0,2026-01-18,2026-01-30,12.0,Delivered,False,True,6011.2,0.0
PO-2025-02220,2025-12-15,Bangalore ElectroTech,APAC,Electronics,ELE-8079,Air,AeroFast,DC-West (CA),145,145.0,56.92,13,10.0,2025-12-28,2025-12-25,0.0,Delivered,True,True,8253.4,1.0
PO-2025-02221,2025-12-15,Pacific Components Co.,APAC,Electronics,ELE-6154,Ocean,BlueWave Lines,DC-East (PA),121,121.0,31.81,34,42.0,2026-01-18,2026-01-26,8.0,Delivered,False,True,3849.01,0.0
PO-2025-02222,2025-12-15,Great Lakes Packaging,North America,Packaging,PAC-4652,Ground,RoadRunner Freight,DC-Central (TX),5391,5391.0,1.18,7,5.0,2025-12-22,2025-12-20,0.0,Delivered,True,True,6361.38,1.0
PO-2025-02223,2025-12-15,Pacific Components Co.,APAC,Components,COM-6304,Ocean,Meridian Shipping,DC-Central (TX),598,520.0,6.43,35,35.0,2026-01-19,2026-01-19,0.0,Delivered,True,False,3845.14,0.0
PO-2025-02224,2025-12-15,Bangalore ElectroTech,APAC,Electronics,ELE-7545,Air,AeroFast,DC-West (CA),98,98.0,23.95,12,9.0,2025-12-27,2025-12-24,0.0,Delivered,True,True,2347.1,1.0
PO-2025-02225,2025-12-15,Iberia Logistics SA,EMEA,Packaging,PAC-2134,Ocean,Meridian Shipping,DC-Central (TX),5402,5402.0,0.65,25,28.0,2026-01-09,2026-01-12,3.0,Delivered,False,True,3511.3,0.0
PO-2025-02226,2025-12-15,Bangalore ElectroTech,APAC,Electronics,ELE-3273,Air,AeroFast,DC-West (CA),124,115.0,35.63,12,10.0,2025-12-27,2025-12-25,0.0,Delivered,True,False,4418.12,0.0
PO-2025-02227,2025-12-16,Great Lakes Packaging,North America,Packaging,PAC-8801,Ground,RoadRunner Freight,DC-Central (TX),5393,5393.0,1.04,6,4.0,2025-12-22,2025-12-20,0.0,Delivered,True,True,5608.72,1.0
PO-2025-02228,2025-12-16,Iberia Logistics SA,EMEA,Packaging,PAC-4763,Ocean,BlueWave Lines,DC-Central (TX),5310,5310.0,1.11,26,23.0,2026-01-11,2026-01-08,0.0,Delivered,True,True,5894.1,1.0
PO-2025-02229,2025-12-16,Great Lakes Packaging,North America,Packaging,PAC-1997,Ground,RoadRunner Freight,DC-West (CA),5282,5282.0,1.1,6,5.0,2025-12-22,2025-12-21,0.0,Delivered,True,True,5810.2,1.0
PO-2025-02230,2025-12-16,Monterrey Assembly,LATAM,Components,COM-7845,Ground,RoadRunner Freight,DC-South (GA),582,582.0,13.9,13,10.0,2025-12-29,2025-12-26,0.0,Delivered,True,True,8089.8,1.0
PO-2025-02231,2025-12-16,Great Lakes Packaging,North America,Packaging,PAC-1712,Ground,RoadRunner Freight,DC-East (PA),5362,5362.0,1.23,6,3.0,2025-12-22,2025-12-19,0.0,Delivered,True,True,6595.26,1.0
PO-2025-02232,2025-12-16,Iberia Logistics SA,EMEA,Packaging,PAC-6046,Ocean,BlueWave Lines,DC-East (PA),5509,4421.0,1.17,25,24.0,2026-01-10,2026-01-09,0.0,Delivered,True,False,6445.53,0.0
PO-2025-02233,2025-12-16,Pacific Components Co.,APAC,Electronics,ELE-8316,Ocean,BlueWave Lines,DC-West (CA),122,122.0,39.68,34,40.0,2026-01-19,2026-01-25,6.0,Delivered,False,True,4840.96,0.0
PO-2025-02234,2025-12-16,Allegheny Metals,North America,Raw Materials,RAW-6945,Ground,Continental Trucking,DC-Central (TX),2174,1820.0,8.18,7,6.0,2025-12-23,2025-12-22,0.0,Delivered,True,False,17783.32,0.0
PO-2025-02235,2025-12-16,Pacific Components Co.,APAC,Components,COM-9196,Ocean,Meridian Shipping,DC-Central (TX),597,597.0,12.45,33,39.0,2026-01-18,2026-01-24,6.0,Delivered,False,True,7432.65,0.0
PO-2025-02236,2025-12-16,Bangalore ElectroTech,APAC,Electronics,ELE-3638,Air,AeroFast,DC-East (PA),129,129.0,43.2,12,13.0,2025-12-28,2025-12-29,1.0,Delivered,False,True,5572.8,0.0
PO-2025-02237,2025-12-16,Great Lakes Packaging,North America,Packaging,PAC-5899,Ground,RoadRunner Freight,DC-West (CA),5392,5392.0,1.61,6,2.0,2025-12-22,2025-12-18,0.0,Delivered,True,True,8681.12,1.0
PO-2025-02238,2025-12-16,Iberia Logistics SA,EMEA,Packaging,PAC-9946,Ocean,Meridian Shipping,DC-Central (TX),5429,5429.0,1.15,23,17.0,2026-01-08,2026-01-02,0.0,Delivered,True,True,6243.35,1.0
PO-2025-02239,2025-12-16,Great Lakes Packaging,North America,Packaging,PAC-6391,Ground,RoadRunner Freight,DC-East (PA),5429,5429.0,1.0,6,6.0,2025-12-22,2025-12-22,0.0,Delivered,True,True,5429.0,1.0
PO-2025-02240,2025-12-16,Bangalore ElectroTech,APAC,Electronics,ELE-3839,Air,AeroFast,DC-Central (TX),131,131.0,29.56,13,11.0,2025-12-29,2025-12-27,0.0,Delivered,True,True,3872.36,1.0
PO-2025-02241,2025-12-16,Pacific Components Co.,APAC,Components,COM-3900,Ocean,BlueWave Lines,DC-East (PA),581,581.0,11.61,35,39.0,2026-01-20,2026-01-24,4.0,Delivered,False,True,6745.41,0.0
PO-2025-02242,2025-12-16,Shenzhen Precision Ltd,APAC,Components,COM-1358,Ocean,BlueWave Lines,DC-East (PA),635,635.0,12.51,32,33.0,2026-01-17,2026-01-18,1.0,Delivered,False,True,7943.85,0.0
PO-2025-02243,2025-12-16,Bangalore ElectroTech,APAC,Electronics,ELE-4769,Air,SkyBridge Air Cargo,DC-East (PA),114,106.0,40.16,10,9.0,2025-12-26,2025-12-25,0.0,Delivered,True,False,4578.24,0.0
PO-2025-02244,2025-12-16,Pacific Components Co.,APAC,Components,COM-7590,Ocean,Meridian Shipping,DC-East (PA),593,593.0,14.6,34,40.0,2026-01-19,2026-01-25,6.0,Delivered,False,True,8657.8,0.0
PO-2025-02245,2025-12-16,Rhine Components GmbH,EMEA,Components,COM-9888,Air,AeroFast,DC-East (PA),635,635.0,14.2,10,11.0,2025-12-26,2025-12-27,1.0,Delivered,False,True,9017.0,0.0
PO-2025-02246,2025-12-16,Iberia Logistics SA,EMEA,Packaging,PAC-1407,Ocean,Meridian Shipping,DC-Central (TX),5453,5453.0,1.01,25,19.0,2026-01-10,2026-01-04,0.0,Delivered,True,True,5507.53,1.0
PO-2025-02247,2025-12-17,Allegheny Metals,North America,Components,COM-4326,Ground,Continental Trucking,DC-East (PA),615,615.0,17.67,6,6.0,2025-12-23,2025-12-23,0.0,Delivered,True,True,10867.05,1.0
PO-2025-02248,2025-12-17,Great Lakes Packaging,North America,Packaging,PAC-2901,Ground,RoadRunner Freight,DC-Central (TX),5420,5420.0,1.12,6,6.0,2025-12-23,2025-12-23,0.0,Delivered,True,True,6070.4,1.0
PO-2025-02249,2025-12-17,Monterrey Assembly,LATAM,Finished Goods,FIN-9648,Ground,Continental Trucking,DC-Central (TX),79,79.0,60.99,11,6.0,2025-12-28,2025-12-23,0.0,Delivered,True,True,4818.21,1.0
PO-2025-02250,2025-12-17,Allegheny Metals,North America,Raw Materials,RAW-7969,Ground,RoadRunner Freight,DC-East (PA),2218,2218.0,7.85,5,2.0,2025-12-22,2025-12-19,0.0,Delivered,True,True,17411.3,1.0
PO-2025-02251,2025-12-17,Shenzhen Precision Ltd,APAC,Components,COM-5305,Ocean,Meridian Shipping,DC-East (PA),587,587.0,16.82,32,34.0,2026-01-18,2026-01-20,2.0,Delivered,False,True,9873.34,0.0
PO-2025-02252,2025-12-17,Pacific Components Co.,APAC,Components,COM-1856,Ocean,BlueWave Lines,DC-South (GA),603,603.0,17.94,35,32.0,2026-01-21,2026-01-18,0.0,Delivered,True,True,10817.82,1.0
PO-2025-02253,2025-12-17,Shenzhen Precision Ltd,APAC,Electronics,ELE-1861,Ocean,BlueWave Lines,DC-South (GA),120,120.0,53.77,33,37.0,2026-01-19,2026-01-23,4.0,Delivered,False,True,6452.4,0.0
PO-2025-02254,2025-12-17,Monterrey Assembly,LATAM,Finished Goods,FIN-7500,Ground,RoadRunner Freight,DC-Central (TX),100,100.0,104.79,12,11.0,2025-12-29,2025-12-28,0.0,Delivered,True,True,10479.0,1.0
PO-2025-02255,2025-12-17,Rhine Components GmbH,EMEA,Electronics,ELE-3338,Air,SkyBridge Air Cargo,DC-Central (TX),139,139.0,33.3,9,6.0,2025-12-26,2025-12-23,0.0,Delivered,True,True,4628.7,1.0
PO-2025-02256,2025-12-17,Monterrey Assembly,LATAM,Finished Goods,FIN-8707,Ground,RoadRunner Freight,DC-Central (TX),95,95.0,101.06,12,10.0,2025-12-29,2025-12-27,0.0,Delivered,True,True,9600.7,1.0
PO-2025-02257,2025-12-17,Iberia Logistics SA,EMEA,Finished Goods,FIN-2217,Ocean,BlueWave Lines,DC-East (PA),102,102.0,90.42,25,27.0,2026-01-11,2026-01-13,2.0,Delivered,False,True,9222.84,0.0
PO-2025-02258,2025-12-17,Allegheny Metals,North America,Components,COM-4150,Ground,Continental Trucking,DC-South (GA),606,606.0,16.73,6,4.0,2025-12-23,2025-12-21,0.0,Delivered,True,True,10138.38,1.0
PO-2025-02259,2025-12-17,Bangalore ElectroTech,APAC,Electronics,ELE-9556,Air,AeroFast,DC-East (PA),111,111.0,42.35,9,7.0,2025-12-26,2025-12-24,0.0,Delivered,True,True,4700.85,1.0
PO-2025-02260,2025-12-17,Rhine Components GmbH,EMEA,Components,COM-3200,Air,AeroFast,DC-Central (TX),575,575.0,17.85,9,11.0,2025-12-26,2025-12-28,2.0,Delivered,False,True,10263.75,0.0
PO-2025-02261,2025-12-17,Rhine Components GmbH,EMEA,Electronics,ELE-4383,Air,SkyBridge Air Cargo,DC-East (PA),122,114.0,44.74,8,3.0,2025-12-25,2025-12-20,0.0,Delivered,True,False,5458.28,0.0
PO-2025-02262,2025-12-17,Monterrey Assembly,LATAM,Finished Goods,FIN-2537,Ground,Continental Trucking,DC-South (GA),93,81.0,85.82,10,8.0,2025-12-27,2025-12-25,0.0,Delivered,True,False,7981.26,0.0
PO-2025-02263,2025-12-17,Pacific Components Co.,APAC,Electronics,ELE-4677,Ocean,Meridian Shipping,DC-Central (TX),104,104.0,43.53,35,37.0,2026-01-21,2026-01-23,2.0,Delivered,False,True,4527.12,0.0
PO-2025-02264,2025-12-18,Monterrey Assembly,LATAM,Components,COM-5571,Ground,RoadRunner Freight,DC-Central (TX),612,612.0,18.64,11,11.0,2025-12-29,2025-12-29,0.0,Delivered,True,True,11407.68,1.0
PO-2025-02265,2025-12-18,Great Lakes Packaging,North America,Packaging,PAC-5754,Ground,Continental Trucking,DC-West (CA),5417,5417.0,1.35,6,3.0,2025-12-24,2025-12-21,0.0,Delivered,True,True,7312.95,1.0
PO-2025-02266,2025-12-18,Monterrey Assembly,LATAM,Components,COM-9456,Ground,RoadRunner Freight,DC-East (PA),598,598.0,16.63,12,9.0,2025-12-30,2025-12-27,0.0,Delivered,True,True,9944.74,1.0
PO-2025-02267,2025-12-18,Allegheny Metals,North America,Raw Materials,RAW-2267,Ground,RoadRunner Freight,DC-Central (TX),2198,2198.0,8.55,7,7.0,2025-12-25,2025-12-25,0.0,Delivered,True,True,18792.9,1.0
PO-2025-02268,2025-12-18,Bangalore ElectroTech,APAC,Electronics,ELE-4948,Air,AeroFast,DC-East (PA),131,131.0,31.39,10,10.0,2025-12-28,2025-12-28,0.0,Delivered,True,True,4112.09,1.0
PO-2025-02269,2025-12-18,Shenzhen Precision Ltd,APAC,Components,COM-9282,Ocean,BlueWave Lines,DC-Central (TX),601,601.0,19.89,31,24.0,2026-01-18,2026-01-11,0.0,Delivered,True,True,11953.89,1.0
PO-2025-02270,2025-12-18,Great Lakes Packaging,North America,Packaging,PAC-9280,Ground,Continental Trucking,DC-South (GA),5228,5228.0,0.79,7,5.0,2025-12-25,2025-12-23,0.0,Delivered,True,True,4130.12,1.0
PO-2025-02271,2025-12-18,Bangalore ElectroTech,APAC,Electronics,ELE-4397,Air,AeroFast,DC-South (GA),118,118.0,44.2,12,7.0,2025-12-30,2025-12-25,0.0,Delivered,True,True,5215.6,1.0
PO-2025-02272,2025-12-18,Allegheny Metals,North America,Raw Materials,RAW-1090,Ground,RoadRunner Freight,DC-West (CA),2240,2240.0,6.32,7,2.0,2025-12-25,2025-12-20,0.0,Delivered,True,True,14156.8,1.0
PO-2025-02273,2025-12-18,São Paulo Supply,LATAM,Finished Goods,FIN-3698,Ocean,BlueWave Lines,DC-East (PA),89,89.0,63.23,27,25.0,2026-01-14,2026-01-12,0.0,Delivered,True,True,5627.47,1.0
PO-2025-02274,2025-12-18,Shenzhen Precision Ltd,APAC,Components,COM-4845,Ocean,BlueWave Lines,DC-East (PA),609,609.0,4.93,31,38.0,2026-01-18,2026-01-25,7.0,Delivered,False,True,3002.37,0.0
PO-2025-02275,2025-12-18,Great Lakes Packaging,North America,Packaging,PAC-8711,Ground,RoadRunner Freight,DC-East (PA),5373,5373.0,1.09,7,3.0,2025-12-25,2025-12-21,0.0,Delivered,True,True,5856.57,1.0
PO-2025-02276,2025-12-18,São Paulo Supply,LATAM,Finished Goods,FIN-2492,Ocean,Meridian Shipping,DC-East (PA),86,86.0,76.61,27,25.0,2026-01-14,2026-01-12,0.0,Delivered,True,True,6588.46,1.0
PO-2025-02277,2025-12-19,Shenzhen Precision Ltd,APAC,Components,COM-9664,Ocean,Meridian Shipping,DC-Central (TX),591,591.0,10.8,33,33.0,2026-01-21,2026-01-21,0.0,Delivered,True,True,6382.8,1.0
PO-2025-02278,2025-12-19,Great Lakes Packaging,North America,Packaging,PAC-9332,Ground,RoadRunner Freight,DC-West (CA),5233,5233.0,1.75,5,1.0,2025-12-24,2025-12-20,0.0,Delivered,True,True,9157.75,1.0
PO-2025-02279,2025-12-19,Bangalore ElectroTech,APAC,Electronics,ELE-9314,Air,SkyBridge Air Cargo,DC-West (CA),119,119.0,42.58,11,11.0,2025-12-30,2025-12-30,0.0,Delivered,True,True,5067.02,1.0
PO-2025-02280,2025-12-19,Shenzhen Precision Ltd,APAC,Components,COM-9495,Ocean,Meridian Shipping,DC-Central (TX),643,643.0,21.39,31,30.0,2026-01-19,2026-01-18,0.0,Delivered,True,True,13753.77,1.0
PO-2025-02281,2025-12-19,Great Lakes Packaging,North America,Packaging,PAC-4558,Ground,RoadRunner Freight,DC-Central (TX),5343,5343.0,1.08,7,5.0,2025-12-26,2025-12-24,0.0,Delivered,True,True,5770.44,1.0
PO-2025-02282,2025-12-19,Great Lakes Packaging,North America,Packaging,PAC-5051,Ground,Continental Trucking,DC-East (PA),5431,5431.0,1.57,6,5.0,2025-12-25,2025-12-24,0.0,Delivered,True,True,8526.67,1.0
PO-2025-02283,2025-12-19,Iberia Logistics SA,EMEA,Packaging,PAC-6219,Ocean,Meridian Shipping,DC-Central (TX),5351,5351.0,1.62,24,25.0,2026-01-12,2026-01-13,1.0,Delivered,False,True,8668.62,0.0
PO-2025-02284,2025-12-19,Shenzhen Precision Ltd,APAC,Components,COM-2458,Ocean,BlueWave Lines,DC-Central (TX),601,601.0,7.21,34,33.0,2026-01-22,2026-01-21,0.0,Delivered,True,True,4333.21,1.0
PO-2025-02285,2025-12-19,Great Lakes Packaging,North America,Packaging,PAC-7333,Ground,RoadRunner Freight,DC-West (CA),5475,5475.0,1.84,4,3.0,2025-12-23,2025-12-22,0.0,Delivered,True,True,10074.0,1.0
PO-2025-02286,2025-12-19,Great Lakes Packaging,North America,Packaging,PAC-1002,Ground,Continental Trucking,DC-Central (TX),5351,5351.0,0.88,4,1.0,2025-12-23,2025-12-20,0.0,Delivered,True,True,4708.88,1.0
PO-2025-02287,2025-12-19,Monterrey Assembly,LATAM,Components,COM-3775,Ground,RoadRunner Freight,DC-East (PA),616,589.0,12.25,11,9.0,2025-12-30,2025-12-28,0.0,Delivered,True,False,7546.0,0.0
PO-2025-02288,2025-12-19,São Paulo Supply,LATAM,Raw Materials,RAW-4975,Ocean,BlueWave Lines,DC-West (CA),2202,2202.0,12.53,28,24.0,2026-01-16,2026-01-12,0.0,Delivered,True,True,27591.06,1.0
PO-2025-02289,2025-12-19,Bangalore ElectroTech,APAC,Electronics,ELE-9483,Air,AeroFast,DC-Central (TX),119,119.0,46.6,13,10.0,2026-01-01,2025-12-29,0.0,Delivered,True,True,5545.4,1.0
PO-2025-02290,2025-12-20,Great Lakes Packaging,North America,Packaging,PAC-5721,Ground,RoadRunner Freight,DC-West (CA),5401,5401.0,0.67,6,5.0,2025-12-26,2025-12-25,0.0,Delivered,True,True,3618.67,1.0
PO-2025-02291,2025-12-20,São Paulo Supply,LATAM,Raw Materials,RAW-8803,Ocean,Meridian Shipping,DC-East (PA),2174,2174.0,3.22,28,30.0,2026-01-17,2026-01-19,2.0,Delivered,False,True,7000.28,0.0
PO-2025-02292,2025-12-20,Allegheny Metals,North America,Raw Materials,RAW-8477,Ground,Continental Trucking,DC-East (PA),2165,2165.0,12.41,6,3.0,2025-12-26,2025-12-23,0.0,Delivered,True,True,26867.65,1.0
PO-2025-02293,2025-12-20,São Paulo Supply,LATAM,Raw Materials,RAW-4402,Ocean,Meridian Shipping,DC-East (PA),2167,2167.0,6.21,29,32.0,2026-01-18,2026-01-21,3.0,Delivered,False,True,13457.07,0.0
PO-2025-02294,2025-12-20,Iberia Logistics SA,EMEA,Packaging,PAC-8008,Ocean,BlueWave Lines,DC-West (CA),5375,5375.0,0.82,25,25.0,2026-01-14,2026-01-14,0.0,Delivered,True,True,4407.5,1.0
PO-2025-02295,2025-12-20,Iberia Logistics SA,EMEA,Packaging,PAC-5444,Ocean,BlueWave Lines,DC-East (PA),5309,5309.0,1.54,24,14.0,2026-01-13,2026-01-03,0.0,Delivered,True,True,8175.86,1.0
PO-2025-02296,2025-12-20,Iberia Logistics SA,EMEA,Finished Goods,FIN-8654,Ocean,BlueWave Lines,DC-Central (TX),87,87.0,74.4,25,19.0,2026-01-14,2026-01-08,0.0,Delivered,True,True,6472.8,1.0
PO-2025-02297,2025-12-20,Bangalore ElectroTech,APAC,Electronics,ELE-2367,Air,SkyBridge Air Cargo,DC-East (PA),138,138.0,27.86,13,13.0,2026-01-02,2026-01-02,0.0,Delivered,True,True,3844.68,1.0
PO-2025-02298,2025-12-20,Monterrey Assembly,LATAM,Components,COM-9659,Ground,Continental Trucking,DC-South (GA),599,599.0,16.47,10,9.0,2025-12-30,2025-12-29,0.0,Delivered,True,True,9865.53,1.0
PO-2025-02299,2025-12-20,Great Lakes Packaging,North America,Packaging,PAC-6874,Ground,RoadRunner Freight,DC-West (CA),5331,5331.0,1.55,4,2.0,2025-12-24,2025-12-22,0.0,Delivered,True,True,8263.05,1.0
PO-2025-02300,2025-12-20,Allegheny Metals,North America,Raw Materials,RAW-5165,Ground,RoadRunner Freight,DC-East (PA),2252,2252.0,10.12,6,5.0,2025-12-26,2025-12-25,0.0,Delivered,True,True,22790.24,1.0
PO-2025-02301,2025-12-20,Iberia Logistics SA,EMEA,Packaging,PAC-6757,Ocean,Meridian Shipping,DC-East (PA),5483,-3.0,1.04,25,27.0,2026-01-14,2026-01-16,2.0,Delivered,False,True,5702.32,0.0
PO-2025-02302,2025-12-20,Monterrey Assembly,LATAM,Finished Goods,FIN-9241,Ground,Continental Trucking,DC-South (GA),76,76.0,68.69,13,12.0,2026-01-02,2026-01-01,0.0,Delivered,True,True,5220.44,1.0
PO-2025-02303,2025-12-20,Iberia Logistics SA,EMEA,Finished Goods,FIN-4788,Ocean,BlueWave Lines,DC-South (GA),77,77.0,95.94,24,24.0,2026-01-13,2026-01-13,0.0,Delivered,True,True,7387.38,1.0
PO-2025-02304,2025-12-21,Monterrey Assembly,LATAM,Components,COM-3007,Ground,RoadRunner Freight,DC-South (GA),655,621.0,13.66,11,9.0,2026-01-01,2025-12-30,0.0,Delivered,True,False,8947.3,0.0
PO-2025-02305,2025-12-21,São Paulo Supply,LATAM,Raw Materials,RAW-7643,Ocean,Meridian Shipping,DC-Central (TX),2229,2229.0,11.26,29,23.0,2026-01-19,2026-01-13,0.0,Delivered,True,True,25098.54,1.0
PO-2025-02306,2025-12-21,Allegheny Metals,North America,Raw Materials,RAW-5557,Ground,Continental Trucking,DC-Central (TX),2241,2241.0,9.75,6,3.0,2025-12-27,2025-12-24,0.0,Delivered,True,True,21849.75,1.0
PO-2025-02307,2025-12-21,Pacific Components Co.,APAC,Electronics,ELE-3798,Ocean,BlueWave Lines,DC-Central (TX),129,129.0,48.01,34,37.0,2026-01-24,2026-01-27,3.0,Delivered,False,True,6193.29,0.0
PO-2025-02308,2025-12-21,Bangalore ElectroTech,APAC,Electronics,ELE-6268,Air,SkyBridge Air Cargo,DC-West (CA),114,114.0,44.09,13,12.0,2026-01-03,2026-01-02,0.0,Delivered,True,True,5026.26,1.0
PO-2025-02309,2025-12-21,Great Lakes Packaging,North America,Packaging,PAC-9470,Ground,Continental Trucking,DC-West (CA),5227,5227.0,0.87,8,7.0,2025-12-29,2025-12-28,0.0,Delivered,True,True,4547.49,1.0
PO-2025-02310,2025-12-21,Allegheny Metals,North America,Raw Materials,RAW-2388,Ground,Continental Trucking,DC-West (CA),2225,2225.0,8.46,7,6.0,2025-12-28,2025-12-27,0.0,Delivered,True,True,18823.5,1.0
PO-2025-02311,2025-12-21,São Paulo Supply,LATAM,Finished Goods,FIN-5445,Ocean,BlueWave Lines,DC-Central (TX),90,90.0,98.32,28,24.0,2026-01-18,2026-01-14,0.0,Delivered,True,True,8848.8,1.0
PO-2025-02312,2025-12-21,Monterrey Assembly,LATAM,Components,COM-3992,Ground,RoadRunner Freight,DC-West (CA),611,611.0,10.45,12,10.0,2026-01-02,2025-12-31,0.0,Delivered,True,True,6384.95,1.0
PO-2025-02313,2025-12-21,Shenzhen Precision Ltd,APAC,Electronics,ELE-5062,Ocean,BlueWave Lines,DC-South (GA),152,152.0,49.65,32,28.0,2026-01-22,2026-01-18,0.0,Delivered,True,True,7546.8,1.0
PO-2025-02314,2025-12-21,Allegheny Metals,North America,Raw Materials,RAW-1512,Ground,RoadRunner Freight,DC-West (CA),2126,2126.0,9.98,8,6.0,2025-12-29,2025-12-27,0.0,Delivered,True,True,21217.48,1.0
PO-2025-02315,2025-12-21,Monterrey Assembly,LATAM,Finished Goods,FIN-1068,Ground,RoadRunner Freight,DC-West (CA),80,80.0,63.15,12,11.0,2026-01-02,2026-01-01,0.0,Delivered,True,True,5052.0,1.0
PO-2025-02316,2025-12-22,Bangalore ElectroTech,APAC,Electronics,ELE-8348,Air,SkyBridge Air Cargo,DC-East (PA),116,116.0,41.44,12,6.0,2026-01-03,2025-12-28,0.0,Delivered,True,True,4807.04,1.0
PO-2025-02317,2025-12-22,Rhine Components GmbH,EMEA,Electronics,ELE-5901,Air,AeroFast,DC-West (CA),110,110.0,39.92,9,10.0,2025-12-31,2026-01-01,1.0,Delivered,False,True,4391.2,0.0
PO-2025-02318,2025-12-22,Allegheny Metals,North America,Raw Materials,RAW-2543,Ground,Continental Trucking,DC-Central (TX),2202,2202.0,6.65,8,3.0,2025-12-30,2025-12-25,0.0,Delivered,True,True,14643.3,1.0
PO-2025-02319,2025-12-22,Bangalore ElectroTech,APAC,Electronics,ELE-4529,Air,AeroFast,DC-South (GA),119,102.0,47.39,13,11.0,2026-01-04,2026-01-02,0.0,Delivered,True,False,5639.41,0.0
PO-2025-02320,2025-12-22,Rhine Components GmbH,EMEA,Components,COM-8361,Air,AeroFast,DC-South (GA),668,668.0,20.29,9,4.0,2025-12-31,2025-12-26,0.0,Delivered,True,True,13553.72,1.0
PO-2025-02321,2025-12-22,Rhine Components GmbH,EMEA,Components,COM-9496,Air,AeroFast,DC-West (CA),613,613.0,13.78,10,5.0,2026-01-01,2025-12-27,0.0,Delivered,True,True,8447.14,1.0
PO-2025-02322,2025-12-22,Monterrey Assembly,LATAM,Finished Goods,FIN-9328,Ground,RoadRunner Freight,DC-East (PA),81,81.0,66.45,10,9.0,2026-01-01,2025-12-31,0.0,Delivered,True,True,5382.45,1.0
PO-2025-02323,2025-12-23,Rhine Components GmbH,EMEA,Electronics,ELE-7047,Air,AeroFast,DC-East (PA),124,124.0,49.73,8,9.0,2025-12-31,2026-01-01,1.0,Delivered,False,True,6166.52,0.0
PO-2025-02324,2025-12-23,Bangalore ElectroTech,APAC,Electronics,ELE-5660,Air,SkyBridge Air Cargo,DC-West (CA),130,130.0,47.0,12,10.0,2026-01-04,2026-01-02,0.0,Delivered,True,True,6110.0,1.0
PO-2025-02325,2025-12-23,São Paulo Supply,LATAM,Finished Goods,FIN-6126,Ocean,BlueWave Lines,DC-East (PA),86,86.0,47.29,28,24.0,2026-01-20,2026-01-16,0.0,Delivered,True,True,4066.94,1.0
PO-2025-02326,2025-12-23,Allegheny Metals,North America,Components,COM-8732,Ground,Continental Trucking,DC-Central (TX),621,621.0,14.52,7,3.0,2025-12-30,2025-12-26,0.0,Delivered,True,True,9016.92,1.0
PO-2025-02327,2025-12-23,Great Lakes Packaging,North America,Packaging,PAC-7120,Ground,Continental Trucking,DC-Central (TX),5344,5344.0,0.66,6,5.0,2025-12-29,2025-12-28,0.0,Delivered,True,True,3527.04,1.0
PO-2025-02328,2025-12-23,Shenzhen Precision Ltd,APAC,Components,COM-3268,Ocean,Meridian Shipping,DC-East (PA),586,586.0,15.79,33,31.0,2026-01-25,2026-01-23,0.0,Delivered,True,True,9252.94,1.0
PO-2025-02329,2025-12-23,Rhine Components GmbH,EMEA,Electronics,ELE-1264,Air,AeroFast,DC-Central (TX),119,101.0,31.02,10,9.0,2026-01-02,2026-01-01,0.0,Delivered,True,False,3691.38,0.0
PO-2025-02330,2025-12-23,Allegheny Metals,North America,Components,COM-1092,Ground,Continental Trucking,DC-West (CA),619,619.0,15.65,8,6.0,2025-12-31,2025-12-29,0.0,Delivered,True,True,9687.35,1.0
PO-2025-02331,2025-12-23,Rhine Components GmbH,EMEA,Electronics,ELE-5810,Air,SkyBridge Air Cargo,DC-Central (TX),113,113.0,48.0,9,7.0,2026-01-01,2025-12-30,0.0,Delivered,True,True,5424.0,1.0
PO-2025-02332,2025-12-23,Monterrey Assembly,LATAM,Components,COM-1446,Ground,Continental Trucking,DC-Central (TX),598,598.0,10.77,11,11.0,2026-01-03,2026-01-03,0.0,Delivered,True,True,6440.46,1.0
PO-2025-02333,2025-12-23,Monterrey Assembly,LATAM,Finished Goods,FIN-7835,Ground,RoadRunner Freight,DC-South (GA),81,81.0,86.18,11,9.0,2026-01-03,2026-01-01,0.0,Delivered,True,True,6980.58,1.0
PO-2025-02334,2025-12-23,Great Lakes Packaging,North America,Packaging,PAC-2579,Ground,Continental Trucking,DC-Central (TX),5383,5383.0,1.48,5,6.0,2025-12-28,2025-12-29,1.0,Delivered,False,True,7966.84,0.0
PO-2025-02335,2025-12-23,Shenzhen Precision Ltd,APAC,Electronics,ELE-9451,Ocean,BlueWave Lines,DC-East (PA),102,102.0,37.43,33,36.0,2026-01-25,2026-01-28,3.0,Delivered,False,True,3817.86,0.0
PO-2025-02336,2025-12-23,Shenzhen Precision Ltd,APAC,Electronics,ELE-3633,Ocean,BlueWave Lines,DC-East (PA),120,120.0,48.45,31,30.0,2026-01-23,2026-01-22,0.0,Delivered,True,True,5814.0,1.0
PO-2025-02337,2025-12-23,São Paulo Supply,LATAM,Raw Materials,RAW-1683,Ocean,BlueWave Lines,DC-Central (TX),2182,2182.0,9.82,28,27.0,2026-01-20,2026-01-19,0.0,Delivered,True,True,21427.24,1.0
PO-2025-02338,2025-12-23,Shenzhen Precision Ltd,APAC,Electronics,ELE-6612,Ocean,BlueWave Lines,DC-South (GA),103,103.0,21.52,32,32.0,2026-01-24,2026-01-24,0.0,Delivered,True,True,2216.56,1.0
PO-2025-02339,2025-12-23,Shenzhen Precision Ltd,APAC,Electronics,ELE-2461,Ocean,Meridian Shipping,DC-South (GA),143,143.0,52.52,32,28.0,2026-01-24,2026-01-20,0.0,Delivered,True,True,7510.36,1.0
PO-2025-02340,2025-12-24,São Paulo Supply,LATAM,Raw Materials,RAW-5097,Ocean,BlueWave Lines,DC-West (CA),2212,2212.0,7.54,26,28.0,2026-01-19,2026-01-21,2.0,Delivered,False,True,16678.48,0.0
PO-2025-02341,2025-12-24,Great Lakes Packaging,North America,Packaging,PAC-9784,Ground,Continental Trucking,DC-West (CA),5438,5438.0,1.03,7,6.0,2025-12-31,2025-12-30,0.0,Delivered,True,True,5601.14,1.0
PO-2025-02342,2025-12-24,Rhine Components GmbH,EMEA,Components,COM-1386,Air,SkyBridge Air Cargo,DC-West (CA),600,600.0,19.71,8,8.0,2026-01-01,2026-01-01,0.0,Delivered,True,True,11826.0,1.0
PO-2025-02343,2025-12-24,São Paulo Supply,LATAM,Raw Materials,RAW-8673,Ocean,BlueWave Lines,DC-South (GA),2162,2162.0,10.62,27,32.0,2026-01-20,2026-01-25,5.0,Delivered,False,True,22960.44,0.0
PO-2025-02344,2025-12-24,Rhine Components GmbH,EMEA,Electronics,ELE-4922,Air,AeroFast,DC-East (PA),138,138.0,45.51,9,9.0,2026-01-02,2026-01-02,0.0,Delivered,True,True,6280.38,1.0
PO-2025-02345,2025-12-24,São Paulo Supply,LATAM,Finished Goods,FIN-8282,Ocean,BlueWave Lines,DC-South (GA),80,80.0,75.61,29,24.0,2026-01-22,2026-01-17,0.0,Delivered,True,True,6048.8,1.0
PO-2025-02346,2025-12-24,Monterrey Assembly,LATAM,Components,COM-1880,Ground,Continental Trucking,DC-West (CA),617,617.0,17.29,10,11.0,2026-01-03,2026-01-04,1.0,Delivered,False,True,10667.93,0.0
PO-2025-02347,2025-12-24,São Paulo Supply,LATAM,Finished Goods,FIN-4562,Ocean,BlueWave Lines,DC-South (GA),77,77.0,61.63,29,27.0,2026-01-22,2026-01-20,0.0,Delivered,True,True,4745.51,1.0
PO-2025-02348,2025-12-24,Shenzhen Precision Ltd,APAC,Components,COM-9137,Ocean,Meridian Shipping,DC-West (CA),604,604.0,13.43,32,27.0,2026-01-25,2026-01-20,0.0,Delivered,True,True,8111.72,1.0
PO-2025-02349,2025-12-24,Pacific Components Co.,APAC,Electronics,ELE-1805,Ocean,Meridian Shipping,DC-Central (TX),114,114.0,35.69,35,35.0,2026-01-28,2026-01-28,0.0,Delivered,True,True,4068.66,1.0
PO-2025-02350,2025-12-24,Shenzhen Precision Ltd,APAC,Electronics,ELE-4009,Ocean,Meridian Shipping,DC-South (GA),117,96.0,39.58,32,32.0,2026-01-25,2026-01-25,0.0,Delivered,True,False,4630.86,0.0
PO-2025-02351,2025-12-24,Bangalore ElectroTech,APAC,Electronics,ELE-7473,Air,SkyBridge Air Cargo,DC-West (CA),121,121.0,38.42,13,12.0,2026-01-06,2026-01-05,0.0,Delivered,True,True,4648.82,1.0
PO-2025-02352,2025-12-24,Monterrey Assembly,LATAM,Finished Goods,FIN-4041,Ground,RoadRunner Freight,DC-West (CA),94,94.0,58.9,13,9.0,2026-01-06,2026-01-02,0.0,Delivered,True,True,5536.6,1.0
PO-2025-02353,2025-12-24,São Paulo Supply,LATAM,Finished Goods,FIN-8142,Ocean,BlueWave Lines,DC-West (CA),103,82.0,72.07,28,26.0,2026-01-21,2026-01-19,0.0,Delivered,True,False,7423.21,0.0
PO-2025-02354,2025-12-24,Rhine Components GmbH,EMEA,Components,COM-4634,Air,SkyBridge Air Cargo,DC-South (GA),607,607.0,16.77,9,6.0,2026-01-02,2025-12-30,0.0,Delivered,True,True,10179.39,1.0
PO-2025-02355,2025-12-25,São Paulo Supply,LATAM,Raw Materials,RAW-7076,Ocean,Meridian Shipping,DC-East (PA),2157,2157.0,8.72,27,25.0,2026-01-21,2026-01-19,0.0,Delivered,True,True,18809.04,1.0
PO-2025-02356,2025-12-25,Shenzhen Precision Ltd,APAC,Electronics,ELE-6021,Ocean,BlueWave Lines,DC-East (PA),125,125.0,49.9,32,28.0,2026-01-26,2026-01-22,0.0,Delivered,True,True,6237.5,1.0
PO-2025-02357,2025-12-25,Iberia Logistics SA,EMEA,Finished Goods,FIN-7787,Ocean,BlueWave Lines,DC-South (GA),85,85.0,85.71,26,27.0,2026-01-20,2026-01-21,1.0,Delivered,False,True,7285.35,0.0
PO-2025-02358,2025-12-25,Allegheny Metals,North America,Components,COM-9469,Ground,Continental Trucking,DC-East (PA),575,490.0,14.13,8,7.0,2026-01-02,2026-01-01,0.0,Delivered,True,False,8124.75,0.0
PO-2025-02359,2025-12-25,São Paulo Supply,LATAM,Finished Goods,FIN-8616,Ocean,BlueWave Lines,DC-West (CA),82,82.0,74.59,29,27.0,2026-01-23,2026-01-21,0.0,Delivered,True,True,6116.38,1.0
PO-2025-02360,2025-12-25,Allegheny Metals,North America,Components,COM-8024,Ground,Continental Trucking,DC-East (PA),664,664.0,18.74,6,6.0,2025-12-31,2025-12-31,0.0,Delivered,True,True,12443.36,1.0
PO-2025-02361,2025-12-25,Allegheny Metals,North America,Components,COM-3958,Ground,RoadRunner Freight,DC-East (PA),617,617.0,15.74,6,4.0,2025-12-31,2025-12-29,0.0,Delivered,True,True,9711.58,1.0
PO-2025-02362,2025-12-25,Monterrey Assembly,LATAM,Finished Goods,FIN-8369,Ground,Continental Trucking,DC-South (GA),118,118.0,99.56,10,8.0,2026-01-04,2026-01-02,0.0,Delivered,True,True,11748.08,1.0
PO-2025-02363,2025-12-25,Iberia Logistics SA,EMEA,Packaging,PAC-4306,Ocean,Meridian Shipping,DC-Central (TX),5344,5046.0,1.18,24,20.0,2026-01-18,2026-01-14,0.0,Delivered,True,False,6305.92,0.0
PO-2025-02364,2025-12-25,Rhine Components GmbH,EMEA,Electronics,ELE-7303,Air,AeroFast,DC-West (CA),134,134.0,42.98,7,4.0,2026-01-01,2025-12-29,0.0,Delivered,True,True,5759.32,1.0
PO-2025-02365,2025-12-25,Pacific Components Co.,APAC,Electronics,ELE-5977,Ocean,Meridian Shipping,DC-South (GA),131,131.0,30.55,33,31.0,2026-01-27,2026-01-25,0.0,Delivered,True,True,4002.05,1.0
PO-2025-02366,2025-12-25,Iberia Logistics SA,EMEA,Packaging,PAC-3203,Ocean,Meridian Shipping,DC-West (CA),5319,5319.0,0.86,22,21.0,2026-01-16,2026-01-15,0.0,Delivered,True,True,4574.34,1.0
PO-2025-02367,2025-12-25,Rhine Components GmbH,EMEA,Components,COM-5539,Air,SkyBridge Air Cargo,DC-West (CA),613,613.0,16.97,10,10.0,2026-01-04,2026-01-04,0.0,Delivered,True,True,10402.61,1.0
PO-2025-02368,2025-12-25,Pacific Components Co.,APAC,Electronics,ELE-3942,Ocean,Meridian Shipping,DC-East (PA),131,131.0,28.07,35,36.0,2026-01-29,2026-01-30,1.0,Delivered,False,True,3677.17,0.0
PO-2025-02369,2025-12-25,Pacific Components Co.,APAC,Electronics,ELE-8948,Ocean,Meridian Shipping,DC-East (PA),135,135.0,39.39,33,36.0,2026-01-27,2026-01-30,3.0,Delivered,False,True,5317.65,0.0
PO-2025-02370,2025-12-25,Allegheny Metals,North America,Raw Materials,RAW-5235,Ground,Continental Trucking,DC-Central (TX),2274,2065.0,7.76,6,2.0,2025-12-31,2025-12-27,0.0,Delivered,True,False,17646.24,0.0
PO-2025-02371,2025-12-26,Shenzhen Precision Ltd,APAC,Electronics,ELE-6470,Ocean,BlueWave Lines,DC-East (PA),127,127.0,46.31,33,35.0,2026-01-28,2026-01-30,2.0,Delivered,False,True,5881.37,0.0
PO-2025-02372,2025-12-26,Monterrey Assembly,LATAM,Finished Goods,FIN-8113,Ground,Continental Trucking,DC-West (CA),97,97.0,115.05,9,6.0,2026-01-04,2026-01-01,0.0,Delivered,True,True,11159.85,1.0
PO-2025-02373,2025-12-26,Rhine Components GmbH,EMEA,Electronics,ELE-7707,Air,AeroFast,DC-Central (TX),136,136.0,29.69,9,7.0,2026-01-04,2026-01-02,0.0,Delivered,True,True,4037.84,1.0
PO-2025-02374,2025-12-26,Allegheny Metals,North America,Components,COM-2835,Ground,Continental Trucking,DC-South (GA),584,584.0,11.11,6,5.0,2026-01-01,2025-12-31,0.0,Delivered,True,True,6488.24,1.0
PO-2025-02375,2025-12-26,Monterrey Assembly,LATAM,Finished Goods,FIN-8808,Ground,RoadRunner Freight,DC-East (PA),78,78.0,76.23,11,10.0,2026-01-06,2026-01-05,0.0,Delivered,True,True,5945.94,1.0
PO-2025-02376,2025-12-26,Allegheny Metals,North America,Components,COM-9527,Ground,Continental Trucking,DC-Central (TX),585,585.0,14.88,7,5.0,2026-01-02,2025-12-31,0.0,Delivered,True,True,8704.8,1.0
PO-2025-02377,2025-12-26,Iberia Logistics SA,EMEA,Finished Goods,FIN-8215,Ocean,BlueWave Lines,DC-South (GA),88,88.0,76.62,23,19.0,2026-01-18,2026-01-14,0.0,Delivered,True,True,6742.56,1.0
PO-2025-02378,2025-12-27,Allegheny Metals,North America,Components,COM-7666,Ground,RoadRunner Freight,DC-West (CA),609,609.0,21.46,8,8.0,2026-01-04,2026-01-04,0.0,Delivered,True,True,13069.14,1.0
PO-2025-02379,2025-12-27,Shenzhen Precision Ltd,APAC,Electronics,ELE-5764,Ocean,BlueWave Lines,DC-Central (TX),107,107.0,52.69,31,29.0,2026-01-27,2026-01-25,0.0,Delivered,True,True,5637.83,1.0
PO-2025-02380,2025-12-27,Great Lakes Packaging,North America,Packaging,PAC-9481,Ground,RoadRunner Freight,DC-Central (TX),5395,5395.0,1.44,7,3.0,2026-01-03,2025-12-30,0.0,Delivered,True,True,7768.8,1.0
PO-2025-02381,2025-12-27,Monterrey Assembly,LATAM,Finished Goods,FIN-7498,Ground,RoadRunner Freight,DC-West (CA),86,86.0,75.38,12,9.0,2026-01-08,2026-01-05,0.0,Delivered,True,True,6482.68,1.0
PO-2025-02382,2025-12-27,Rhine Components GmbH,EMEA,Electronics,ELE-2566,Air,AeroFast,DC-South (GA),129,129.0,52.15,7,6.0,2026-01-03,2026-01-02,0.0,Delivered,True,True,6727.35,1.0
PO-2025-02383,2025-12-27,Pacific Components Co.,APAC,Components,COM-6042,Ocean,Meridian Shipping,DC-Central (TX),626,626.0,18.17,34,40.0,2026-01-30,2026-02-05,6.0,Delivered,False,True,11374.42,0.0
PO-2025-02384,2025-12-27,Pacific Components Co.,APAC,Electronics,ELE-6407,Ocean,BlueWave Lines,DC-Central (TX),114,103.0,40.88,34,37.0,2026-01-30,2026-02-02,3.0,Delivered,False,False,4660.32,0.0
PO-2025-02385,2025-12-27,Iberia Logistics SA,EMEA,Finished Goods,FIN-6694,Ocean,Meridian Shipping,DC-South (GA),92,92.0,102.67,23,21.0,2026-01-19,2026-01-17,0.0,Delivered,True,True,9445.64,1.0
PO-2025-02386,2025-12-27,Bangalore ElectroTech,APAC,Electronics,ELE-2486,Air,SkyBridge Air Cargo,DC-South (GA),119,119.0,40.47,14,7.0,2026-01-10,2026-01-03,0.0,Delivered,True,True,4815.93,1.0
PO-2025-02387,2025-12-27,Allegheny Metals,North America,Components,COM-9191,Ground,RoadRunner Freight,DC-West (CA),608,608.0,16.04,8,5.0,2026-01-04,2026-01-01,0.0,Delivered,True,True,9752.32,1.0
PO-2025-02388,2025-12-28,Iberia Logistics SA,EMEA,Packaging,PAC-3875,Ocean,Meridian Shipping,DC-South (GA),5416,5416.0,0.62,25,24.0,2026-01-22,2026-01-21,0.0,Delivered,True,True,3357.92,1.0
PO-2025-02389,2025-12-28,Shenzhen Precision Ltd,APAC,Electronics,ELE-8584,Ocean,Meridian Shipping,DC-South (GA),127,115.0,35.62,33,31.0,2026-01-30,2026-01-28,0.0,Delivered,True,False,4523.74,0.0
PO-2025-02390,2025-12-28,Iberia Logistics SA,EMEA,Packaging,PAC-1349,Ocean,Meridian Shipping,DC-Central (TX),5334,5334.0,1.35,24,22.0,2026-01-21,2026-01-19,0.0,Delivered,True,True,7200.9,1.0
PO-2025-02391,2025-12-28,Bangalore ElectroTech,APAC,Electronics,ELE-8431,Air,SkyBridge Air Cargo,DC-Central (TX),118,118.0,39.68,12,9.0,2026-01-09,2026-01-06,0.0,Delivered,True,True,4682.24,1.0
PO-2025-02392,2025-12-28,Allegheny Metals,North America,Raw Materials,RAW-1579,Ground,RoadRunner Freight,DC-West (CA),2236,2236.0,8.63,8,6.0,2026-01-05,2026-01-03,0.0,Delivered,True,True,19296.68,1.0
PO-2025-02393,2025-12-28,Great Lakes Packaging,North America,Packaging,PAC-6743,Ground,RoadRunner Freight,DC-East (PA),5481,5481.0,1.29,5,3.0,2026-01-02,2025-12-31,0.0,Delivered,True,True,7070.49,1.0
PO-2025-02394,2025-12-28,São Paulo Supply,LATAM,Finished Goods,FIN-8433,Ocean,BlueWave Lines,DC-West (CA),82,82.0,62.41,27,27.0,2026-01-24,2026-01-24,0.0,Delivered,True,True,5117.62,1.0
PO-2025-02395,2025-12-28,Monterrey Assembly,LATAM,Finished Goods,FIN-7730,Ground,Continental Trucking,DC-South (GA),81,81.0,83.17,11,10.0,2026-01-08,2026-01-07,0.0,Delivered,True,True,6736.77,1.0
PO-2025-02396,2025-12-28,Iberia Logistics SA,EMEA,Packaging,PAC-6644,Ocean,BlueWave Lines,DC-South (GA),5429,5429.0,1.26,24,24.0,2026-01-21,2026-01-21,0.0,Delivered,True,True,6840.54,1.0
PO-2025-02397,2025-12-28,Pacific Components Co.,APAC,Components,COM-7031,Ocean,Meridian Shipping,DC-East (PA),553,553.0,14.51,34,34.0,2026-01-31,2026-01-31,0.0,Delivered,True,True,8024.03,1.0
PO-2025-02398,2025-12-28,Pacific Components Co.,APAC,Electronics,ELE-5282,Ocean,Meridian Shipping,DC-West (CA),128,128.0,45.3,33,33.0,2026-01-30,2026-01-30,0.0,Delivered,True,True,5798.4,1.0
PO-2025-02399,2025-12-28,Great Lakes Packaging,North America,Packaging,PAC-6048,Ground,Continental Trucking,DC-East (PA),5353,5353.0,1.33,6,3.0,2026-01-03,2025-12-31,0.0,Delivered,True,True,7119.49,1.0
PO-2025-02400,2025-12-28,Rhine Components GmbH,EMEA,Electronics,ELE-7086,Air,SkyBridge Air Cargo,DC-East (PA),107,107.0,46.54,11,16.0,2026-01-08,2026-01-13,5.0,Delivered,False,True,4979.78,0.0
PO-2025-02401,2025-12-28,Shenzhen Precision Ltd,APAC,Electronics,ELE-7803,Ocean,BlueWave Lines,DC-Central (TX),110,110.0,45.04,31,30.0,2026-01-28,2026-01-27,0.0,Delivered,True,True,4954.4,1.0
PO-2025-02402,2025-12-28,Bangalore ElectroTech,APAC,Electronics,ELE-8500,Air,SkyBridge Air Cargo,DC-Central (TX),107,107.0,32.68,11,6.0,2026-01-08,2026-01-03,0.0,Delivered,True,True,3496.76,1.0
PO-2025-02403,2025-12-28,Monterrey Assembly,LATAM,Components,COM-5661,Ground,Continental Trucking,DC-East (PA),624,624.0,13.66,10,8.0,2026-01-07,2026-01-05,0.0,Delivered,True,True,8523.84,1.0
PO-2025-02404,2025-12-28,Rhine Components GmbH,EMEA,Components,COM-4871,Air,SkyBridge Air Cargo,DC-South (GA),596,596.0,20.43,10,12.0,2026-01-07,2026-01-09,2.0,Delivered,False,True,12176.28,0.0
PO-2025-02405,2025-12-29,Great Lakes Packaging,North America,Packaging,PAC-1396,Ground,RoadRunner Freight,DC-West (CA),5530,5530.0,1.64,5,5.0,2026-01-03,2026-01-03,0.0,Delivered,True,True,9069.2,1.0
PO-2025-02406,2025-12-29,Iberia Logistics SA,EMEA,Finished Goods,FIN-4519,Ocean,BlueWave Lines,DC-West (CA),97,97.0,74.39,26,18.0,2026-01-24,2026-01-16,0.0,Delivered,True,True,7215.83,1.0
PO-2025-02407,2025-12-29,Iberia Logistics SA,EMEA,Finished Goods,FIN-8214,Ocean,BlueWave Lines,DC-South (GA),87,87.0,82.44,23,21.0,2026-01-21,2026-01-19,0.0,Delivered,True,True,7172.28,1.0
PO-2025-02408,2025-12-29,Monterrey Assembly,LATAM,Finished Goods,FIN-1102,Ground,Continental Trucking,DC-East (PA),89,89.0,84.74,9,9.0,2026-01-07,2026-01-07,0.0,Delivered,True,True,7541.86,1.0
PO-2025-02409,2025-12-29,Iberia Logistics SA,EMEA,Packaging,PAC-5734,Ocean,Meridian Shipping,DC-East (PA),5261,5261.0,1.0,24,30.0,2026-01-22,2026-01-28,6.0,Delivered,False,True,5261.0,0.0
PO-2025-02410,2025-12-29,Pacific Components Co.,APAC,Electronics,ELE-5464,Ocean,Meridian Shipping,DC-South (GA),121,121.0,34.41,35,39.0,2026-02-02,2026-02-06,4.0,Delivered,False,True,4163.61,0.0
PO-2025-02411,2025-12-29,Great Lakes Packaging,North America,Packaging,PAC-7540,Ground,Continental Trucking,DC-East (PA),5360,5360.0,1.59,5,3.0,2026-01-03,2026-01-01,0.0,Delivered,True,True,8522.4,1.0
PO-2025-02412,2025-12-29,Great Lakes Packaging,North America,Packaging,PAC-1695,Ground,RoadRunner Freight,DC-East (PA),5376,5376.0,2.03,5,3.0,2026-01-03,2026-01-01,0.0,Delivered,True,True,10913.28,1.0
PO-2025-02413,2025-12-29,Allegheny Metals,North America,Raw Materials,RAW-6541,Ground,RoadRunner Freight,DC-West (CA),2151,2151.0,10.76,7,5.0,2026-01-05,2026-01-03,0.0,Delivered,True,True,23144.76,1.0
PO-2025-02414,2025-12-29,São Paulo Supply,LATAM,Raw Materials,RAW-9971,Ocean,Meridian Shipping,DC-South (GA),2122,2122.0,7.46,27,33.0,2026-01-25,2026-01-31,6.0,Delivered,False,True,15830.12,0.0
PO-2025-02415,2025-12-29,Shenzhen Precision Ltd,APAC,Components,COM-6839,Ocean,BlueWave Lines,DC-Central (TX),597,597.0,20.06,31,32.0,2026-01-29,2026-01-30,1.0,Delivered,False,True,11975.82,0.0
PO-2025-02416,2025-12-29,Bangalore ElectroTech,APAC,Electronics,ELE-7421,Air,SkyBridge Air Cargo,DC-Central (TX),134,134.0,53.93,13,10.0,2026-01-11,2026-01-08,0.0,Delivered,True,True,7226.62,1.0
PO-2025-02417,2025-12-29,Bangalore ElectroTech,APAC,Electronics,ELE-4176,Air,AeroFast,DC-East (PA),122,122.0,35.27,12,14.0,2026-01-10,2026-01-12,2.0,Delivered,False,True,4302.94,0.0
PO-2025-02418,2025-12-29,Bangalore ElectroTech,APAC,Electronics,ELE-3560,Air,AeroFast,DC-Central (TX),99,99.0,44.82,12,10.0,2026-01-10,2026-01-08,0.0,Delivered,True,True,4437.18,1.0
PO-2025-02419,2025-12-29,Shenzhen Precision Ltd,APAC,Electronics,ELE-5730,Ocean,Meridian Shipping,DC-East (PA),126,120.0,37.5,32,35.0,2026-01-30,2026-02-02,3.0,Delivered,False,False,4725.0,0.0
PO-2025-02420,2025-12-30,Allegheny Metals,North America,Raw Materials,RAW-6895,Ground,Continental Trucking,DC-West (CA),2218,2218.0,10.51,7,5.0,2026-01-06,2026-01-04,0.0,Delivered,True,True,23311.18,1.0
PO-2025-02421,2025-12-30,Iberia Logistics SA,EMEA,Finished Goods,FIN-9722,Ocean,BlueWave Lines,DC-West (CA),103,103.0,107.38,23,21.0,2026-01-22,2026-01-20,0.0,Delivered,True,True,11060.14,1.0
PO-2025-02422,2025-12-30,São Paulo Supply,LATAM,Finished Goods,FIN-6020,Ocean,Meridian Shipping,DC-East (PA),84,84.0,96.96,27,28.0,2026-01-26,2026-01-27,1.0,Delivered,False,True,8144.64,0.0
PO-2025-02423,2025-12-30,Shenzhen Precision Ltd,APAC,Electronics,ELE-1298,Ocean,BlueWave Lines,DC-West (CA),113,113.0,32.59,32,30.0,2026-01-31,2026-01-29,0.0,Delivered,True,True,3682.67,1.0
PO-2025-02424,2025-12-30,Allegheny Metals,North America,Components,COM-1921,Ground,RoadRunner Freight,DC-South (GA),590,590.0,19.08,7,6.0,2026-01-06,2026-01-05,0.0,Delivered,True,True,11257.2,1.0
PO-2025-02425,2025-12-30,Allegheny Metals,North America,Raw Materials,RAW-1778,Ground,RoadRunner Freight,DC-East (PA),2196,2196.0,9.92,7,5.0,2026-01-06,2026-01-04,0.0,Delivered,True,True,21784.32,1.0
PO-2025-02426,2025-12-30,Monterrey Assembly,LATAM,Finished Goods,FIN-5875,Ground,RoadRunner Freight,DC-Central (TX),82,82.0,86.5,10,10.0,2026-01-09,2026-01-09,0.0,Delivered,True,True,7093.0,1.0
PO-2025-02427,2025-12-30,Great Lakes Packaging,North America,Packaging,PAC-4187,Ground,Continental Trucking,DC-Central (TX),5317,5317.0,0.78,5,2.0,2026-01-04,2026-01-01,0.0,Delivered,True,True,4147.26,1.0
PO-2025-02428,2025-12-30,Pacific Components Co.,APAC,Electronics,ELE-1636,Ocean,BlueWave Lines,DC-South (GA),115,115.0,43.07,35,38.0,2026-02-03,2026-02-06,3.0,Delivered,False,True,4953.05,0.0
PO-2025-02429,2025-12-30,Great Lakes Packaging,North America,Packaging,PAC-1337,Ground,Continental Trucking,DC-South (GA),5465,5465.0,1.25,6,4.0,2026-01-05,2026-01-03,0.0,Delivered,True,True,6831.25,1.0
PO-2025-02430,2025-12-30,Pacific Components Co.,APAC,Electronics,ELE-3689,Ocean,Meridian Shipping,DC-Central (TX),107,107.0,34.57,35,41.0,2026-02-03,2026-02-09,6.0,Delivered,False,True,3698.99,0.0
PO-2025-02431,2025-12-30,São Paulo Supply,LATAM,Raw Materials,RAW-1763,Ocean,Meridian Shipping,DC-Central (TX),2221,2221.0,10.52,26,24.0,2026-01-25,2026-01-23,0.0,Delivered,True,True,23364.92,1.0
PO-2025-02432,2025-12-30,Pacific Components Co.,APAC,Components,COM-8860,Ocean,Meridian Shipping,DC-South (GA),636,636.0,13.55,35,40.0,2026-02-03,2026-02-08,5.0,Delivered,False,True,8617.8,0.0
PO-2025-02433,2025-12-30,São Paulo Supply,LATAM,Finished Goods,FIN-7514,Ocean,Meridian Shipping,DC-Central (TX),82,82.0,88.26,29,31.0,2026-01-28,2026-01-30,2.0,Delivered,False,True,7237.32,0.0
PO-2025-02434,2025-12-30,Monterrey Assembly,LATAM,Components,COM-9114,Ground,RoadRunner Freight,DC-East (PA),616,616.0,12.08,10,10.0,2026-01-09,2026-01-09,0.0,Delivered,True,True,7441.28,1.0
PO-2025-02435,2025-12-30,Shenzhen Precision Ltd,APAC,Components,COM-4188,Ocean,Meridian Shipping,DC-East (PA),550,550.0,17.0,31,31.0,2026-01-30,2026-01-30,0.0,Delivered,True,True,9350.0,1.0
PO-2025-02436,2025-12-31,Allegheny Metals,North America,Components,COM-8274,Ground,RoadRunner Freight,DC-East (PA),604,604.0,18.03,7,6.0,2026-01-07,2026-01-06,0.0,Delivered,True,True,10890.12,1.0
PO-2025-02437,2025-12-31,Rhine Components GmbH,EMEA,Electronics,ELE-9883,Air,AeroFast,DC-Central (TX),99,99.0,40.43,8,6.0,2026-01-08,2026-01-06,0.0,Delivered,True,True,4002.57,1.0
PO-2025-02438,2025-12-31,Allegheny Metals,North America,Raw Materials,RAW-5421,Ground,RoadRunner Freight,DC-Central (TX),2207,2207.0,9.54,7,4.0,2026-01-07,2026-01-04,0.0,Delivered,True,True,21054.78,1.0
PO-2025-02439,2025-12-31,Monterrey Assembly,LATAM,Components,COM-1496,Ground,RoadRunner Freight,DC-West (CA),595,595.0,19.01,11,12.0,2026-01-11,2026-01-12,1.0,Delivered,False,True,11310.95,0.0
PO-2025-02440,2025-12-31,Iberia Logistics SA,EMEA,Packaging,PAC-6593,Ocean,Meridian Shipping,DC-South (GA),5338,5338.0,1.31,24,20.0,2026-01-24,2026-01-20,0.0,Delivered,True,True,6992.78,1.0
PO-2025-02441,2025-12-31,Pacific Components Co.,APAC,Components,COM-3498,Ocean,Meridian Shipping,DC-South (GA),639,639.0,20.3,34,44.0,2026-02-03,2026-02-13,10.0,Delivered,False,True,12971.7,0.0
PO-2025-02442,2025-12-31,Allegheny Metals,North America,Raw Materials,RAW-9364,Ground,Continental Trucking,DC-East (PA),2180,2180.0,11.22,5,4.0,2026-01-05,2026-01-04,0.0,Delivered,True,True,24459.6,1.0
PO-2025-02443,2025-12-31,Pacific Components Co.,APAC,Electronics,ELE-7037,Ocean,BlueWave Lines,DC-West (CA),115,115.0,46.77,35,40.0,2026-02-04,2026-02-09,5.0,Delivered,False,True,5378.55,0.0
PO-2025-02444,2025-12-31,Shenzhen Precision Ltd,APAC,Electronics,ELE-4622,Ocean,BlueWave Lines,DC-Central (TX),101,101.0,38.36,33,38.0,2026-02-02,2026-02-07,5.0,Delivered,False,True,3874.36,0.0
PO-2025-02445,2025-12-31,Rhine Components GmbH,EMEA,Electronics,ELE-4539,Air,SkyBridge Air Cargo,DC-South (GA),124,124.0,46.86,9,8.0,2026-01-09,2026-01-08,0.0,Delivered,True,True,5810.64,1.0
PO-2025-02446,2025-12-31,Shenzhen Precision Ltd,APAC,Components,COM-2961,Ocean,Meridian Shipping,DC-East (PA),596,596.0,10.34,32,34.0,2026-02-01,2026-02-03,2.0,Delivered,False,True,6162.64,0.0
PO-2026-02447,2026-01-01,Great Lakes Packaging,North America,Packaging,PAC-2515,Ground,Continental Trucking,DC-West (CA),5384,5384.0,1.15,6,4.0,2026-01-07,2026-01-05,0.0,Delivered,True,True,6191.6,1.0
PO-2026-02448,2026-01-01,Great Lakes Packaging,North America,Packaging,PAC-8642,Ground,Continental Trucking,DC-Central (TX),5531,5531.0,1.2,5,5.0,2026-01-06,2026-01-06,0.0,Delivered,True,True,6637.2,1.0
PO-2026-02449,2026-01-01,Great Lakes Packaging,North America,Packaging,PAC-7858,Ground,RoadRunner Freight,DC-East (PA),5445,5445.0,1.16,6,3.0,2026-01-07,2026-01-04,0.0,Delivered,True,True,6316.2,1.0
PO-2026-02450,2026-01-01,Allegheny Metals,North America,Components,COM-5733,Ground,Continental Trucking,DC-South (GA),631,631.0,12.78,8,5.0,2026-01-09,2026-01-06,0.0,Delivered,True,True,8064.18,1.0
PO-2026-02451,2026-01-01,Iberia Logistics SA,EMEA,Finished Goods,FIN-7315,Ocean,Meridian Shipping,DC-West (CA),94,94.0,73.04,25,26.0,2026-01-26,2026-01-27,1.0,Delivered,False,True,6865.76,0.0
PO-2026-02452,2026-01-01,Monterrey Assembly,LATAM,Finished Goods,FIN-1472,Ground,RoadRunner Freight,DC-Central (TX),76,76.0,92.53,10,12.0,2026-01-11,2026-01-13,2.0,Delivered,False,True,7032.28,0.0
PO-2026-02453,2026-01-01,São Paulo Supply,LATAM,Raw Materials,RAW-7679,Ocean,Meridian Shipping,DC-West (CA),2204,2204.0,9.86,27,22.0,2026-01-28,2026-01-23,0.0,Delivered,True,True,21731.44,1.0
PO-2026-02454,2026-01-01,Iberia Logistics SA,EMEA,Finished Goods,FIN-8349,Ocean,Meridian Shipping,DC-Central (TX),103,103.0,79.6,22,23.0,2026-01-23,2026-01-24,1.0,Delivered,False,True,8198.8,0.0
PO-2026-02455,2026-01-01,Monterrey Assembly,LATAM,Components,COM-4666,Ground,Continental Trucking,DC-West (CA),562,562.0,12.93,14,11.0,2026-01-15,2026-01-12,0.0,Delivered,True,True,7266.66,1.0
PO-2026-02456,2026-01-02,Allegheny Metals,North America,Components,COM-2909,Ground,RoadRunner Freight,DC-South (GA),601,601.0,14.96,8,5.0,2026-01-10,2026-01-07,0.0,Delivered,True,True,8990.96,1.0
PO-2026-02457,2026-01-02,São Paulo Supply,LATAM,Raw Materials,RAW-2827,Ocean,BlueWave Lines,DC-West (CA),2166,2166.0,9.23,28,28.0,2026-01-30,2026-01-30,0.0,Delivered,True,True,19992.18,1.0
PO-2026-02458,2026-01-02,Rhine Components GmbH,EMEA,Electronics,ELE-4721,Air,AeroFast,DC-South (GA),135,135.0,45.74,10,10.0,2026-01-12,2026-01-12,0.0,Delivered,True,True,6174.9,1.0
PO-2026-02459,2026-01-02,Rhine Components GmbH,EMEA,Electronics,ELE-9455,Air,AeroFast,DC-Central (TX),100,100.0,43.83,9,8.0,2026-01-11,2026-01-10,0.0,Delivered,True,True,4383.0,1.0
PO-2026-02460,2026-01-02,Allegheny Metals,North America,Raw Materials,RAW-2010,Ground,RoadRunner Freight,DC-East (PA),2207,2207.0,4.32,7,1.0,2026-01-09,2026-01-03,0.0,Delivered,True,True,9534.24,1.0
PO-2026-02461,2026-01-02,Great Lakes Packaging,North America,Packaging,PAC-7809,Ground,RoadRunner Freight,DC-East (PA),5440,5440.0,1.2,7,4.0,2026-01-09,2026-01-06,0.0,Delivered,True,True,6528.0,1.0
PO-2026-02462,2026-01-02,São Paulo Supply,LATAM,Finished Goods,FIN-4282,Ocean,Meridian Shipping,DC-South (GA),81,81.0,77.48,28,22.0,2026-01-30,2026-01-24,0.0,Delivered,True,True,6275.88,1.0
PO-2026-02463,2026-01-02,Shenzhen Precision Ltd,APAC,Electronics,ELE-1680,Ocean,Meridian Shipping,DC-Central (TX),120,120.0,52.79,32,29.0,2026-02-03,2026-01-31,0.0,Delivered,True,True,6334.8,1.0
PO-2026-02464,2026-01-02,Iberia Logistics SA,EMEA,Finished Goods,FIN-4911,Ocean,BlueWave Lines,DC-West (CA),85,85.0,105.72,25,22.0,2026-01-27,2026-01-24,0.0,Delivered,True,True,8986.2,1.0
PO-2026-02465,2026-01-02,Pacific Components Co.,APAC,Electronics,ELE-5899,Ocean,Meridian Shipping,DC-South (GA),130,130.0,51.86,35,41.0,2026-02-06,2026-02-12,6.0,Delivered,False,True,6741.8,0.0
PO-2026-02466,2026-01-03,Monterrey Assembly,LATAM,Components,COM-1656,Ground,RoadRunner Freight,DC-East (PA),544,544.0,13.88,11,7.0,2026-01-14,2026-01-10,0.0,Delivered,True,True,7550.72,1.0
PO-2026-02467,2026-01-03,Monterrey Assembly,LATAM,Components,COM-1505,Ground,RoadRunner Freight,DC-Central (TX),586,586.0,19.75,11,7.0,2026-01-14,2026-01-10,0.0,Delivered,True,True,11573.5,1.0
PO-2026-02468,2026-01-03,Iberia Logistics SA,EMEA,Finished Goods,FIN-5129,Ocean,Meridian Shipping,DC-Central (TX),115,115.0,73.75,24,20.0,2026-01-27,2026-01-23,0.0,Delivered,True,True,8481.25,1.0
PO-2026-02469,2026-01-03,Iberia Logistics SA,EMEA,Packaging,PAC-6476,Ocean,Meridian Shipping,DC-Central (TX),5354,5354.0,1.28,25,16.0,2026-01-28,2026-01-19,0.0,Delivered,True,True,6853.12,1.0
PO-2026-02470,2026-01-03,Bangalore ElectroTech,APAC,Electronics,ELE-5342,Air,AeroFast,DC-West (CA),119,119.0,23.49,11,9.0,2026-01-14,2026-01-12,0.0,Delivered,True,True,2795.31,1.0
PO-2026-02471,2026-01-03,Bangalore ElectroTech,APAC,Electronics,ELE-2682,Air,AeroFast,DC-West (CA),114,114.0,29.21,12,8.0,2026-01-15,2026-01-11,0.0,Delivered,True,True,3329.94,1.0
PO-2026-02472,2026-01-03,Bangalore ElectroTech,APAC,Electronics,ELE-7577,Air,AeroFast,DC-South (GA),127,127.0,40.58,12,8.0,2026-01-15,2026-01-11,0.0,Delivered,True,True,5153.66,1.0
PO-2026-02473,2026-01-03,Iberia Logistics SA,EMEA,Packaging,PAC-5407,Ocean,BlueWave Lines,DC-Central (TX),5343,5343.0,1.1,25,25.0,2026-01-28,2026-01-28,0.0,Delivered,True,True,5877.3,1.0
PO-2026-02474,2026-01-03,Shenzhen Precision Ltd,APAC,Components,COM-4722,Ocean,Meridian Shipping,DC-Central (TX),575,575.0,16.5,32,30.0,2026-02-04,2026-02-02,0.0,Delivered,True,True,9487.5,1.0
PO-2026-02475,2026-01-03,Rhine Components GmbH,EMEA,Components,COM-9903,Air,SkyBridge Air Cargo,DC-West (CA),590,590.0,16.31,9,5.0,2026-01-12,2026-01-08,0.0,Delivered,True,True,9622.9,1.0
PO-2026-02476,2026-01-03,Allegheny Metals,North America,Raw Materials,RAW-7583,Ground,Continental Trucking,DC-South (GA),2190,2190.0,7.84,7,4.0,2026-01-10,2026-01-07,0.0,Delivered,True,True,17169.6,1.0
PO-2026-02477,2026-01-03,Iberia Logistics SA,EMEA,Packaging,PAC-2133,Ocean,BlueWave Lines,DC-South (GA),5464,5464.0,1.36,24,19.0,2026-01-27,2026-01-22,0.0,Delivered,True,True,7431.04,1.0
PO-2026-02478,2026-01-03,Monterrey Assembly,LATAM,Components,COM-2418,Ground,RoadRunner Freight,DC-South (GA),627,627.0,8.03,11,7.0,2026-01-14,2026-01-10,0.0,Delivered,True,True,5034.81,1.0
PO-2026-02479,2026-01-03,São Paulo Supply,LATAM,Raw Materials,RAW-8111,Ocean,BlueWave Lines,DC-East (PA),2127,2127.0,12.19,29,25.0,2026-02-01,2026-01-28,0.0,Delivered,True,True,25928.13,1.0
PO-2026-02480,2026-01-03,Rhine Components GmbH,EMEA,Components,COM-9925,Air,SkyBridge Air Cargo,DC-Central (TX),617,617.0,22.44,9,3.0,2026-01-12,2026-01-06,0.0,Delivered,True,True,13845.48,1.0
PO-2026-02481,2026-01-04,Bangalore ElectroTech,APAC,Electronics,ELE-4909,Air,SkyBridge Air Cargo,DC-West (CA),125,125.0,48.7,12,10.0,2026-01-16,2026-01-14,0.0,Delivered,True,True,6087.5,1.0
PO-2026-02482,2026-01-04,Monterrey Assembly,LATAM,Finished Goods,FIN-6504,Ground,RoadRunner Freight,DC-West (CA),81,81.0,69.15,11,7.0,2026-01-15,2026-01-11,0.0,Delivered,True,True,5601.15,1.0
PO-2026-02483,2026-01-04,Allegheny Metals,North America,Raw Materials,RAW-2220,Ground,RoadRunner Freight,DC-East (PA),2178,2178.0,10.14,7,4.0,2026-01-11,2026-01-08,0.0,Delivered,True,True,22084.92,1.0
PO-2026-02484,2026-01-04,Bangalore ElectroTech,APAC,Electronics,ELE-1408,Air,AeroFast,DC-West (CA),124,124.0,32.93,11,8.0,2026-01-15,2026-01-12,0.0,Delivered,True,True,4083.32,1.0
PO-2026-02485,2026-01-04,Pacific Components Co.,APAC,Components,COM-3070,Ocean,Meridian Shipping,DC-Central (TX),574,574.0,13.77,34,31.0,2026-02-07,2026-02-04,0.0,Delivered,True,True,7903.98,1.0
PO-2026-02486,2026-01-04,Rhine Components GmbH,EMEA,Electronics,ELE-7178,Air,SkyBridge Air Cargo,DC-East (PA),125,125.0,37.87,10,5.0,2026-01-14,2026-01-09,0.0,Delivered,True,True,4733.75,1.0
PO-2026-02487,2026-01-04,Rhine Components GmbH,EMEA,Electronics,ELE-5925,Air,AeroFast,DC-South (GA),136,136.0,35.34,7,2.0,2026-01-11,2026-01-06,0.0,Delivered,True,True,4806.24,1.0
PO-2026-02488,2026-01-04,Iberia Logistics SA,EMEA,Packaging,PAC-1466,Ocean,Meridian Shipping,DC-West (CA),5405,5405.0,1.37,24,21.0,2026-01-28,2026-01-25,0.0,Delivered,True,True,7404.85,1.0
PO-2026-02489,2026-01-04,Monterrey Assembly,LATAM,Components,COM-5565,Ground,RoadRunner Freight,DC-West (CA),593,593.0,12.39,11,10.0,2026-01-15,2026-01-14,0.0,Delivered,True,True,7347.27,1.0
PO-2026-02490,2026-01-04,Pacific Components Co.,APAC,Components,COM-9785,Ocean,Meridian Shipping,DC-Central (TX),583,583.0,8.81,34,34.0,2026-02-07,2026-02-07,0.0,Delivered,True,True,5136.23,1.0
PO-2026-02491,2026-01-05,Bangalore ElectroTech,APAC,Electronics,ELE-1738,Air,AeroFast,DC-East (PA),132,132.0,43.11,13,11.0,2026-01-18,2026-01-16,0.0,Delivered,True,True,5690.52,1.0
PO-2026-02492,2026-01-05,Bangalore ElectroTech,APAC,Electronics,ELE-8670,Air,SkyBridge Air Cargo,DC-West (CA),130,130.0,51.96,11,6.0,2026-01-16,2026-01-11,0.0,Delivered,True,True,6754.8,1.0
PO-2026-02493,2026-01-05,Great Lakes Packaging,North America,Packaging,PAC-3430,Ground,RoadRunner Freight,DC-East (PA),5393,5393.0,1.29,5,2.0,2026-01-10,2026-01-07,0.0,Delivered,True,True,6956.97,1.0
PO-2026-02494,2026-01-05,Shenzhen Precision Ltd,APAC,Electronics,ELE-5591,Ocean,Meridian Shipping,DC-West (CA),106,106.0,49.78,34,29.0,2026-02-08,2026-02-03,0.0,Delivered,True,True,5276.68,1.0
PO-2026-02495,2026-01-05,Rhine Components GmbH,EMEA,Electronics,ELE-2905,Air,SkyBridge Air Cargo,DC-Central (TX),126,126.0,31.8,8,4.0,2026-01-13,2026-01-09,0.0,Delivered,True,True,4006.8,1.0
PO-2026-02496,2026-01-06,Shenzhen Precision Ltd,APAC,Components,COM-9439,Ocean,Meridian Shipping,DC-Central (TX),589,589.0,11.1,33,32.0,2026-02-08,2026-02-07,0.0,Delivered,True,True,6537.9,1.0
PO-2026-02497,2026-01-06,São Paulo Supply,LATAM,Raw Materials,RAW-7437,Ocean,BlueWave Lines,DC-West (CA),2199,2199.0,9.59,28,25.0,2026-02-03,2026-01-31,0.0,Delivered,True,True,21088.41,1.0
PO-2026-02498,2026-01-06,São Paulo Supply,LATAM,Raw Materials,RAW-6958,Ocean,Meridian Shipping,DC-South (GA),2174,2174.0,9.1,27,29.0,2026-02-02,2026-02-04,2.0,Delivered,False,True,19783.4,0.0
PO-2026-02499,2026-01-06,Monterrey Assembly,LATAM,Finished Goods,FIN-1231,Ground,RoadRunner Freight,DC-South (GA),100,100.0,93.58,11,9.0,2026-01-17,2026-01-15,0.0,Delivered,True,True,9358.0,1.0
PO-2026-02500,2026-01-06,Pacific Components Co.,APAC,Electronics,ELE-4732,Ocean,BlueWave Lines,DC-East (PA),128,128.0,41.16,35,34.0,2026-02-10,2026-02-09,0.0,Delivered,True,True,5268.48,1.0
PO-2026-02501,2026-01-06,Shenzhen Precision Ltd,APAC,Electronics,ELE-8272,Ocean,Meridian Shipping,DC-South (GA),125,125.0,40.3,33,36.0,2026-02-08,2026-02-11,3.0,Delivered,False,True,5037.5,0.0
PO-2026-02502,2026-01-06,Shenzhen Precision Ltd,APAC,Components,COM-2232,Ocean,Meridian Shipping,DC-South (GA),632,632.0,14.17,33,29.0,2026-02-08,2026-02-04,0.0,Delivered,True,True,8955.44,1.0
PO-2026-02503,2026-01-06,São Paulo Supply,LATAM,Raw Materials,RAW-1928,Ocean,Meridian Shipping,DC-East (PA),2230,2230.0,8.12,29,25.0,2026-02-04,2026-01-31,0.0,Delivered,True,True,18107.6,1.0
PO-2026-02504,2026-01-06,Pacific Components Co.,APAC,Components,COM-2386,Ocean,Meridian Shipping,DC-South (GA),577,577.0,15.88,33,40.0,2026-02-08,2026-02-15,7.0,Delivered,False,True,9162.76,0.0
PO-2026-02505,2026-01-06,Allegheny Metals,North America,Raw Materials,RAW-7819,Ground,RoadRunner Freight,DC-South (GA),2272,2272.0,6.3,9,7.0,2026-01-15,2026-01-13,0.0,Delivered,True,True,14313.6,1.0
PO-2026-02506,2026-01-07,Rhine Components GmbH,EMEA,Components,COM-1813,Air,SkyBridge Air Cargo,DC-West (CA),563,541.0,14.03,9,9.0,2026-01-16,2026-01-16,0.0,Delivered,True,False,7898.89,0.0
PO-2026-02507,2026-01-07,Allegheny Metals,North America,Raw Materials,RAW-3478,Ground,RoadRunner Freight,DC-West (CA),2115,2115.0,7.54,6,5.0,2026-01-13,2026-01-12,0.0,Delivered,True,True,15947.1,1.0
PO-2026-02508,2026-01-07,Pacific Components Co.,APAC,Electronics,ELE-6833,Ocean,Meridian Shipping,DC-East (PA),130,130.0,34.29,33,32.0,2026-02-09,2026-02-08,0.0,Delivered,True,True,4457.7,1.0
PO-2026-02509,2026-01-07,Rhine Components GmbH,EMEA,Components,COM-6468,Air,SkyBridge Air Cargo,DC-East (PA),598,510.0,17.02,8,3.0,2026-01-15,2026-01-10,0.0,Delivered,True,False,10177.96,0.0
PO-2026-02510,2026-01-08,Bangalore ElectroTech,APAC,Electronics,ELE-7704,Air,AeroFast,DC-East (PA),126,126.0,28.16,11,12.0,2026-01-19,2026-01-20,1.0,Delivered,False,True,3548.16,0.0
PO-2026-02511,2026-01-08,Pacific Components Co.,APAC,Electronics,ELE-1135,Ocean,Meridian Shipping,DC-West (CA),115,115.0,55.49,34,39.0,2026-02-11,2026-02-16,5.0,Delivered,False,True,6381.35,0.0
PO-2026-02512,2026-01-08,Bangalore ElectroTech,APAC,Electronics,ELE-7971,Air,SkyBridge Air Cargo,DC-East (PA),148,148.0,47.75,11,11.0,2026-01-19,2026-01-19,0.0,Delivered,True,True,7067.0,1.0
PO-2026-02513,2026-01-08,Great Lakes Packaging,North America,Packaging,PAC-3697,Ground,RoadRunner Freight,DC-South (GA),5375,5375.0,1.27,5,2.0,2026-01-13,2026-01-10,0.0,Delivered,True,True,6826.25,1.0
PO-2026-02514,2026-01-08,Pacific Components Co.,APAC,Components,COM-9198,Ocean,BlueWave Lines,DC-East (PA),593,593.0,12.14,35,37.0,2026-02-12,2026-02-14,2.0,Delivered,False,True,7199.02,0.0
PO-2026-02515,2026-01-08,Monterrey Assembly,LATAM,Components,COM-9586,Ground,Continental Trucking,DC-East (PA),618,618.0,15.71,9,6.0,2026-01-17,2026-01-14,0.0,Delivered,True,True,9708.78,1.0
PO-2026-02516,2026-01-09,Shenzhen Precision Ltd,APAC,Electronics,ELE-1767,Ocean,BlueWave Lines,DC-Central (TX),117,117.0,55.96,32,31.0,2026-02-10,2026-02-09,0.0,Delivered,True,True,6547.32,1.0
PO-2026-02517,2026-01-09,Rhine Components GmbH,EMEA,Components,COM-5097,Air,AeroFast,DC-West (CA),611,611.0,25.2,9,3.0,2026-01-18,2026-01-12,0.0,Delivered,True,True,15397.2,1.0
PO-2026-02518,2026-01-09,Bangalore ElectroTech,APAC,Electronics,ELE-1452,Air,AeroFast,DC-West (CA),111,111.0,43.75,11,10.0,2026-01-20,2026-01-19,0.0,Delivered,True,True,4856.25,1.0
PO-2026-02519,2026-01-09,Rhine Components GmbH,EMEA,Electronics,ELE-1844,Air,SkyBridge Air Cargo,DC-South (GA),104,104.0,37.04,8,6.0,2026-01-17,2026-01-15,0.0,Delivered,True,True,3852.16,1.0
PO-2026-02520,2026-01-09,Great Lakes Packaging,North America,Packaging,PAC-1975,Ground,Continental Trucking,DC-Central (TX),5402,5402.0,1.37,4,1.0,2026-01-13,2026-01-10,0.0,Delivered,True,True,7400.74,1.0
PO-2026-02521,2026-01-10,Monterrey Assembly,LATAM,Components,COM-5443,Ground,Continental Trucking,DC-East (PA),591,591.0,19.02,12,6.0,2026-01-22,2026-01-16,0.0,Delivered,True,True,11240.82,1.0
PO-2026-02522,2026-01-10,Iberia Logistics SA,EMEA,Packaging,PAC-2940,Ocean,Meridian Shipping,DC-East (PA),5305,5305.0,1.5,24,20.0,2026-02-03,2026-01-30,0.0,Delivered,True,True,7957.5,1.0
PO-2026-02523,2026-01-10,Pacific Components Co.,APAC,Components,COM-7551,Ocean,Meridian Shipping,DC-West (CA),620,620.0,21.8,33,36.0,2026-02-12,2026-02-15,3.0,Delivered,False,True,13516.0,0.0
PO-2026-02524,2026-01-10,São Paulo Supply,LATAM,Raw Materials,RAW-7120,Ocean,Meridian Shipping,DC-Central (TX),2201,2201.0,9.08,28,19.0,2026-02-07,2026-01-29,0.0,Delivered,True,True,19985.08,1.0
PO-2026-02525,2026-01-10,Shenzhen Precision Ltd,APAC,Components,COM-6466,Ocean,BlueWave Lines,DC-South (GA),631,631.0,20.56,32,29.0,2026-02-11,2026-02-08,0.0,Delivered,True,True,12973.36,1.0
PO-2026-02526,2026-01-10,Great Lakes Packaging,North America,Packaging,PAC-4775,Ground,RoadRunner Freight,DC-West (CA),5516,5516.0,1.14,6,3.0,2026-01-16,2026-01-13,0.0,Delivered,True,True,6288.24,1.0
PO-2026-02527,2026-01-10,Pacific Components Co.,APAC,Electronics,ELE-3079,Ocean,Meridian Shipping,DC-East (PA),158,158.0,34.09,34,35.0,2026-02-13,2026-02-14,1.0,Delivered,False,True,5386.22,0.0
PO-2026-02528,2026-01-10,Great Lakes Packaging,North America,Packaging,PAC-4548,Ground,Continental Trucking,DC-Central (TX),5442,5442.0,1.41,7,4.0,2026-01-17,2026-01-14,0.0,Delivered,True,True,7673.22,1.0
PO-2026-02529,2026-01-10,Bangalore ElectroTech,APAC,Electronics,ELE-9294,Air,SkyBridge Air Cargo,DC-South (GA),134,134.0,42.87,12,9.0,2026-01-22,2026-01-19,0.0,Delivered,True,True,5744.58,1.0
PO-2026-02530,2026-01-11,Iberia Logistics SA,EMEA,Packaging,PAC-7250,Ocean,Meridian Shipping,DC-West (CA),5502,5502.0,0.73,24,22.0,2026-02-04,2026-02-02,0.0,Delivered,True,True,4016.46,1.0
PO-2026-02531,2026-01-11,Pacific Components Co.,APAC,Electronics,ELE-3036,Ocean,Meridian Shipping,DC-West (CA),130,130.0,46.2,35,35.0,2026-02-15,2026-02-15,0.0,Delivered,True,True,6006.0,1.0
PO-2026-02532,2026-01-11,Iberia Logistics SA,EMEA,Finished Goods,FIN-2797,Ocean,BlueWave Lines,DC-Central (TX),91,91.0,90.21,24,20.0,2026-02-04,2026-01-31,0.0,Delivered,True,True,8209.11,1.0
PO-2026-02533,2026-01-11,Monterrey Assembly,LATAM,Components,COM-4704,Ground,RoadRunner Freight,DC-East (PA),639,639.0,14.07,11,9.0,2026-01-22,2026-01-20,0.0,Delivered,True,True,8990.73,1.0
PO-2026-02534,2026-01-11,Monterrey Assembly,LATAM,Finished Goods,FIN-7392,Ground,RoadRunner Freight,DC-West (CA),100,100.0,48.33,11,7.0,2026-01-22,2026-01-18,0.0,Delivered,True,True,4833.0,1.0
PO-2026-02535,2026-01-11,Bangalore ElectroTech,APAC,Electronics,ELE-2054,Air,AeroFast,DC-East (PA),99,99.0,44.1,12,9.0,2026-01-23,2026-01-20,0.0,Delivered,True,True,4365.9,1.0
PO-2026-02536,2026-01-12,Iberia Logistics SA,EMEA,Packaging,PAC-5629,Ocean,Meridian Shipping,DC-South (GA),5465,5465.0,1.49,23,21.0,2026-02-04,2026-02-02,0.0,Delivered,True,True,8142.85,1.0
PO-2026-02537,2026-01-12,Shenzhen Precision Ltd,APAC,Electronics,ELE-9349,Ocean,BlueWave Lines,DC-South (GA),123,123.0,30.67,32,23.0,2026-02-13,2026-02-04,0.0,Delivered,True,True,3772.41,1.0
PO-2026-02538,2026-01-12,Great Lakes Packaging,North America,Packaging,PAC-5441,Ground,RoadRunner Freight,DC-East (PA),5341,5341.0,1.37,6,2.0,2026-01-18,2026-01-14,0.0,Delivered,True,True,7317.17,1.0
PO-2026-02539,2026-01-13,Rhine Components GmbH,EMEA,Electronics,ELE-4144,Air,AeroFast,DC-West (CA),136,136.0,39.55,9,4.0,2026-01-22,2026-01-17,0.0,Delivered,True,True,5378.8,1.0
PO-2026-02540,2026-01-13,Monterrey Assembly,LATAM,Components,COM-8823,Ground,Continental Trucking,DC-Central (TX),607,607.0,14.0,11,7.0,2026-01-24,2026-01-20,0.0,Delivered,True,True,8498.0,1.0
PO-2026-02541,2026-01-13,Allegheny Metals,North America,Raw Materials,RAW-9272,Ground,RoadRunner Freight,DC-South (GA),2223,2223.0,9.38,7,4.0,2026-01-20,2026-01-17,0.0,Delivered,True,True,20851.74,1.0
PO-2026-02542,2026-01-13,Shenzhen Precision Ltd,APAC,Components,COM-6456,Ocean,Meridian Shipping,DC-West (CA),597,597.0,17.99,32,32.0,2026-02-14,2026-02-14,0.0,Delivered,True,True,10740.03,1.0
PO-2026-02543,2026-01-13,Iberia Logistics SA,EMEA,Packaging,PAC-4725,Ocean,Meridian Shipping,DC-West (CA),5408,5408.0,1.07,24,24.0,2026-02-06,2026-02-06,0.0,Delivered,True,True,5786.56,1.0
PO-2026-02544,2026-01-13,Great Lakes Packaging,North America,Packaging,PAC-9779,Ground,RoadRunner Freight,DC-West (CA),5431,5431.0,1.17,6,4.0,2026-01-19,2026-01-17,0.0,Delivered,True,True,6354.27,1.0
PO-2026-02545,2026-01-14,Allegheny Metals,North America,Raw Materials,RAW-4960,Ground,RoadRunner Freight,DC-West (CA),2250,2250.0,9.73,8,3.0,2026-01-22,2026-01-17,0.0,Delivered,True,True,21892.5,1.0
PO-2026-02546,2026-01-14,Shenzhen Precision Ltd,APAC,Electronics,ELE-6461,Ocean,Meridian Shipping,DC-East (PA),107,94.0,45.74,33,30.0,2026-02-16,2026-02-13,0.0,Delivered,True,False,4894.18,0.0
PO-2026-02547,2026-01-14,Allegheny Metals,North America,Raw Materials,RAW-9970,Ground,RoadRunner Freight,DC-East (PA),2231,2231.0,7.2,9,9.0,2026-01-23,2026-01-23,0.0,Delivered,True,True,16063.2,1.0
PO-2026-02548,2026-01-14,Allegheny Metals,North America,Components,COM-2268,Ground,Continental Trucking,DC-Central (TX),569,569.0,16.17,7,3.0,2026-01-21,2026-01-17,0.0,Delivered,True,True,9200.73,1.0
PO-2026-02549,2026-01-14,Allegheny Metals,North America,Raw Materials,RAW-7871,Ground,RoadRunner Freight,DC-Central (TX),2177,2177.0,7.9,5,4.0,2026-01-19,2026-01-18,0.0,Delivered,True,True,17198.3,1.0
PO-2026-02550,2026-01-14,Iberia Logistics SA,EMEA,Finished Goods,FIN-3505,Ocean,Meridian Shipping,DC-East (PA),77,77.0,109.46,25,25.0,2026-02-08,2026-02-08,0.0,Delivered,True,True,8428.42,1.0
PO-2026-02551,2026-01-14,Bangalore ElectroTech,APAC,Electronics,ELE-3372,Air,SkyBridge Air Cargo,DC-East (PA),105,105.0,53.7,11,8.0,2026-01-25,2026-01-22,0.0,Delivered,True,True,5638.5,1.0
PO-2026-02552,2026-01-14,Great Lakes Packaging,North America,Packaging,PAC-2379,Ground,RoadRunner Freight,DC-South (GA),5443,5443.0,1.1,7,5.0,2026-01-21,2026-01-19,0.0,Delivered,True,True,5987.3,1.0
PO-2026-02553,2026-01-14,Allegheny Metals,North America,Raw Materials,RAW-6790,Ground,Continental Trucking,DC-West (CA),2159,2159.0,11.93,8,2.0,2026-01-22,2026-01-16,0.0,Delivered,True,True,25756.87,1.0
PO-2026-02554,2026-01-15,Iberia Logistics SA,EMEA,Packaging,PAC-3944,Ocean,Meridian Shipping,DC-East (PA),5378,5378.0,1.34,22,19.0,2026-02-06,2026-02-03,0.0,Delivered,True,True,7206.52,1.0
PO-2026-02555,2026-01-15,Great Lakes Packaging,North America,Packaging,PAC-1377,Ground,Continental Trucking,DC-South (GA),5447,5447.0,0.99,6,7.0,2026-01-21,2026-01-22,1.0,Delivered,False,True,5392.53,0.0
PO-2026-02556,2026-01-15,Iberia Logistics SA,EMEA,Packaging,PAC-9343,Ocean,BlueWave Lines,DC-West (CA),5546,5546.0,1.59,24,17.0,2026-02-08,2026-02-01,0.0,Delivered,True,True,8818.14,1.0
PO-2026-02557,2026-01-15,Allegheny Metals,North America,Components,COM-5087,Ground,RoadRunner Freight,DC-South (GA),597,597.0,23.39,7,3.0,2026-01-22,2026-01-18,0.0,Delivered,True,True,13963.83,1.0
PO-2026-02558,2026-01-15,Rhine Components GmbH,EMEA,Components,COM-3636,Air,SkyBridge Air Cargo,DC-East (PA),580,580.0,13.03,10,8.0,2026-01-25,2026-01-23,0.0,Delivered,True,True,7557.4,1.0
PO-2026-02559,2026-01-15,Allegheny Metals,North America,Components,COM-7083,Ground,Continental Trucking,DC-Central (TX),574,574.0,15.07,6,3.0,2026-01-21,2026-01-18,0.0,Delivered,True,True,8650.18,1.0
PO-2026-02560,2026-01-15,Iberia Logistics SA,EMEA,Packaging,PAC-1389,Ocean,BlueWave Lines,DC-East (PA),5528,5528.0,0.86,24,21.0,2026-02-08,2026-02-05,0.0,Delivered,True,True,4754.08,1.0
PO-2026-02561,2026-01-15,Allegheny Metals,North America,Raw Materials,RAW-2428,Ground,RoadRunner Freight,DC-South (GA),2256,2256.0,9.4,7,4.0,2026-01-22,2026-01-19,0.0,Delivered,True,True,21206.4,1.0
PO-2026-02562,2026-01-15,Shenzhen Precision Ltd,APAC,Components,COM-8391,Ocean,Meridian Shipping,DC-East (PA),624,624.0,12.6,31,30.0,2026-02-15,2026-02-14,0.0,Delivered,True,True,7862.4,1.0
PO-2026-02563,2026-01-15,Bangalore ElectroTech,APAC,Electronics,ELE-8692,Air,AeroFast,DC-South (GA),133,133.0,24.15,12,9.0,2026-01-27,2026-01-24,0.0,Delivered,True,True,3211.95,1.0
PO-2026-02564,2026-01-15,Bangalore ElectroTech,APAC,Electronics,ELE-1596,Air,SkyBridge Air Cargo,DC-South (GA),133,133.0,35.66,12,12.0,2026-01-27,2026-01-27,0.0,Delivered,True,True,4742.78,1.0
PO-2026-02565,2026-01-16,Shenzhen Precision Ltd,APAC,Electronics,ELE-8935,Ocean,BlueWave Lines,DC-South (GA),114,114.0,60.61,33,30.0,2026-02-18,2026-02-15,0.0,Delivered,True,True,6909.54,1.0
PO-2026-02566,2026-01-16,Bangalore ElectroTech,APAC,Electronics,ELE-9159,Air,AeroFast,DC-South (GA),134,134.0,32.31,12,11.0,2026-01-28,2026-01-27,0.0,Delivered,True,True,4329.54,1.0
PO-2026-02567,2026-01-16,São Paulo Supply,LATAM,Raw Materials,RAW-7275,Ocean,Meridian Shipping,DC-Central (TX),2115,2115.0,5.35,27,24.0,2026-02-12,2026-02-09,0.0,Delivered,True,True,11315.25,1.0
PO-2026-02568,2026-01-16,Monterrey Assembly,LATAM,Components,COM-2411,Ground,RoadRunner Freight,DC-South (GA),632,632.0,12.47,11,10.0,2026-01-27,2026-01-26,0.0,Delivered,True,True,7881.04,1.0
PO-2026-02569,2026-01-16,Bangalore ElectroTech,APAC,Electronics,ELE-7898,Air,AeroFast,DC-East (PA),115,115.0,50.21,11,13.0,2026-01-27,2026-01-29,2.0,Delivered,False,True,5774.15,0.0
PO-2026-02570,2026-01-16,São Paulo Supply,LATAM,Raw Materials,RAW-6008,Ocean,Meridian Shipping,DC-South (GA),2143,1869.0,7.26,28,27.0,2026-02-13,2026-02-12,0.0,Delivered,True,False,15558.18,0.0
PO-2026-02571,2026-01-17,Monterrey Assembly,LATAM,Finished Goods,FIN-7142,Ground,Continental Trucking,DC-West (CA),96,96.0,104.73,12,12.0,2026-01-29,2026-01-29,0.0,Delivered,True,True,10054.08,1.0
PO-2026-02572,2026-01-17,Shenzhen Precision Ltd,APAC,Components,COM-8619,Ocean,BlueWave Lines,DC-Central (TX),598,598.0,17.68,33,25.0,2026-02-19,2026-02-11,0.0,Delivered,True,True,10572.64,1.0
PO-2026-02573,2026-01-17,Monterrey Assembly,LATAM,Components,COM-9598,Ground,Continental Trucking,DC-South (GA),573,573.0,21.31,10,5.0,2026-01-27,2026-01-22,0.0,Delivered,True,True,12210.63,1.0
PO-2026-02574,2026-01-17,Allegheny Metals,North America,Components,COM-4423,Ground,Continental Trucking,DC-West (CA),606,606.0,15.58,9,7.0,2026-01-26,2026-01-24,0.0,Delivered,True,True,9441.48,1.0
PO-2026-02575,2026-01-17,Pacific Components Co.,APAC,Components,COM-2285,Ocean,BlueWave Lines,DC-East (PA),608,608.0,15.01,33,36.0,2026-02-19,2026-02-22,3.0,Delivered,False,True,9126.08,0.0
PO-2026-02576,2026-01-17,Bangalore ElectroTech,APAC,Electronics,ELE-1608,Air,SkyBridge Air Cargo,DC-East (PA),101,101.0,56.15,13,11.0,2026-01-30,2026-01-28,0.0,Delivered,True,True,5671.15,1.0
PO-2026-02577,2026-01-17,Bangalore ElectroTech,APAC,Electronics,ELE-9133,Air,SkyBridge Air Cargo,DC-South (GA),121,121.0,46.95,11,11.0,2026-01-28,2026-01-28,0.0,Delivered,True,True,5680.95,1.0
PO-2026-02578,2026-01-18,Bangalore ElectroTech,APAC,Electronics,ELE-4483,Air,SkyBridge Air Cargo,DC-West (CA),115,93.0,37.5,11,11.0,2026-01-29,2026-01-29,0.0,Delivered,True,False,4312.5,0.0
PO-2026-02579,2026-01-18,Allegheny Metals,North America,Components,COM-9854,Ground,Continental Trucking,DC-South (GA),623,623.0,14.13,8,5.0,2026-01-26,2026-01-23,0.0,Delivered,True,True,8802.99,1.0
PO-2026-02580,2026-01-18,Rhine Components GmbH,EMEA,Components,COM-5631,Air,SkyBridge Air Cargo,DC-East (PA),586,586.0,14.82,10,7.0,2026-01-28,2026-01-25,0.0,Delivered,True,True,8684.52,1.0
PO-2026-02581,2026-01-18,Great Lakes Packaging,North America,Packaging,PAC-5017,Ground,Continental Trucking,DC-South (GA),5425,5425.0,1.2,6,2.0,2026-01-24,2026-01-20,0.0,Delivered,True,True,6510.0,1.0
PO-2026-02582,2026-01-18,Shenzhen Precision Ltd,APAC,Electronics,ELE-3217,Ocean,BlueWave Lines,DC-East (PA),132,109.0,41.59,32,34.0,2026-02-19,2026-02-21,2.0,Delivered,False,False,5489.88,0.0
PO-2026-02583,2026-01-18,Iberia Logistics SA,EMEA,Packaging,PAC-8182,Ocean,Meridian Shipping,DC-East (PA),5428,5428.0,1.44,26,24.0,2026-02-13,2026-02-11,0.0,Delivered,True,True,7816.32,1.0
PO-2026-02584,2026-01-18,Great Lakes Packaging,North America,Packaging,PAC-7215,Ground,Continental Trucking,DC-South (GA),5350,5350.0,1.18,6,3.0,2026-01-24,2026-01-21,0.0,Delivered,True,True,6313.0,1.0
PO-2026-02585,2026-01-18,Shenzhen Precision Ltd,APAC,Components,COM-9901,Ocean,Meridian Shipping,DC-West (CA),601,601.0,12.91,31,30.0,2026-02-18,2026-02-17,0.0,Delivered,True,True,7758.91,1.0
PO-2026-02586,2026-01-19,Bangalore ElectroTech,APAC,Electronics,ELE-4106,Air,SkyBridge Air Cargo,DC-South (GA),96,96.0,39.45,13,11.0,2026-02-01,2026-01-30,0.0,Delivered,True,True,3787.2,1.0
PO-2026-02587,2026-01-19,Rhine Components GmbH,EMEA,Electronics,ELE-5650,Air,AeroFast,DC-South (GA),115,115.0,38.09,10,6.0,2026-01-29,2026-01-25,0.0,Delivered,True,True,4380.35,1.0
PO-2026-02588,2026-01-19,Great Lakes Packaging,North America,Packaging,PAC-5466,Ground,Continental Trucking,DC-West (CA),5442,5442.0,0.59,6,2.0,2026-01-25,2026-01-21,0.0,Delivered,True,True,3210.78,1.0
PO-2026-02589,2026-01-19,Great Lakes Packaging,North America,Packaging,PAC-6342,Ground,Continental Trucking,DC-East (PA),5333,5333.0,0.81,7,5.0,2026-01-26,2026-01-24,0.0,Delivered,True,True,4319.73,1.0
PO-2026-02590,2026-01-19,Pacific Components Co.,APAC,Electronics,ELE-5491,Ocean,Meridian Shipping,DC-South (GA),116,116.0,44.07,35,37.0,2026-02-23,2026-02-25,2.0,Delivered,False,True,5112.12,0.0
PO-2026-02591,2026-01-19,Allegheny Metals,North America,Raw Materials,RAW-1251,Ground,Continental Trucking,DC-Central (TX),2129,2129.0,9.79,7,8.0,2026-01-26,2026-01-27,1.0,Delivered,False,True,20842.91,0.0
PO-2026-02592,2026-01-19,São Paulo Supply,LATAM,Raw Materials,RAW-2073,Ocean,Meridian Shipping,DC-East (PA),2208,2208.0,7.45,28,31.0,2026-02-16,2026-02-19,3.0,Delivered,False,True,16449.6,0.0
PO-2026-02593,2026-01-20,Bangalore ElectroTech,APAC,Electronics,ELE-4222,Air,AeroFast,DC-West (CA),125,125.0,47.51,11,4.0,2026-01-31,2026-01-24,0.0,Delivered,True,True,5938.75,1.0
PO-2026-02594,2026-01-20,Shenzhen Precision Ltd,APAC,Electronics,ELE-4975,Ocean,BlueWave Lines,DC-West (CA),124,124.0,49.53,31,29.0,2026-02-20,2026-02-18,0.0,Delivered,True,True,6141.72,1.0
PO-2026-02595,2026-01-20,Shenzhen Precision Ltd,APAC,Components,COM-7833,Ocean,BlueWave Lines,DC-Central (TX),572,572.0,17.86,31,29.0,2026-02-20,2026-02-18,0.0,Delivered,True,True,10215.92,1.0
PO-2026-02596,2026-01-20,Allegheny Metals,North America,Raw Materials,RAW-3736,Ground,Continental Trucking,DC-Central (TX),2179,2179.0,9.19,6,4.0,2026-01-26,2026-01-24,0.0,Delivered,True,True,20025.01,1.0
PO-2026-02597,2026-01-20,Bangalore ElectroTech,APAC,Electronics,ELE-1344,Air,SkyBridge Air Cargo,DC-Central (TX),125,125.0,33.28,12,10.0,2026-02-01,2026-01-30,0.0,Delivered,True,True,4160.0,1.0
PO-2026-02598,2026-01-20,Iberia Logistics SA,EMEA,Packaging,PAC-9720,Ocean,BlueWave Lines,DC-East (PA),5494,5494.0,1.18,23,20.0,2026-02-12,2026-02-09,0.0,Delivered,True,True,6482.92,1.0
PO-2026-02599,2026-01-20,Bangalore ElectroTech,APAC,Electronics,ELE-9228,Air,AeroFast,DC-East (PA),119,119.0,49.09,11,9.0,2026-01-31,2026-01-29,0.0,Delivered,True,True,5841.71,1.0
PO-2026-02600,2026-01-20,Great Lakes Packaging,North America,Packaging,PAC-7818,Ground,Continental Trucking,DC-South (GA),5251,5251.0,0.92,7,3.0,2026-01-27,2026-01-23,0.0,Delivered,True,True,4830.92,1.0
PO-2026-02601,2026-01-20,Shenzhen Precision Ltd,APAC,Components,COM-7145,Ocean,BlueWave Lines,DC-West (CA),562,562.0,17.23,32,31.0,2026-02-21,2026-02-20,0.0,Delivered,True,True,9683.26,1.0
PO-2026-02602,2026-01-20,Pacific Components Co.,APAC,Components,COM-3894,Ocean,BlueWave Lines,DC-South (GA),584,584.0,19.39,35,34.0,2026-02-24,2026-02-23,0.0,Delivered,True,True,11323.76,1.0
PO-2026-02603,2026-01-20,Iberia Logistics SA,EMEA,Finished Goods,FIN-1555,Ocean,BlueWave Lines,DC-Central (TX),102,102.0,83.37,23,19.0,2026-02-12,2026-02-08,0.0,Delivered,True,True,8503.74,1.0
PO-2026-02604,2026-01-21,São Paulo Supply,LATAM,Raw Materials,RAW-9465,Ocean,Meridian Shipping,DC-South (GA),2179,2179.0,5.83,26,22.0,2026-02-16,2026-02-12,0.0,Delivered,True,True,12703.57,1.0
PO-2026-02605,2026-01-21,Bangalore ElectroTech,APAC,Electronics,ELE-4213,Air,AeroFast,DC-West (CA),119,119.0,36.09,13,11.0,2026-02-03,2026-02-01,0.0,Delivered,True,True,4294.71,1.0
PO-2026-02606,2026-01-21,Rhine Components GmbH,EMEA,Components,COM-9954,Air,SkyBridge Air Cargo,DC-South (GA),577,577.0,12.3,10,9.0,2026-01-31,2026-01-30,0.0,Delivered,True,True,7097.1,1.0
PO-2026-02607,2026-01-21,Shenzhen Precision Ltd,APAC,Components,COM-6927,Ocean,Meridian Shipping,DC-South (GA),595,595.0,23.48,33,32.0,2026-02-23,2026-02-22,0.0,Delivered,True,True,13970.6,1.0
PO-2026-02608,2026-01-22,Shenzhen Precision Ltd,APAC,Components,COM-9249,Ocean,BlueWave Lines,DC-South (GA),606,606.0,18.46,31,30.0,2026-02-22,2026-02-21,0.0,Delivered,True,True,11186.76,1.0
PO-2026-02609,2026-01-22,São Paulo Supply,LATAM,Raw Materials,RAW-9500,Ocean,Meridian Shipping,DC-West (CA),2188,2188.0,8.81,29,29.0,2026-02-20,2026-02-20,0.0,Delivered,True,True,19276.28,1.0
PO-2026-02610,2026-01-22,Allegheny Metals,North America,Components,COM-4437,Ground,RoadRunner Freight,DC-East (PA),592,592.0,14.79,7,4.0,2026-01-29,2026-01-26,0.0,Delivered,True,True,8755.68,1.0
PO-2026-02611,2026-01-23,São Paulo Supply,LATAM,Finished Goods,FIN-2701,Ocean,BlueWave Lines,DC-East (PA),80,80.0,72.92,29,27.0,2026-02-21,2026-02-19,0.0,Delivered,True,True,5833.6,1.0
PO-2026-02612,2026-01-23,São Paulo Supply,LATAM,Finished Goods,FIN-2789,Ocean,BlueWave Lines,DC-South (GA),101,101.0,98.53,28,21.0,2026-02-20,2026-02-13,0.0,Delivered,True,True,9951.53,1.0
PO-2026-02613,2026-01-23,Allegheny Metals,North America,Components,COM-3902,Ground,RoadRunner Freight,DC-Central (TX),605,605.0,14.04,6,3.0,2026-01-29,2026-01-26,0.0,Delivered,True,True,8494.2,1.0
PO-2026-02614,2026-01-23,Great Lakes Packaging,North America,Packaging,PAC-4879,Ground,Continental Trucking,DC-West (CA),5439,5439.0,1.07,5,1.0,2026-01-28,2026-01-24,0.0,Delivered,True,True,5819.73,1.0
PO-2026-02615,2026-01-23,Iberia Logistics SA,EMEA,Finished Goods,FIN-7845,Ocean,BlueWave Lines,DC-West (CA),86,86.0,91.19,26,23.0,2026-02-18,2026-02-15,0.0,Delivered,True,True,7842.34,1.0
PO-2026-02616,2026-01-23,Allegheny Metals,North America,Components,COM-7791,Ground,Continental Trucking,DC-East (PA),599,599.0,14.14,8,6.0,2026-01-31,2026-01-29,0.0,Delivered,True,True,8469.86,1.0
PO-2026-02617,2026-01-23,Great Lakes Packaging,North America,Packaging,PAC-8522,Ground,Continental Trucking,DC-West (CA),5412,5412.0,0.94,5,4.0,2026-01-28,2026-01-27,0.0,Delivered,True,True,5087.28,1.0
PO-2026-02618,2026-01-23,Rhine Components GmbH,EMEA,Electronics,ELE-6390,Air,AeroFast,DC-West (CA),128,128.0,37.8,9,10.0,2026-02-01,2026-02-02,1.0,Delivered,False,True,4838.4,0.0
PO-2026-02619,2026-01-23,Bangalore ElectroTech,APAC,Electronics,ELE-1771,Air,AeroFast,DC-West (CA),123,123.0,51.4,12,10.0,2026-02-04,2026-02-02,0.0,Delivered,True,True,6322.2,1.0
PO-2026-02620,2026-01-23,Great Lakes Packaging,North America,Packaging,PAC-5391,Ground,RoadRunner Freight,DC-West (CA),5400,5400.0,1.29,5,2.0,2026-01-28,2026-01-25,0.0,Delivered,True,True,6966.0,1.0
PO-2026-02621,2026-01-24,São Paulo Supply,LATAM,Raw Materials,RAW-6620,Ocean,BlueWave Lines,DC-South (GA),2150,2150.0,8.2,29,25.0,2026-02-22,2026-02-18,0.0,Delivered,True,True,17630.0,1.0
PO-2026-02622,2026-01-24,Great Lakes Packaging,North America,Packaging,PAC-2229,Ground,RoadRunner Freight,DC-South (GA),5360,5360.0,0.86,6,2.0,2026-01-30,2026-01-26,0.0,Delivered,True,True,4609.6,1.0
PO-2026-02623,2026-01-24,Rhine Components GmbH,EMEA,Electronics,ELE-9282,Air,SkyBridge Air Cargo,DC-South (GA),104,104.0,49.01,9,7.0,2026-02-02,2026-01-31,0.0,Delivered,True,True,5097.04,1.0
PO-2026-02624,2026-01-24,Shenzhen Precision Ltd,APAC,Electronics,ELE-4604,Ocean,Meridian Shipping,DC-West (CA),115,115.0,37.47,33,30.0,2026-02-26,2026-02-23,0.0,Delivered,True,True,4309.05,1.0
PO-2026-02625,2026-01-24,Rhine Components GmbH,EMEA,Electronics,ELE-6591,Air,SkyBridge Air Cargo,DC-South (GA),124,124.0,48.69,7,6.0,2026-01-31,2026-01-30,0.0,Delivered,True,True,6037.56,1.0
PO-2026-02626,2026-01-24,Rhine Components GmbH,EMEA,Electronics,ELE-7381,Air,AeroFast,DC-Central (TX),99,99.0,40.85,9,6.0,2026-02-02,2026-01-30,0.0,Delivered,True,True,4044.15,1.0
PO-2026-02627,2026-01-24,Shenzhen Precision Ltd,APAC,Components,COM-2949,Ocean,Meridian Shipping,DC-West (CA),607,607.0,13.37,33,28.0,2026-02-26,2026-02-21,0.0,Delivered,True,True,8115.59,1.0
PO-2026-02628,2026-01-24,Great Lakes Packaging,North America,Packaging,PAC-1761,Ground,Continental Trucking,DC-Central (TX),5371,5371.0,1.39,5,2.0,2026-01-29,2026-01-26,0.0,Delivered,True,True,7465.69,1.0
PO-2026-02629,2026-01-24,Pacific Components Co.,APAC,Components,COM-2561,Ocean,Meridian Shipping,DC-East (PA),596,596.0,9.14,34,35.0,2026-02-27,2026-02-28,1.0,Delivered,False,True,5447.44,0.0
PO-2026-02630,2026-01-24,Monterrey Assembly,LATAM,Finished Goods,FIN-4640,Ground,Continental Trucking,DC-East (PA),94,94.0,78.76,10,8.0,2026-02-03,2026-02-01,0.0,Delivered,True,True,7403.44,1.0
PO-2026-02631,2026-01-24,Rhine Components GmbH,EMEA,Components,COM-8409,Air,AeroFast,DC-Central (TX),593,593.0,8.39,9,6.0,2026-02-02,2026-01-30,0.0,Delivered,True,True,4975.27,1.0
PO-2026-02632,2026-01-24,Pacific Components Co.,APAC,Electronics,ELE-4113,Ocean,BlueWave Lines,DC-West (CA),113,103.0,57.15,35,35.0,2026-02-28,2026-02-28,0.0,Delivered,True,False,6457.95,0.0
PO-2026-02633,2026-01-25,Great Lakes Packaging,North America,Packaging,PAC-9907,Ground,Continental Trucking,DC-East (PA),5305,5305.0,1.85,6,2.0,2026-01-31,2026-01-27,0.0,Delivered,True,True,9814.25,1.0
PO-2026-02634,2026-01-25,São Paulo Supply,LATAM,Raw Materials,RAW-2174,Ocean,BlueWave Lines,DC-East (PA),2135,2135.0,6.78,28,26.0,2026-02-22,2026-02-20,0.0,Delivered,True,True,14475.3,1.0
PO-2026-02635,2026-01-25,Great Lakes Packaging,North America,Packaging,PAC-5047,Ground,Continental Trucking,DC-West (CA),5428,5428.0,1.33,7,6.0,2026-02-01,2026-01-31,0.0,Delivered,True,True,7219.24,1.0
PO-2026-02636,2026-01-25,Allegheny Metals,North America,Raw Materials,RAW-2045,Ground,Continental Trucking,DC-Central (TX),2249,2249.0,9.55,7,5.0,2026-02-01,2026-01-30,0.0,Delivered,True,True,21477.95,1.0
PO-2026-02637,2026-01-25,Bangalore ElectroTech,APAC,Electronics,ELE-8389,Air,AeroFast,DC-East (PA),141,141.0,46.74,11,9.0,2026-02-05,2026-02-03,0.0,Delivered,True,True,6590.34,1.0
PO-2026-02638,2026-01-25,Bangalore ElectroTech,APAC,Electronics,ELE-5264,Air,AeroFast,DC-West (CA),127,127.0,46.8,12,11.0,2026-02-06,2026-02-05,0.0,Delivered,True,True,5943.6,1.0
PO-2026-02639,2026-01-25,Monterrey Assembly,LATAM,Finished Goods,FIN-1983,Ground,Continental Trucking,DC-West (CA),88,88.0,103.81,13,10.0,2026-02-07,2026-02-04,0.0,Delivered,True,True,9135.28,1.0
PO-2026-02640,2026-01-25,Iberia Logistics SA,EMEA,Packaging,PAC-1972,Ocean,Meridian Shipping,DC-South (GA),5341,5341.0,1.13,23,18.0,2026-02-17,2026-02-12,0.0,Delivered,True,True,6035.33,1.0
PO-2026-02641,2026-01-26,Great Lakes Packaging,North America,Packaging,PAC-5099,Ground,Continental Trucking,DC-West (CA),5399,5399.0,1.24,7,2.0,2026-02-02,2026-01-28,0.0,Delivered,True,True,6694.76,1.0
PO-2026-02642,2026-01-26,Allegheny Metals,North America,Raw Materials,RAW-8268,Ground,RoadRunner Freight,DC-South (GA),2243,2243.0,10.62,8,5.0,2026-02-03,2026-01-31,0.0,Delivered,True,True,23820.66,1.0
PO-2026-02643,2026-01-26,Iberia Logistics SA,EMEA,Packaging,PAC-7151,Ocean,BlueWave Lines,DC-East (PA),5390,5390.0,1.18,24,19.0,2026-02-19,2026-02-14,0.0,Delivered,True,True,6360.2,1.0
PO-2026-02644,2026-01-26,Shenzhen Precision Ltd,APAC,Electronics,ELE-8033,Ocean,Meridian Shipping,DC-East (PA),129,129.0,47.42,33,28.0,2026-02-28,2026-02-23,0.0,Delivered,True,True,6117.18,1.0
PO-2026-02645,2026-01-26,Rhine Components GmbH,EMEA,Components,COM-5278,Air,SkyBridge Air Cargo,DC-East (PA),614,614.0,9.96,11,10.0,2026-02-06,2026-02-05,0.0,Delivered,True,True,6115.44,1.0
PO-2026-02646,2026-01-26,Allegheny Metals,North America,Raw Materials,RAW-1782,Ground,RoadRunner Freight,DC-East (PA),2215,2215.0,5.49,9,5.0,2026-02-04,2026-01-31,0.0,Delivered,True,True,12160.35,1.0
PO-2026-02647,2026-01-26,Iberia Logistics SA,EMEA,Finished Goods,FIN-3682,Ocean,Meridian Shipping,DC-West (CA),96,96.0,36.71,23,19.0,2026-02-18,2026-02-14,0.0,Delivered,True,True,3524.16,1.0
PO-2026-02648,2026-01-27,Allegheny Metals,North America,Components,COM-4000,Ground,RoadRunner Freight,DC-East (PA),580,580.0,8.69,7,3.0,2026-02-03,2026-01-30,0.0,Delivered,True,True,5040.2,1.0
PO-2026-02649,2026-01-27,Allegheny Metals,North America,Components,COM-8338,Ground,RoadRunner Freight,DC-West (CA),612,612.0,15.31,8,3.0,2026-02-04,2026-01-30,0.0,Delivered,True,True,9369.72,1.0
PO-2026-02650,2026-01-27,São Paulo Supply,LATAM,Raw Materials,RAW-3972,Ocean,BlueWave Lines,DC-South (GA),2262,2262.0,6.63,27,28.0,2026-02-23,2026-02-24,1.0,Delivered,False,True,14997.06,0.0
PO-2026-02651,2026-01-27,Pacific Components Co.,APAC,Electronics,ELE-5140,Ocean,Meridian Shipping,DC-Central (TX),118,118.0,43.82,34,36.0,2026-03-02,2026-03-04,2.0,Delivered,False,True,5170.76,0.0
PO-2026-02652,2026-01-27,Allegheny Metals,North America,Components,COM-7771,Ground,RoadRunner Freight,DC-South (GA),586,586.0,14.2,6,1.0,2026-02-02,2026-01-28,0.0,Delivered,True,True,8321.2,1.0
PO-2026-02653,2026-01-27,Allegheny Metals,North America,Components,COM-1501,Ground,Continental Trucking,DC-Central (TX),593,593.0,14.67,7,4.0,2026-02-03,2026-01-31,0.0,Delivered,True,True,8699.31,1.0
PO-2026-02654,2026-01-27,Pacific Components Co.,APAC,Components,COM-1102,Ocean,BlueWave Lines,DC-West (CA),572,572.0,16.6,33,31.0,2026-03-01,2026-02-27,0.0,Delivered,True,True,9495.2,1.0
PO-2026-02655,2026-01-27,Great Lakes Packaging,North America,Packaging,PAC-1623,Ground,Continental Trucking,DC-West (CA),5351,5351.0,1.21,7,4.0,2026-02-03,2026-01-31,0.0,Delivered,True,True,6474.71,1.0
PO-2026-02656,2026-01-27,Allegheny Metals,North America,Components,COM-4305,Ground,RoadRunner Freight,DC-Central (TX),602,602.0,12.56,8,4.0,2026-02-04,2026-01-31,0.0,Delivered,True,True,7561.12,1.0
PO-2026-02657,2026-01-28,Bangalore ElectroTech,APAC,Electronics,ELE-9433,Air,AeroFast,DC-Central (TX),115,115.0,49.12,12,8.0,2026-02-09,2026-02-05,0.0,Delivered,True,True,5648.8,1.0
PO-2026-02658,2026-01-28,Monterrey Assembly,LATAM,Finished Goods,FIN-5305,Ground,RoadRunner Freight,DC-West (CA),86,86.0,81.52,13,9.0,2026-02-10,2026-02-06,0.0,Delivered,True,True,7010.72,1.0
PO-2026-02659,2026-01-28,Great Lakes Packaging,North America,Packaging,PAC-5767,Ground,RoadRunner Freight,DC-East (PA),5485,5485.0,1.06,7,2.0,2026-02-04,2026-01-30,0.0,Delivered,True,True,5814.1,1.0
PO-2026-02660,2026-01-28,Monterrey Assembly,LATAM,Components,COM-9692,Ground,Continental Trucking,DC-South (GA),611,494.0,10.94,11,9.0,2026-02-08,2026-02-06,0.0,Delivered,True,False,6684.34,0.0
PO-2026-02661,2026-01-28,Pacific Components Co.,APAC,Components,COM-2737,Ocean,Meridian Shipping,DC-East (PA),614,614.0,14.9,34,42.0,2026-03-03,2026-03-11,8.0,Delivered,False,True,9148.6,0.0
PO-2026-02662,2026-01-28,Shenzhen Precision Ltd,APAC,Components,COM-4567,Ocean,BlueWave Lines,DC-East (PA),611,611.0,10.77,33,31.0,2026-03-02,2026-02-28,0.0,Delivered,True,True,6580.47,1.0
PO-2026-02663,2026-01-29,São Paulo Supply,LATAM,Raw Materials,RAW-4068,Ocean,BlueWave Lines,DC-Central (TX),2230,2114.0,11.06,27,23.0,2026-02-25,2026-02-21,0.0,Delivered,True,False,24663.8,0.0
PO-2026-02664,2026-01-29,Shenzhen Precision Ltd,APAC,Components,COM-5967,Ocean,BlueWave Lines,DC-East (PA),581,581.0,13.59,31,27.0,2026-03-01,2026-02-25,0.0,Delivered,True,True,7895.79,1.0
PO-2026-02665,2026-01-29,Monterrey Assembly,LATAM,Finished Goods,FIN-2533,Ground,Continental Trucking,DC-Central (TX),94,89.0,48.25,12,12.0,2026-02-10,2026-02-10,0.0,Delivered,True,False,4535.5,0.0
PO-2026-02666,2026-01-29,Bangalore ElectroTech,APAC,Electronics,ELE-1406,Air,AeroFast,DC-East (PA),142,142.0,39.78,11,10.0,2026-02-09,2026-02-08,0.0,Delivered,True,True,5648.76,1.0
PO-2026-02667,2026-01-29,Monterrey Assembly,LATAM,Finished Goods,FIN-8912,Ground,RoadRunner Freight,DC-East (PA),101,101.0,96.77,11,7.0,2026-02-09,2026-02-05,0.0,Delivered,True,True,9773.77,1.0
PO-2026-02668,2026-01-29,Pacific Components Co.,APAC,Electronics,ELE-6959,Ocean,BlueWave Lines,DC-Central (TX),119,119.0,43.73,34,37.0,2026-03-04,2026-03-07,3.0,Delivered,False,True,5203.87,0.0
PO-2026-02669,2026-01-29,Monterrey Assembly,LATAM,Components,COM-4206,Ground,RoadRunner Freight,DC-East (PA),601,601.0,16.5,9,4.0,2026-02-07,2026-02-02,0.0,Delivered,True,True,9916.5,1.0
PO-2026-02670,2026-01-29,Rhine Components GmbH,EMEA,Components,COM-4235,Air,SkyBridge Air Cargo,DC-South (GA),562,562.0,15.31,8,2.0,2026-02-06,2026-01-31,0.0,Delivered,True,True,8604.22,1.0
PO-2026-02671,2026-01-29,Pacific Components Co.,APAC,Electronics,ELE-5489,Ocean,Meridian Shipping,DC-East (PA),124,116.0,32.13,34,35.0,2026-03-04,2026-03-05,1.0,Delivered,False,False,3984.12,0.0
PO-2026-02672,2026-01-29,Bangalore ElectroTech,APAC,Electronics,ELE-7819,Air,AeroFast,DC-East (PA),108,108.0,44.78,13,11.0,2026-02-11,2026-02-09,0.0,Delivered,True,True,4836.24,1.0
PO-2026-02673,2026-01-30,Great Lakes Packaging,North America,Packaging,PAC-1490,Ground,Continental Trucking,DC-West (CA),5463,5463.0,0.94,6,3.0,2026-02-05,2026-02-02,0.0,Delivered,True,True,5135.22,1.0
PO-2026-02674,2026-01-30,Allegheny Metals,North America,Components,COM-9297,Ground,Continental Trucking,DC-Central (TX),578,578.0,15.18,7,6.0,2026-02-06,2026-02-05,0.0,Delivered,True,True,8774.04,1.0
PO-2026-02675,2026-01-30,São Paulo Supply,LATAM,Raw Materials,RAW-7153,Ocean,Meridian Shipping,DC-South (GA),2243,2243.0,7.73,28,26.0,2026-02-27,2026-02-25,0.0,Delivered,True,True,17338.39,1.0
PO-2026-02676,2026-01-30,São Paulo Supply,LATAM,Raw Materials,RAW-3472,Ocean,Meridian Shipping,DC-Central (TX),2218,2218.0,10.76,28,23.0,2026-02-27,2026-02-22,0.0,Delivered,True,True,23865.68,1.0
PO-2026-02677,2026-01-30,Bangalore ElectroTech,APAC,Electronics,ELE-6466,Air,SkyBridge Air Cargo,DC-East (PA),117,117.0,41.69,15,13.0,2026-02-14,2026-02-12,0.0,Delivered,True,True,4877.73,1.0
PO-2026-02678,2026-01-30,Allegheny Metals,North America,Components,COM-7586,Ground,RoadRunner Freight,DC-West (CA),593,593.0,11.16,7,3.0,2026-02-06,2026-02-02,0.0,Delivered,True,True,6617.88,1.0
PO-2026-02679,2026-01-30,Iberia Logistics SA,EMEA,Packaging,PAC-5554,Ocean,Meridian Shipping,DC-South (GA),5497,5497.0,1.44,25,20.0,2026-02-24,2026-02-19,0.0,Delivered,True,True,7915.68,1.0
PO-2026-02680,2026-01-30,Great Lakes Packaging,North America,Packaging,PAC-9793,Ground,Continental Trucking,DC-South (GA),5439,5439.0,1.67,5,1.0,2026-02-04,2026-01-31,0.0,Delivered,True,True,9083.13,1.0
PO-2026-02681,2026-01-30,Rhine Components GmbH,EMEA,Electronics,ELE-4618,Air,AeroFast,DC-West (CA),122,122.0,45.65,11,6.0,2026-02-10,2026-02-05,0.0,Delivered,True,True,5569.3,1.0
PO-2026-02682,2026-01-30,Iberia Logistics SA,EMEA,Finished Goods,FIN-9386,Ocean,BlueWave Lines,DC-West (CA),95,95.0,81.78,24,17.0,2026-02-23,2026-02-16,0.0,Delivered,True,True,7769.1,1.0
PO-2026-02683,2026-01-31,Iberia Logistics SA,EMEA,Finished Goods,FIN-4572,Ocean,Meridian Shipping,DC-West (CA),80,80.0,90.64,24,24.0,2026-02-24,2026-02-24,0.0,Delivered,True,True,7251.2,1.0
PO-2026-02684,2026-01-31,São Paulo Supply,LATAM,Finished Goods,FIN-3849,Ocean,BlueWave Lines,DC-West (CA),88,88.0,84.76,27,31.0,2026-02-27,2026-03-03,4.0,Delivered,False,True,7458.88,0.0
PO-2026-02685,2026-01-31,Bangalore ElectroTech,APAC,Electronics,ELE-5963,Air,AeroFast,DC-East (PA),122,122.0,47.52,12,9.0,2026-02-12,2026-02-09,0.0,Delivered,True,True,5797.44,1.0
PO-2026-02686,2026-01-31,Shenzhen Precision Ltd,APAC,Electronics,ELE-3782,Ocean,Meridian Shipping,DC-West (CA),121,121.0,38.16,32,27.0,2026-03-04,2026-02-27,0.0,Delivered,True,True,4617.36,1.0
PO-2026-02687,2026-01-31,Pacific Components Co.,APAC,Components,COM-7776,Ocean,Meridian Shipping,DC-Central (TX),610,610.0,15.74,33,32.0,2026-03-05,2026-03-04,0.0,Delivered,True,True,9601.4,1.0
PO-2026-02688,2026-01-31,Monterrey Assembly,LATAM,Components,COM-5319,Ground,Continental Trucking,DC-Central (TX),547,547.0,18.97,11,11.0,2026-02-11,2026-02-11,0.0,Delivered,True,True,10376.59,1.0
PO-2026-02689,2026-01-31,São Paulo Supply,LATAM,Finished Goods,FIN-6952,Ocean,BlueWave Lines,DC-West (CA),82,82.0,84.18,26,23.0,2026-02-26,2026-02-23,0.0,Delivered,True,True,6902.76,1.0
PO-2026-02690,2026-01-31,Bangalore ElectroTech,APAC,Electronics,ELE-4223,Air,AeroFast,DC-East (PA),122,122.0,40.0,12,9.0,2026-02-12,2026-02-09,0.0,Delivered,True,True,4880.0,1.0
PO-2026-02691,2026-01-31,Bangalore ElectroTech,APAC,Electronics,ELE-9538,Air,SkyBridge Air Cargo,DC-South (GA),118,118.0,41.71,12,7.0,2026-02-12,2026-02-07,0.0,Delivered,True,True,4921.78,1.0
PO-2026-02692,2026-01-31,São Paulo Supply,LATAM,Finished Goods,FIN-1521,Ocean,BlueWave Lines,DC-West (CA),83,83.0,63.86,27,22.0,2026-02-27,2026-02-22,0.0,Delivered,True,True,5300.38,1.0
PO-2026-02693,2026-01-31,São Paulo Supply,LATAM,Raw Materials,RAW-1855,Ocean,BlueWave Lines,DC-Central (TX),2196,2196.0,11.05,29,24.0,2026-03-01,2026-02-24,0.0,Delivered,True,True,24265.8,1.0
PO-2026-02694,2026-02-01,Great Lakes Packaging,North America,Packaging,PAC-9599,Ground,Continental Trucking,DC-West (CA),5204,5204.0,1.15,6,4.0,2026-02-07,2026-02-05,0.0,Delivered,True,True,5984.6,1.0
PO-2026-02695,2026-02-01,Rhine Components GmbH,EMEA,Components,COM-6290,Air,AeroFast,DC-East (PA),583,583.0,13.11,8,4.0,2026-02-09,2026-02-05,0.0,Delivered,True,True,7643.13,1.0
PO-2026-02696,2026-02-01,Bangalore ElectroTech,APAC,Electronics,ELE-4976,Air,AeroFast,DC-East (PA),142,142.0,51.2,12,8.0,2026-02-13,2026-02-09,0.0,Delivered,True,True,7270.4,1.0
PO-2026-02697,2026-02-01,Bangalore ElectroTech,APAC,Electronics,ELE-3456,Air,SkyBridge Air Cargo,DC-West (CA),107,107.0,45.08,11,9.0,2026-02-12,2026-02-10,0.0,Delivered,True,True,4823.56,1.0
PO-2026-02698,2026-02-01,Shenzhen Precision Ltd,APAC,Components,COM-7567,Ocean,BlueWave Lines,DC-West (CA),566,566.0,11.38,31,29.0,2026-03-04,2026-03-02,0.0,Delivered,True,True,6441.08,1.0
PO-2026-02699,2026-02-01,Bangalore ElectroTech,APAC,Electronics,ELE-7728,Air,SkyBridge Air Cargo,DC-Central (TX),129,129.0,35.78,11,4.0,2026-02-12,2026-02-05,0.0,Delivered,True,True,4615.62,1.0
PO-2026-02700,2026-02-01,Bangalore ElectroTech,APAC,Electronics,ELE-4744,Air,SkyBridge Air Cargo,DC-Central (TX),122,122.0,21.63,13,14.0,2026-02-14,2026-02-15,1.0,Delivered,False,True,2638.86,0.0
PO-2026-02701,2026-02-01,Monterrey Assembly,LATAM,Finished Goods,FIN-5643,Ground,RoadRunner Freight,DC-South (GA),85,85.0,107.53,10,8.0,2026-02-11,2026-02-09,0.0,Delivered,True,True,9140.05,1.0
PO-2026-02702,2026-02-01,Allegheny Metals,North America,Raw Materials,RAW-4583,Ground,RoadRunner Freight,DC-South (GA),2186,2186.0,6.16,7,6.0,2026-02-08,2026-02-07,0.0,Delivered,True,True,13465.76,1.0
PO-2026-02703,2026-02-01,Monterrey Assembly,LATAM,Components,COM-6440,Ground,RoadRunner Freight,DC-Central (TX),573,573.0,8.37,12,10.0,2026-02-13,2026-02-11,0.0,Delivered,True,True,4796.01,1.0
PO-2026-02704,2026-02-01,Shenzhen Precision Ltd,APAC,Electronics,ELE-7401,Ocean,BlueWave Lines,DC-East (PA),130,130.0,47.39,32,32.0,2026-03-05,2026-03-05,0.0,Delivered,True,True,6160.7,1.0
PO-2026-02705,2026-02-01,Monterrey Assembly,LATAM,Finished Goods,FIN-8421,Ground,RoadRunner Freight,DC-Central (TX),91,91.0,58.93,11,6.0,2026-02-12,2026-02-07,0.0,Delivered,True,True,5362.63,1.0
PO-2026-02706,2026-02-01,Allegheny Metals,North America,Raw Materials,RAW-8914,Ground,RoadRunner Freight,DC-South (GA),2221,2221.0,4.59,5,1.0,2026-02-06,2026-02-02,0.0,Delivered,True,True,10194.39,1.0
PO-2026-02707,2026-02-02,Shenzhen Precision Ltd,APAC,Components,COM-3904,Ocean,BlueWave Lines,DC-West (CA),600,583.0,11.42,32,29.0,2026-03-06,2026-03-03,0.0,Delivered,True,False,6852.0,0.0
PO-2026-02708,2026-02-02,Rhine Components GmbH,EMEA,Electronics,ELE-1420,Air,AeroFast,DC-West (CA),105,105.0,33.8,8,5.0,2026-02-10,2026-02-07,0.0,Delivered,True,True,3549.0,1.0
PO-2026-02709,2026-02-02,Monterrey Assembly,LATAM,Components,COM-2516,Ground,Continental Trucking,DC-Central (TX),599,599.0,11.75,10,10.0,2026-02-12,2026-02-12,0.0,Delivered,True,True,7038.25,1.0
PO-2026-02710,2026-02-02,Monterrey Assembly,LATAM,Finished Goods,FIN-9298,Ground,RoadRunner Freight,DC-South (GA),94,94.0,86.61,11,10.0,2026-02-13,2026-02-12,0.0,Delivered,True,True,8141.34,1.0
PO-2026-02711,2026-02-02,Great Lakes Packaging,North America,Packaging,PAC-1489,Ground,RoadRunner Freight,DC-Central (TX),5370,5370.0,1.28,4,1.0,2026-02-06,2026-02-03,0.0,Delivered,True,True,6873.6,1.0
PO-2026-02712,2026-02-02,Great Lakes Packaging,North America,Packaging,PAC-4546,Ground,RoadRunner Freight,DC-South (GA),5233,5233.0,1.41,8,5.0,2026-02-10,2026-02-07,0.0,Delivered,True,True,7378.53,1.0
PO-2026-02713,2026-02-02,Iberia Logistics SA,EMEA,Finished Goods,FIN-5029,Ocean,BlueWave Lines,DC-East (PA),96,96.0,72.18,24,18.0,2026-02-26,2026-02-20,0.0,Delivered,True,True,6929.28,1.0
PO-2026-02714,2026-02-02,Allegheny Metals,North America,Raw Materials,RAW-3061,Ground,Continental Trucking,DC-Central (TX),2261,2261.0,9.57,6,1.0,2026-02-08,2026-02-03,0.0,Delivered,True,True,21637.77,1.0
PO-2026-02715,2026-02-03,Shenzhen Precision Ltd,APAC,Components,COM-1967,Ocean,Meridian Shipping,DC-East (PA),591,591.0,12.35,32,38.0,2026-03-07,2026-03-13,6.0,Delivered,False,True,7298.85,0.0
PO-2026-02716,2026-02-03,Rhine Components GmbH,EMEA,Components,COM-2219,Air,SkyBridge Air Cargo,DC-Central (TX),612,612.0,21.73,9,5.0,2026-02-12,2026-02-08,0.0,Delivered,True,True,13298.76,1.0
PO-2026-02717,2026-02-03,São Paulo Supply,LATAM,Finished Goods,FIN-7701,Ocean,BlueWave Lines,DC-Central (TX),78,78.0,81.59,27,18.0,2026-03-02,2026-02-21,0.0,Delivered,True,True,6364.02,1.0
PO-2026-02718,2026-02-03,Pacific Components Co.,APAC,Electronics,ELE-9674,Ocean,BlueWave Lines,DC-South (GA),141,141.0,60.27,35,40.0,2026-03-10,2026-03-15,5.0,Delivered,False,True,8498.07,0.0
PO-2026-02719,2026-02-03,Pacific Components Co.,APAC,Components,COM-6228,Ocean,Meridian Shipping,DC-South (GA),637,637.0,15.66,34,37.0,2026-03-09,2026-03-12,3.0,Delivered,False,True,9975.42,0.0
PO-2026-02720,2026-02-03,Shenzhen Precision Ltd,APAC,Components,COM-4229,Ocean,Meridian Shipping,DC-Central (TX),607,607.0,14.58,34,27.0,2026-03-09,2026-03-02,0.0,Delivered,True,True,8850.06,1.0
PO-2026-02721,2026-02-03,Rhine Components GmbH,EMEA,Electronics,ELE-6092,Air,AeroFast,DC-East (PA),148,148.0,42.12,11,11.0,2026-02-14,2026-02-14,0.0,Delivered,True,True,6233.76,1.0
PO-2026-02722,2026-02-04,Shenzhen Precision Ltd,APAC,Electronics,ELE-4365,Ocean,Meridian Shipping,DC-East (PA),135,135.0,35.93,32,29.0,2026-03-08,2026-03-05,0.0,Delivered,True,True,4850.55,1.0
PO-2026-02723,2026-02-04,Allegheny Metals,North America,Components,COM-5719,Ground,Continental Trucking,DC-West (CA),572,572.0,14.56,8,7.0,2026-02-12,2026-02-11,0.0,Delivered,True,True,8328.32,1.0
PO-2026-02724,2026-02-04,Shenzhen Precision Ltd,APAC,Components,COM-6351,Ocean,Meridian Shipping,DC-Central (TX),567,567.0,24.69,32,29.0,2026-03-08,2026-03-05,0.0,Delivered,True,True,13999.23,1.0
PO-2026-02725,2026-02-04,Rhine Components GmbH,EMEA,Components,COM-2581,Air,SkyBridge Air Cargo,DC-West (CA),592,592.0,8.19,8,5.0,2026-02-12,2026-02-09,0.0,Delivered,True,True,4848.48,1.0
PO-2026-02726,2026-02-05,Monterrey Assembly,LATAM,Components,COM-5181,Ground,RoadRunner Freight,DC-West (CA),623,623.0,14.02,10,5.0,2026-02-15,2026-02-10,0.0,Delivered,True,True,8734.46,1.0
PO-2026-02727,2026-02-05,São Paulo Supply,LATAM,Finished Goods,FIN-7753,Ocean,Meridian Shipping,DC-South (GA),100,90.0,49.5,29,28.0,2026-03-06,2026-03-05,0.0,Delivered,True,False,4950.0,0.0
PO-2026-02728,2026-02-05,Pacific Components Co.,APAC,Components,COM-9915,Ocean,Meridian Shipping,DC-South (GA),596,512.0,14.06,33,36.0,2026-03-10,2026-03-13,3.0,Delivered,False,False,8379.76,0.0
PO-2026-02729,2026-02-05,Allegheny Metals,North America,Components,COM-9389,Ground,RoadRunner Freight,DC-West (CA),574,574.0,16.28,7,3.0,2026-02-12,2026-02-08,0.0,Delivered,True,True,9344.72,1.0
PO-2026-02730,2026-02-05,Great Lakes Packaging,North America,Packaging,PAC-6388,Ground,Continental Trucking,DC-Central (TX),5349,5349.0,0.87,6,1.0,2026-02-11,2026-02-06,0.0,Delivered,True,True,4653.63,1.0
PO-2026-02731,2026-02-05,Iberia Logistics SA,EMEA,Packaging,PAC-3127,Ocean,Meridian Shipping,DC-South (GA),5414,5414.0,1.63,24,29.0,2026-03-01,2026-03-06,5.0,Delivered,False,True,8824.82,0.0
PO-2026-02732,2026-02-05,Allegheny Metals,North America,Raw Materials,RAW-7569,Ground,RoadRunner Freight,DC-South (GA),2194,2194.0,10.15,6,3.0,2026-02-11,2026-02-08,0.0,Delivered,True,True,22269.1,1.0
PO-2026-02733,2026-02-05,Iberia Logistics SA,EMEA,Finished Goods,FIN-5859,Ocean,Meridian Shipping,DC-West (CA),82,82.0,78.64,24,20.0,2026-03-01,2026-02-25,0.0,Delivered,True,True,6448.48,1.0
PO-2026-02734,2026-02-05,Shenzhen Precision Ltd,APAC,Components,COM-9669,Ocean,Meridian Shipping,DC-South (GA),583,583.0,15.16,32,34.0,2026-03-09,2026-03-11,2.0,Delivered,False,True,8838.28,0.0
PO-2026-02735,2026-02-05,Iberia Logistics SA,EMEA,Finished Goods,FIN-3759,Ocean,BlueWave Lines,DC-South (GA),94,94.0,83.84,25,20.0,2026-03-02,2026-02-25,0.0,Delivered,True,True,7880.96,1.0
PO-2026-02736,2026-02-06,Rhine Components GmbH,EMEA,Components,COM-3958,Air,SkyBridge Air Cargo,DC-Central (TX),597,597.0,8.67,9,8.0,2026-02-15,2026-02-14,0.0,Delivered,True,True,5175.99,1.0
PO-2026-02737,2026-02-06,Rhine Components GmbH,EMEA,Components,COM-8956,Air,SkyBridge Air Cargo,DC-East (PA),558,558.0,10.94,8,5.0,2026-02-14,2026-02-11,0.0,Delivered,True,True,6104.52,1.0
PO-2026-02738,2026-02-06,Pacific Components Co.,APAC,Components,COM-4250,Ocean,Meridian Shipping,DC-East (PA),602,602.0,13.24,35,36.0,2026-03-13,2026-03-14,1.0,Delivered,False,True,7970.48,0.0
PO-2026-02739,2026-02-06,Rhine Components GmbH,EMEA,Electronics,ELE-9407,Air,SkyBridge Air Cargo,DC-Central (TX),117,117.0,43.76,9,8.0,2026-02-15,2026-02-14,0.0,Delivered,True,True,5119.92,1.0
PO-2026-02740,2026-02-06,Pacific Components Co.,APAC,Components,COM-7311,Ocean,Meridian Shipping,DC-South (GA),623,623.0,7.85,33,38.0,2026-03-11,2026-03-16,5.0,Delivered,False,True,4890.55,0.0
PO-2026-02741,2026-02-06,Rhine Components GmbH,EMEA,Components,COM-1407,Air,SkyBridge Air Cargo,DC-South (GA),627,627.0,16.39,8,3.0,2026-02-14,2026-02-09,0.0,Delivered,True,True,10276.53,1.0
PO-2026-02742,2026-02-06,Rhine Components GmbH,EMEA,Components,COM-3886,Air,SkyBridge Air Cargo,DC-East (PA),629,629.0,14.44,9,8.0,2026-02-15,2026-02-14,0.0,Delivered,True,True,9082.76,1.0
PO-2026-02743,2026-02-06,Monterrey Assembly,LATAM,Finished Goods,FIN-1632,Ground,Continental Trucking,DC-South (GA),80,80.0,67.16,11,12.0,2026-02-17,2026-02-18,1.0,Delivered,False,True,5372.8,0.0
PO-2026-02744,2026-02-06,Bangalore ElectroTech,APAC,Electronics,ELE-3539,Air,SkyBridge Air Cargo,DC-South (GA),113,113.0,51.16,12,11.0,2026-02-18,2026-02-17,0.0,Delivered,True,True,5781.08,1.0
PO-2026-02745,2026-02-07,Iberia Logistics SA,EMEA,Finished Goods,FIN-8032,Ocean,Meridian Shipping,DC-South (GA),96,96.0,57.56,24,19.0,2026-03-03,2026-02-26,0.0,Delivered,True,True,5525.76,1.0
PO-2026-02746,2026-02-07,Bangalore ElectroTech,APAC,Electronics,ELE-3892,Air,AeroFast,DC-West (CA),116,116.0,46.03,11,8.0,2026-02-18,2026-02-15,0.0,Delivered,True,True,5339.48,1.0
PO-2026-02747,2026-02-07,São Paulo Supply,LATAM,Raw Materials,RAW-9062,Ocean,Meridian Shipping,DC-West (CA),2252,2252.0,11.86,28,28.0,2026-03-07,2026-03-07,0.0,Delivered,True,True,26708.72,1.0
PO-2026-02748,2026-02-07,Rhine Components GmbH,EMEA,Components,COM-6191,Air,SkyBridge Air Cargo,DC-East (PA),603,603.0,14.06,10,8.0,2026-02-17,2026-02-15,0.0,Delivered,True,True,8478.18,1.0
PO-2026-02749,2026-02-07,Iberia Logistics SA,EMEA,Finished Goods,FIN-1871,Ocean,Meridian Shipping,DC-South (GA),109,109.0,60.92,21,18.0,2026-02-28,2026-02-25,0.0,Delivered,True,True,6640.28,1.0
PO-2026-02750,2026-02-08,Monterrey Assembly,LATAM,Components,COM-4692,Ground,Continental Trucking,DC-East (PA),619,619.0,6.66,11,9.0,2026-02-19,2026-02-17,0.0,Delivered,True,True,4122.54,1.0
PO-2026-02751,2026-02-08,Bangalore ElectroTech,APAC,Electronics,ELE-5596,Air,SkyBridge Air Cargo,DC-Central (TX),104,104.0,37.35,12,11.0,2026-02-20,2026-02-19,0.0,Delivered,True,True,3884.4,1.0
PO-2026-02752,2026-02-08,Allegheny Metals,North America,Components,COM-1047,Ground,RoadRunner Freight,DC-East (PA),602,602.0,4.67,6,1.0,2026-02-14,2026-02-09,0.0,Delivered,True,True,2811.34,1.0
PO-2026-02753,2026-02-08,Monterrey Assembly,LATAM,Finished Goods,FIN-9703,Ground,RoadRunner Freight,DC-West (CA),101,101.0,74.68,14,12.0,2026-02-22,2026-02-20,0.0,Delivered,True,True,7542.68,1.0
PO-2026-02754,2026-02-08,São Paulo Supply,LATAM,Finished Goods,FIN-7175,Ocean,BlueWave Lines,DC-East (PA),88,81.0,59.16,27,19.0,2026-03-07,2026-02-27,0.0,Delivered,True,False,5206.08,0.0
PO-2026-02755,2026-02-08,Allegheny Metals,North America,Raw Materials,RAW-8873,Ground,RoadRunner Freight,DC-Central (TX),2176,2176.0,8.84,10,9.0,2026-02-18,2026-02-17,0.0,Delivered,True,True,19235.84,1.0
PO-2026-02756,2026-02-08,Monterrey Assembly,LATAM,Components,COM-9250,Ground,Continental Trucking,DC-West (CA),604,604.0,7.69,9,6.0,2026-02-17,2026-02-14,0.0,Delivered,True,True,4644.76,1.0
PO-2026-02757,2026-02-08,Shenzhen Precision Ltd,APAC,Electronics,ELE-7145,Ocean,BlueWave Lines,DC-East (PA),129,129.0,40.77,31,30.0,2026-03-11,2026-03-10,0.0,Delivered,True,True,5259.33,1.0
PO-2026-02758,2026-02-08,São Paulo Supply,LATAM,Finished Goods,FIN-2290,Ocean,Meridian Shipping,DC-West (CA),89,89.0,71.5,29,25.0,2026-03-09,2026-03-05,0.0,Delivered,True,True,6363.5,1.0
PO-2026-02759,2026-02-08,Iberia Logistics SA,EMEA,Finished Goods,FIN-9659,Ocean,Meridian Shipping,DC-East (PA),79,79.0,55.37,25,24.0,2026-03-05,2026-03-04,0.0,Delivered,True,True,4374.23,1.0
PO-2026-02760,2026-02-08,Great Lakes Packaging,North America,Packaging,PAC-4151,Ground,Continental Trucking,DC-West (CA),5536,5536.0,0.56,6,1.0,2026-02-14,2026-02-09,0.0,Delivered,True,True,3100.16,1.0
PO-2026-02761,2026-02-09,Iberia Logistics SA,EMEA,Packaging,PAC-2878,Ocean,Meridian Shipping,DC-South (GA),5319,5319.0,0.94,24,21.0,2026-03-05,2026-03-02,0.0,Delivered,True,True,4999.86,1.0
PO-2026-02762,2026-02-09,Monterrey Assembly,LATAM,Components,COM-7496,Ground,Continental Trucking,DC-South (GA),590,590.0,16.52,12,9.0,2026-02-21,2026-02-18,0.0,Delivered,True,True,9746.8,1.0
PO-2026-02763,2026-02-09,Rhine Components GmbH,EMEA,Components,COM-7547,Air,AeroFast,DC-South (GA),595,595.0,14.94,8,5.0,2026-02-17,2026-02-14,0.0,Delivered,True,True,8889.3,1.0
PO-2026-02764,2026-02-09,Rhine Components GmbH,EMEA,Components,COM-3561,Air,AeroFast,DC-West (CA),642,642.0,15.79,10,9.0,2026-02-19,2026-02-18,0.0,Delivered,True,True,10137.18,1.0
PO-2026-02765,2026-02-09,Allegheny Metals,North America,Raw Materials,RAW-1509,Ground,RoadRunner Freight,DC-West (CA),2273,2273.0,5.83,6,3.0,2026-02-15,2026-02-12,0.0,Delivered,True,True,13251.59,1.0
PO-2026-02766,2026-02-09,Iberia Logistics SA,EMEA,Finished Goods,FIN-5813,Ocean,Meridian Shipping,DC-West (CA),105,105.0,68.64,23,15.0,2026-03-04,2026-02-24,0.0,Delivered,True,True,7207.2,1.0
PO-2026-02767,2026-02-09,Pacific Components Co.,APAC,Electronics,ELE-2377,Ocean,BlueWave Lines,DC-West (CA),127,127.0,44.12,34,36.0,2026-03-15,2026-03-17,2.0,Delivered,False,True,5603.24,0.0
PO-2026-02768,2026-02-09,Great Lakes Packaging,North America,Packaging,PAC-1207,Ground,Continental Trucking,DC-South (GA),5403,5403.0,1.5,8,4.0,2026-02-17,2026-02-13,0.0,Delivered,True,True,8104.5,1.0
PO-2026-02769,2026-02-09,São Paulo Supply,LATAM,Finished Goods,FIN-8588,Ocean,Meridian Shipping,DC-Central (TX),100,100.0,77.5,27,24.0,2026-03-08,2026-03-05,0.0,Delivered,True,True,7750.0,1.0
PO-2026-02770,2026-02-09,Pacific Components Co.,APAC,Electronics,ELE-1941,Ocean,BlueWave Lines,DC-East (PA),122,122.0,46.32,34,34.0,2026-03-15,2026-03-15,0.0,Delivered,True,True,5651.04,1.0
PO-2026-02771,2026-02-09,Great Lakes Packaging,North America,Packaging,PAC-1344,Ground,RoadRunner Freight,DC-West (CA),5391,5391.0,1.4,5,1.0,2026-02-14,2026-02-10,0.0,Delivered,True,True,7547.4,1.0
PO-2026-02772,2026-02-10,Allegheny Metals,North America,Raw Materials,RAW-5311,Ground,RoadRunner Freight,DC-West (CA),2218,2218.0,8.19,7,3.0,2026-02-17,2026-02-13,0.0,Delivered,True,True,18165.42,1.0
PO-2026-02773,2026-02-10,Monterrey Assembly,LATAM,Finished Goods,FIN-5958,Ground,Continental Trucking,DC-West (CA),96,96.0,85.36,10,8.0,2026-02-20,2026-02-18,0.0,Delivered,True,True,8194.56,1.0
PO-2026-02774,2026-02-10,Monterrey Assembly,LATAM,Components,COM-7694,Ground,RoadRunner Freight,DC-Central (TX),626,626.0,15.43,12,10.0,2026-02-22,2026-02-20,0.0,Delivered,True,True,9659.18,1.0
PO-2026-02775,2026-02-10,Great Lakes Packaging,North America,Packaging,PAC-3158,Ground,RoadRunner Freight,DC-Central (TX),5511,5511.0,1.16,6,4.0,2026-02-16,2026-02-14,0.0,Delivered,True,True,6392.76,1.0
PO-2026-02776,2026-02-10,Iberia Logistics SA,EMEA,Finished Goods,FIN-7426,Ocean,Meridian Shipping,DC-South (GA),100,100.0,96.18,26,25.0,2026-03-08,2026-03-07,0.0,Delivered,True,True,9618.0,1.0
PO-2026-02777,2026-02-10,Pacific Components Co.,APAC,Electronics,ELE-1708,Ocean,Meridian Shipping,DC-East (PA),111,111.0,40.67,33,39.0,2026-03-15,2026-03-21,6.0,Delivered,False,True,4514.37,0.0
PO-2026-02778,2026-02-10,Rhine Components GmbH,EMEA,Electronics,ELE-6538,Air,AeroFast,DC-South (GA),135,135.0,50.6,8,5.0,2026-02-18,2026-02-15,0.0,Delivered,True,True,6831.0,1.0
PO-2026-02779,2026-02-10,São Paulo Supply,LATAM,Finished Goods,FIN-8507,Ocean,Meridian Shipping,DC-South (GA),92,92.0,80.0,28,25.0,2026-03-10,2026-03-07,0.0,Delivered,True,True,7360.0,1.0
PO-2026-02780,2026-02-10,Iberia Logistics SA,EMEA,Finished Goods,FIN-3134,Ocean,BlueWave Lines,DC-South (GA),98,98.0,77.49,25,24.0,2026-03-07,2026-03-06,0.0,Delivered,True,True,7594.02,1.0
PO-2026-02781,2026-02-10,Iberia Logistics SA,EMEA,Finished Goods,FIN-4038,Ocean,Meridian Shipping,DC-West (CA),94,94.0,92.2,23,12.0,2026-03-05,2026-02-22,0.0,Delivered,True,True,8666.8,1.0
PO-2026-02782,2026-02-10,Great Lakes Packaging,North America,Packaging,PAC-9930,Ground,Continental Trucking,DC-West (CA),5414,5414.0,1.65,6,4.0,2026-02-16,2026-02-14,0.0,Delivered,True,True,8933.1,1.0
PO-2026-02783,2026-02-11,Rhine Components GmbH,EMEA,Components,COM-8661,Air,SkyBridge Air Cargo,DC-East (PA),585,585.0,14.46,8,3.0,2026-02-19,2026-02-14,0.0,Delivered,True,True,8459.1,1.0
PO-2026-02784,2026-02-11,Allegheny Metals,North America,Components,COM-7181,Ground,Continental Trucking,DC-South (GA),571,571.0,14.6,6,3.0,2026-02-17,2026-02-14,0.0,Delivered,True,True,8336.6,1.0
PO-2026-02785,2026-02-11,Pacific Components Co.,APAC,Components,COM-9192,Ocean,Meridian Shipping,DC-West (CA),591,591.0,19.88,33,32.0,2026-03-16,2026-03-15,0.0,Delivered,True,True,11749.08,1.0
PO-2026-02786,2026-02-11,Great Lakes Packaging,North America,Packaging,PAC-1264,Ground,RoadRunner Freight,DC-West (CA),5467,5467.0,1.07,6,4.0,2026-02-17,2026-02-15,0.0,Delivered,True,True,5849.69,1.0
PO-2026-02787,2026-02-11,Rhine Components GmbH,EMEA,Electronics,ELE-8694,Air,AeroFast,DC-Central (TX),104,104.0,48.87,8,1.0,2026-02-19,2026-02-12,0.0,Delivered,True,True,5082.48,1.0
PO-2026-02788,2026-02-11,Great Lakes Packaging,North America,Packaging,PAC-7308,Ground,Continental Trucking,DC-Central (TX),5546,5546.0,1.01,6,2.0,2026-02-17,2026-02-13,0.0,Delivered,True,True,5601.46,1.0
PO-2026-02789,2026-02-11,Pacific Components Co.,APAC,Electronics,ELE-3949,Ocean,Meridian Shipping,DC-Central (TX),126,126.0,22.1,34,36.0,2026-03-17,2026-03-19,2.0,Delivered,False,True,2784.6,0.0
PO-2026-02790,2026-02-12,Pacific Components Co.,APAC,Electronics,ELE-7753,Ocean,BlueWave Lines,DC-West (CA),114,114.0,30.08,35,40.0,2026-03-19,2026-03-24,5.0,Delivered,False,True,3429.12,0.0
PO-2026-02791,2026-02-12,Allegheny Metals,North America,Components,COM-8242,Ground,RoadRunner Freight,DC-Central (TX),620,620.0,11.28,8,4.0,2026-02-20,2026-02-16,0.0,Delivered,True,True,6993.6,1.0
PO-2026-02792,2026-02-12,Monterrey Assembly,LATAM,Components,COM-8522,Ground,RoadRunner Freight,DC-East (PA),652,652.0,10.18,14,10.0,2026-02-26,2026-02-22,0.0,Delivered,True,True,6637.36,1.0
PO-2026-02793,2026-02-12,Allegheny Metals,North America,Components,COM-2207,Ground,RoadRunner Freight,DC-West (CA),608,608.0,17.29,6,4.0,2026-02-18,2026-02-16,0.0,Delivered,True,True,10512.32,1.0
PO-2026-02794,2026-02-12,Great Lakes Packaging,North America,Packaging,PAC-3570,Ground,Continental Trucking,DC-East (PA),5409,5409.0,0.96,5,3.0,2026-02-17,2026-02-15,0.0,Delivered,True,True,5192.64,1.0
PO-2026-02795,2026-02-12,Bangalore ElectroTech,APAC,Electronics,ELE-8261,Air,AeroFast,DC-Central (TX),103,103.0,36.29,10,4.0,2026-02-22,2026-02-16,0.0,Delivered,True,True,3737.87,1.0
PO-2026-02796,2026-02-12,Iberia Logistics SA,EMEA,Finished Goods,FIN-7588,Ocean,BlueWave Lines,DC-Central (TX),84,84.0,80.9,23,22.0,2026-03-07,2026-03-06,0.0,Delivered,True,True,6795.6,1.0
PO-2026-02797,2026-02-12,Pacific Components Co.,APAC,Electronics,ELE-4199,Ocean,BlueWave Lines,DC-Central (TX),113,113.0,33.85,34,32.0,2026-03-18,2026-03-16,0.0,Delivered,True,True,3825.05,1.0
PO-2026-02798,2026-02-12,Rhine Components GmbH,EMEA,Components,COM-3860,Air,AeroFast,DC-Central (TX),551,524.0,13.3,11,8.0,2026-02-23,2026-02-20,0.0,Delivered,True,False,7328.3,0.0
PO-2026-02799,2026-02-13,Bangalore ElectroTech,APAC,Electronics,ELE-4175,Air,AeroFast,DC-Central (TX),117,117.0,55.23,10,7.0,2026-02-23,2026-02-20,0.0,Delivered,True,True,6461.91,1.0
PO-2026-02800,2026-02-13,Allegheny Metals,North America,Components,COM-9966,Ground,RoadRunner Freight,DC-Central (TX),612,612.0,17.77,7,5.0,2026-02-20,2026-02-18,0.0,Delivered,True,True,10875.24,1.0
PO-2026-02801,2026-02-13,São Paulo Supply,LATAM,Raw Materials,RAW-3820,Ocean,Meridian Shipping,DC-East (PA),2179,2179.0,5.01,28,25.0,2026-03-13,2026-03-10,0.0,Delivered,True,True,10916.79,1.0
PO-2026-02802,2026-02-13,Allegheny Metals,North America,Raw Materials,RAW-8920,Ground,Continental Trucking,DC-East (PA),2213,2213.0,4.7,6,4.0,2026-02-19,2026-02-17,0.0,Delivered,True,True,10401.1,1.0
PO-2026-02803,2026-02-13,Monterrey Assembly,LATAM,Components,COM-8553,Ground,Continental Trucking,DC-East (PA),622,622.0,10.46,11,9.0,2026-02-24,2026-02-22,0.0,Delivered,True,True,6506.12,1.0
PO-2026-02804,2026-02-13,Monterrey Assembly,LATAM,Components,COM-7564,Ground,RoadRunner Freight,DC-East (PA),614,614.0,12.0,11,10.0,2026-02-24,2026-02-23,0.0,Delivered,True,True,7368.0,1.0
PO-2026-02805,2026-02-13,Iberia Logistics SA,EMEA,Finished Goods,FIN-5673,Ocean,BlueWave Lines,DC-South (GA),97,97.0,65.57,26,26.0,2026-03-11,2026-03-11,0.0,Delivered,True,True,6360.29,1.0
PO-2026-02806,2026-02-13,Bangalore ElectroTech,APAC,Electronics,ELE-1928,Air,SkyBridge Air Cargo,DC-South (GA),127,127.0,39.38,11,11.0,2026-02-24,2026-02-24,0.0,Delivered,True,True,5001.26,1.0
PO-2026-02807,2026-02-13,Pacific Components Co.,APAC,Components,COM-5020,Ocean,Meridian Shipping,DC-East (PA),628,628.0,6.65,35,35.0,2026-03-20,2026-03-20,0.0,Delivered,True,True,4176.2,1.0
PO-2026-02808,2026-02-13,Pacific Components Co.,APAC,Components,COM-4894,Ocean,BlueWave Lines,DC-Central (TX),603,603.0,12.21,34,41.0,2026-03-19,2026-03-26,7.0,Delivered,False,True,7362.63,0.0
PO-2026-02809,2026-02-13,Allegheny Metals,North America,Raw Materials,RAW-9016,Ground,Continental Trucking,DC-East (PA),2176,2176.0,8.37,7,4.0,2026-02-20,2026-02-17,0.0,Delivered,True,True,18213.12,1.0
PO-2026-02810,2026-02-13,Shenzhen Precision Ltd,APAC,Components,COM-3968,Ocean,BlueWave Lines,DC-West (CA),580,580.0,17.01,32,32.0,2026-03-17,2026-03-17,0.0,Delivered,True,True,9865.8,1.0
PO-2026-02811,2026-02-13,Pacific Components Co.,APAC,Electronics,ELE-7511,Ocean,Meridian Shipping,DC-South (GA),140,140.0,43.09,35,39.0,2026-03-20,2026-03-24,4.0,Delivered,False,True,6032.6,0.0
PO-2026-02812,2026-02-13,Great Lakes Packaging,North America,Packaging,PAC-8502,Ground,Continental Trucking,DC-West (CA),5342,5342.0,1.31,5,2.0,2026-02-18,2026-02-15,0.0,Delivered,True,True,6998.02,1.0
PO-2026-02813,2026-02-14,Great Lakes Packaging,North America,Packaging,PAC-3789,Ground,RoadRunner Freight,DC-South (GA),5483,5483.0,1.42,6,4.0,2026-02-20,2026-02-18,0.0,Delivered,True,True,7785.86,1.0
PO-2026-02814,2026-02-14,Shenzhen Precision Ltd,APAC,Components,COM-7638,Ocean,BlueWave Lines,DC-West (CA),645,645.0,15.09,33,29.0,2026-03-19,2026-03-15,0.0,Delivered,True,True,9733.05,1.0
PO-2026-02815,2026-02-14,Great Lakes Packaging,North America,Packaging,PAC-7314,Ground,Continental Trucking,DC-Central (TX),5381,4408.0,1.26,5,1.0,2026-02-19,2026-02-15,0.0,Delivered,True,False,6780.06,0.0
PO-2026-02816,2026-02-14,Allegheny Metals,North America,Components,COM-6130,Ground,Continental Trucking,DC-South (GA),589,589.0,18.73,8,8.0,2026-02-22,2026-02-22,0.0,Delivered,True,True,11031.97,1.0
PO-2026-02817,2026-02-14,Rhine Components GmbH,EMEA,Electronics,ELE-7628,Air,AeroFast,DC-West (CA),130,118.0,59.2,8,5.0,2026-02-22,2026-02-19,0.0,Delivered,True,False,7696.0,0.0
PO-2026-02818,2026-02-15,Shenzhen Precision Ltd,APAC,Components,COM-1598,Ocean,Meridian Shipping,DC-East (PA),593,593.0,8.57,32,32.0,2026-03-19,2026-03-19,0.0,Delivered,True,True,5082.01,1.0
PO-2026-02819,2026-02-15,Shenzhen Precision Ltd,APAC,Components,COM-7294,Ocean,Meridian Shipping,DC-West (CA),602,602.0,12.26,32,32.0,2026-03-19,2026-03-19,0.0,Delivered,True,True,7380.52,1.0
PO-2026-02820,2026-02-15,Monterrey Assembly,LATAM,Finished Goods,FIN-1326,Ground,RoadRunner Freight,DC-East (PA),104,104.0,68.63,12,11.0,2026-02-27,2026-02-26,0.0,Delivered,True,True,7137.52,1.0
PO-2026-02821,2026-02-15,São Paulo Supply,LATAM,Raw Materials,RAW-3780,Ocean,Meridian Shipping,DC-West (CA),2197,2197.0,10.53,28,29.0,2026-03-15,2026-03-16,1.0,Delivered,False,True,23134.41,0.0
PO-2026-02822,2026-02-15,Shenzhen Precision Ltd,APAC,Electronics,ELE-6450,Ocean,BlueWave Lines,DC-East (PA),106,106.0,37.82,32,31.0,2026-03-19,2026-03-18,0.0,Delivered,True,True,4008.92,1.0
PO-2026-02823,2026-02-15,Bangalore ElectroTech,APAC,Electronics,ELE-7050,Air,AeroFast,DC-West (CA),134,134.0,30.71,12,11.0,2026-02-27,2026-02-26,0.0,Delivered,True,True,4115.14,1.0
PO-2026-02824,2026-02-15,Pacific Components Co.,APAC,Components,COM-6174,Ocean,BlueWave Lines,DC-West (CA),587,587.0,12.95,34,35.0,2026-03-21,2026-03-22,1.0,Delivered,False,True,7601.65,0.0
PO-2026-02825,2026-02-15,Bangalore ElectroTech,APAC,Electronics,ELE-4808,Air,SkyBridge Air Cargo,DC-Central (TX),123,123.0,43.29,12,12.0,2026-02-27,2026-02-12,0.0,Delivered,True,True,5324.67,1.0
PO-2026-02826,2026-02-15,Rhine Components GmbH,EMEA,Components,COM-8564,Air,SkyBridge Air Cargo,DC-Central (TX),608,608.0,11.59,10,9.0,2026-02-25,2026-02-24,0.0,Delivered,True,True,7046.72,1.0
PO-2026-02827,2026-02-16,Iberia Logistics SA,EMEA,Packaging,PAC-1034,Ocean,BlueWave Lines,DC-South (GA),5418,5418.0,1.32,22,19.0,2026-03-10,2026-03-07,0.0,Delivered,True,True,7151.76,1.0
PO-2026-02828,2026-02-16,Monterrey Assembly,LATAM,Finished Goods,FIN-4434,Ground,RoadRunner Freight,DC-West (CA),85,85.0,80.49,11,8.0,2026-02-27,2026-02-24,0.0,Delivered,True,True,6841.65,1.0
PO-2026-02829,2026-02-16,Pacific Components Co.,APAC,Components,COM-9638,Ocean,Meridian Shipping,DC-East (PA),597,597.0,18.44,33,39.0,2026-03-21,2026-03-27,6.0,Delivered,False,True,11008.68,0.0
PO-2026-02830,2026-02-16,Rhine Components GmbH,EMEA,Components,COM-4409,Air,SkyBridge Air Cargo,DC-South (GA),653,653.0,14.48,8,6.0,2026-02-24,2026-02-22,0.0,Delivered,True,True,9455.44,1.0
PO-2026-02831,2026-02-16,São Paulo Supply,LATAM,Raw Materials,RAW-5101,Ocean,BlueWave Lines,DC-South (GA),2180,2180.0,10.63,28,29.0,2026-03-16,2026-03-17,1.0,Delivered,False,True,23173.4,0.0
PO-2026-02832,2026-02-16,Pacific Components Co.,APAC,Electronics,ELE-9529,Ocean,BlueWave Lines,DC-Central (TX),120,120.0,45.53,34,34.0,2026-03-22,2026-03-22,0.0,Delivered,True,True,5463.6,1.0
PO-2026-02833,2026-02-16,Iberia Logistics SA,EMEA,Packaging,PAC-2870,Ocean,BlueWave Lines,DC-East (PA),5449,5449.0,0.91,25,22.0,2026-03-13,2026-03-10,0.0,Delivered,True,True,4958.59,1.0
PO-2026-02834,2026-02-16,Pacific Components Co.,APAC,Electronics,ELE-9467,Ocean,Meridian Shipping,DC-West (CA),125,125.0,50.71,35,32.0,2026-03-23,2026-03-20,0.0,Delivered,True,True,6338.75,1.0
PO-2026-02835,2026-02-16,Allegheny Metals,North America,Components,COM-3209,Ground,RoadRunner Freight,DC-West (CA),556,556.0,16.49,8,6.0,2026-02-24,2026-02-22,0.0,Delivered,True,True,9168.44,1.0
PO-2026-02836,2026-02-17,Monterrey Assembly,LATAM,Components,COM-6478,Ground,RoadRunner Freight,DC-East (PA),627,627.0,10.18,12,10.0,2026-03-01,2026-02-27,0.0,Delivered,True,True,6382.86,1.0
PO-2026-02837,2026-02-17,Iberia Logistics SA,EMEA,Packaging,PAC-8550,Ocean,BlueWave Lines,DC-South (GA),5533,5533.0,1.06,24,24.0,2026-03-13,2026-03-13,0.0,Delivered,True,True,5864.98,1.0
PO-2026-02838,2026-02-17,Monterrey Assembly,LATAM,Components,COM-9765,Ground,RoadRunner Freight,DC-South (GA),603,603.0,6.19,10,6.0,2026-02-27,2026-02-23,0.0,Delivered,True,True,3732.57,1.0
PO-2026-02839,2026-02-17,Rhine Components GmbH,EMEA,Electronics,ELE-4861,Air,AeroFast,DC-East (PA),110,110.0,51.54,10,8.0,2026-02-27,2026-02-25,0.0,Delivered,True,True,5669.4,1.0
PO-2026-02840,2026-02-17,Iberia Logistics SA,EMEA,Finished Goods,FIN-7177,Ocean,Meridian Shipping,DC-South (GA),73,73.0,57.56,24,23.0,2026-03-13,2026-03-12,0.0,Delivered,True,True,4201.88,1.0
PO-2026-02841,2026-02-17,São Paulo Supply,LATAM,Finished Goods,FIN-1863,Ocean,Meridian Shipping,DC-East (PA),96,96.0,51.15,28,27.0,2026-03-17,2026-03-16,0.0,Delivered,True,True,4910.4,1.0
PO-2026-02842,2026-02-17,São Paulo Supply,LATAM,Raw Materials,RAW-1659,Ocean,Meridian Shipping,DC-West (CA),2225,2225.0,7.47,28,25.0,2026-03-17,2026-03-14,0.0,Delivered,True,True,16620.75,1.0
PO-2026-02843,2026-02-18,Allegheny Metals,North America,Raw Materials,RAW-5329,Ground,RoadRunner Freight,DC-Central (TX),2198,2198.0,10.98,9,9.0,2026-02-27,2026-02-27,0.0,Delivered,True,True,24134.04,1.0
PO-2026-02844,2026-02-18,Pacific Components Co.,APAC,Components,COM-4010,Ocean,BlueWave Lines,DC-South (GA),625,625.0,15.07,33,35.0,2026-03-23,2026-03-25,2.0,Delivered,False,True,9418.75,0.0
PO-2026-02845,2026-02-18,Allegheny Metals,North America,Raw Materials,RAW-3606,Ground,Continental Trucking,DC-West (CA),2170,2170.0,11.25,6,3.0,2026-02-24,2026-02-21,0.0,Delivered,True,True,24412.5,1.0
PO-2026-02846,2026-02-18,Shenzhen Precision Ltd,APAC,Components,COM-1594,Ocean,BlueWave Lines,DC-East (PA),651,651.0,16.96,32,31.0,2026-03-22,2026-03-21,0.0,Delivered,True,True,11040.96,1.0
PO-2026-02847,2026-02-18,Shenzhen Precision Ltd,APAC,Electronics,ELE-5231,Ocean,Meridian Shipping,DC-Central (TX),126,126.0,19.66,32,34.0,2026-03-22,2026-03-24,2.0,Delivered,False,True,2477.16,0.0
PO-2026-02848,2026-02-18,Bangalore ElectroTech,APAC,Electronics,ELE-3241,Air,SkyBridge Air Cargo,DC-Central (TX),95,95.0,54.55,11,10.0,2026-03-01,2026-02-28,0.0,Delivered,True,True,5182.25,1.0
PO-2026-02849,2026-02-19,Bangalore ElectroTech,APAC,Electronics,ELE-8615,Air,SkyBridge Air Cargo,DC-Central (TX),125,125.0,45.58,11,8.0,2026-03-02,2026-02-27,0.0,Delivered,True,True,5697.5,1.0
PO-2026-02850,2026-02-19,Monterrey Assembly,LATAM,Finished Goods,FIN-1723,Ground,RoadRunner Freight,DC-Central (TX),84,84.0,86.4,8,1.0,2026-02-27,2026-02-20,0.0,Delivered,True,True,7257.6,1.0
PO-2026-02851,2026-02-19,Rhine Components GmbH,EMEA,Components,COM-6172,Air,AeroFast,DC-South (GA),618,618.0,14.97,9,5.0,2026-02-28,2026-02-24,0.0,Delivered,True,True,9251.46,1.0
PO-2026-02852,2026-02-19,Shenzhen Precision Ltd,APAC,Electronics,ELE-4314,Ocean,BlueWave Lines,DC-West (CA),132,132.0,22.55,32,32.0,2026-03-23,2026-03-23,0.0,Delivered,True,True,2976.6,1.0
PO-2026-02853,2026-02-19,Bangalore ElectroTech,APAC,Electronics,ELE-1916,Air,SkyBridge Air Cargo,DC-West (CA),127,127.0,50.01,13,9.0,2026-03-04,2026-02-28,0.0,Delivered,True,True,6351.27,1.0
PO-2026-02854,2026-02-19,Shenzhen Precision Ltd,APAC,Electronics,ELE-3504,Ocean,BlueWave Lines,DC-Central (TX),115,115.0,27.07,32,27.0,2026-03-23,2026-03-18,0.0,Delivered,True,True,3113.05,1.0
PO-2026-02855,2026-02-19,Allegheny Metals,North America,Components,COM-4360,Ground,Continental Trucking,DC-South (GA),562,562.0,15.29,6,1.0,2026-02-25,2026-02-20,0.0,Delivered,True,True,8592.98,1.0
PO-2026-02856,2026-02-19,Iberia Logistics SA,EMEA,Finished Goods,FIN-5899,Ocean,BlueWave Lines,DC-Central (TX),91,91.0,98.84,25,26.0,2026-03-16,2026-03-17,1.0,Delivered,False,True,8994.44,0.0
PO-2026-02857,2026-02-19,Allegheny Metals,North America,Raw Materials,RAW-3449,Ground,RoadRunner Freight,DC-East (PA),2059,2059.0,6.63,7,4.0,2026-02-26,2026-02-23,0.0,Delivered,True,True,13651.17,1.0
PO-2026-02858,2026-02-19,Great Lakes Packaging,North America,Packaging,PAC-9511,Ground,RoadRunner Freight,DC-South (GA),5319,5319.0,0.64,6,1.0,2026-02-25,2026-02-20,0.0,Delivered,True,True,3404.16,1.0
PO-2026-02859,2026-02-19,Monterrey Assembly,LATAM,Finished Goods,FIN-8042,Ground,Continental Trucking,DC-South (GA),87,87.0,95.24,10,9.0,2026-03-01,2026-02-28,0.0,Delivered,True,True,8285.88,1.0
PO-2026-02860,2026-02-19,Iberia Logistics SA,EMEA,Packaging,PAC-6328,Ocean,Meridian Shipping,DC-East (PA),5404,5404.0,0.99,25,24.0,2026-03-16,2026-03-15,0.0,Delivered,True,True,5349.96,1.0
PO-2026-02861,2026-02-19,Great Lakes Packaging,North America,Packaging,PAC-7333,Ground,RoadRunner Freight,DC-South (GA),5451,5451.0,0.96,6,3.0,2026-02-25,2026-02-22,0.0,Delivered,True,True,5232.96,1.0
PO-2026-02862,2026-02-19,Shenzhen Precision Ltd,APAC,Components,COM-1072,Ocean,Meridian Shipping,DC-East (PA),548,548.0,14.97,31,33.0,2026-03-22,2026-03-24,2.0,Delivered,False,True,8203.56,0.0
PO-2026-02863,2026-02-19,Rhine Components GmbH,EMEA,Electronics,ELE-3913,Air,SkyBridge Air Cargo,DC-West (CA),132,132.0,44.92,7,6.0,2026-02-26,2026-02-25,0.0,Delivered,True,True,5929.44,1.0
PO-2026-02864,2026-02-19,Allegheny Metals,North America,Raw Materials,RAW-4494,Ground,RoadRunner Freight,DC-East (PA),2234,2234.0,9.92,8,7.0,2026-02-27,2026-02-26,0.0,Delivered,True,True,22161.28,1.0
PO-2026-02865,2026-02-19,Pacific Components Co.,APAC,Components,COM-9479,Ocean,Meridian Shipping,DC-South (GA),552,552.0,13.26,34,36.0,2026-03-25,2026-03-27,2.0,Delivered,False,True,7319.52,0.0
PO-2026-02866,2026-02-20,Bangalore ElectroTech,APAC,Electronics,ELE-8537,Air,SkyBridge Air Cargo,DC-East (PA),114,114.0,26.54,11,10.0,2026-03-03,2026-03-02,0.0,Delivered,True,True,3025.56,1.0
PO-2026-02867,2026-02-20,Rhine Components GmbH,EMEA,Components,COM-6779,Air,SkyBridge Air Cargo,DC-Central (TX),568,568.0,12.88,8,5.0,2026-02-28,2026-02-25,0.0,Delivered,True,True,7315.84,1.0
PO-2026-02868,2026-02-20,Monterrey Assembly,LATAM,Finished Goods,FIN-5431,Ground,RoadRunner Freight,DC-West (CA),84,84.0,81.71,10,6.0,2026-03-02,2026-02-26,0.0,Delivered,True,True,6863.64,1.0
PO-2026-02869,2026-02-20,Pacific Components Co.,APAC,Electronics,ELE-8086,Ocean,Meridian Shipping,DC-West (CA),110,110.0,22.87,35,35.0,2026-03-27,2026-03-27,0.0,Delivered,True,True,2515.7,1.0
PO-2026-02870,2026-02-21,Monterrey Assembly,LATAM,Components,COM-5123,Ground,Continental Trucking,DC-Central (TX),629,629.0,5.29,8,4.0,2026-03-01,2026-02-25,0.0,Delivered,True,True,3327.41,1.0
PO-2026-02871,2026-02-21,Iberia Logistics SA,EMEA,Finished Goods,FIN-9508,Ocean,Meridian Shipping,DC-South (GA),90,90.0,100.92,25,19.0,2026-03-18,2026-03-12,0.0,Delivered,True,True,9082.8,1.0
PO-2026-02872,2026-02-21,Iberia Logistics SA,EMEA,Finished Goods,FIN-8747,Ocean,BlueWave Lines,DC-West (CA),110,110.0,67.18,22,22.0,2026-03-15,2026-03-15,0.0,Delivered,True,True,7389.8,1.0
PO-2026-02873,2026-02-21,São Paulo Supply,LATAM,Finished Goods,FIN-2409,Ocean,Meridian Shipping,DC-West (CA),92,92.0,67.39,29,24.0,2026-03-22,2026-03-17,0.0,Delivered,True,True,6199.88,1.0
PO-2026-02874,2026-02-21,Monterrey Assembly,LATAM,Components,COM-4813,Ground,RoadRunner Freight,DC-West (CA),576,576.0,14.9,10,11.0,2026-03-03,2026-03-04,1.0,Delivered,False,True,8582.4,0.0
PO-2026-02875,2026-02-21,Great Lakes Packaging,North America,Packaging,PAC-9643,Ground,RoadRunner Freight,DC-East (PA),5391,5391.0,1.43,4,4.0,2026-02-25,2026-02-25,0.0,Delivered,True,True,7709.13,1.0
PO-2026-02876,2026-02-21,Rhine Components GmbH,EMEA,Components,COM-3863,Air,AeroFast,DC-West (CA),594,594.0,21.08,9,7.0,2026-03-02,2026-02-28,0.0,Delivered,True,True,12521.52,1.0
PO-2026-02877,2026-02-21,Bangalore ElectroTech,APAC,Electronics,ELE-2066,Air,SkyBridge Air Cargo,DC-South (GA),117,117.0,28.83,14,10.0,2026-03-07,2026-03-03,0.0,Delivered,True,True,3373.11,1.0
PO-2026-02878,2026-02-21,Monterrey Assembly,LATAM,Finished Goods,FIN-6279,Ground,RoadRunner Freight,DC-East (PA),80,80.0,80.71,11,10.0,2026-03-04,2026-03-03,0.0,Delivered,True,True,6456.8,1.0
PO-2026-02879,2026-02-22,Great Lakes Packaging,North America,Packaging,PAC-5628,Ground,Continental Trucking,DC-South (GA),5203,5203.0,1.66,5,1.0,2026-02-27,2026-02-23,0.0,Delivered,True,True,8636.98,1.0
PO-2026-02880,2026-02-22,Monterrey Assembly,LATAM,Finished Goods,FIN-7967,Ground,RoadRunner Freight,DC-West (CA),99,99.0,58.06,10,8.0,2026-03-04,2026-03-02,0.0,Delivered,True,True,5747.94,1.0
PO-2026-02881,2026-02-22,Iberia Logistics SA,EMEA,Finished Goods,FIN-5311,Ocean,BlueWave Lines,DC-East (PA),98,98.0,81.92,24,19.0,2026-03-18,2026-03-13,0.0,Delivered,True,True,8028.16,1.0
PO-2026-02882,2026-02-22,Rhine Components GmbH,EMEA,Electronics,ELE-8524,Air,AeroFast,DC-West (CA),107,107.0,44.79,9,6.0,2026-03-03,2026-02-28,0.0,Delivered,True,True,4792.53,1.0
PO-2026-02883,2026-02-22,Iberia Logistics SA,EMEA,Packaging,PAC-9659,Ocean,BlueWave Lines,DC-Central (TX),5468,5468.0,0.89,24,20.0,2026-03-18,2026-03-14,0.0,Delivered,True,True,4866.52,1.0
PO-2026-02884,2026-02-22,Rhine Components GmbH,EMEA,Electronics,ELE-7309,Air,AeroFast,DC-East (PA),97,97.0,52.7,7,4.0,2026-03-01,2026-02-26,0.0,Delivered,True,True,5111.9,1.0
PO-2026-02885,2026-02-22,São Paulo Supply,LATAM,Raw Materials,RAW-4289,Ocean,Meridian Shipping,DC-Central (TX),2198,2198.0,10.11,27,26.0,2026-03-21,2026-03-20,0.0,Delivered,True,True,22221.78,1.0
PO-2026-02886,2026-02-22,Bangalore ElectroTech,APAC,Electronics,ELE-6834,Air,SkyBridge Air Cargo,DC-West (CA),99,99.0,36.37,12,9.0,2026-03-06,2026-03-03,0.0,Delivered,True,True,3600.63,1.0
PO-2026-02887,2026-02-22,Shenzhen Precision Ltd,APAC,Components,COM-5080,Ocean,Meridian Shipping,DC-South (GA),606,606.0,9.46,31,27.0,2026-03-25,2026-03-21,0.0,Delivered,True,True,5732.76,1.0
PO-2026-02888,2026-02-22,Bangalore ElectroTech,APAC,Electronics,ELE-2698,Air,AeroFast,DC-West (CA),117,117.0,48.27,12,11.0,2026-03-06,2026-03-05,0.0,Delivered,True,True,5647.59,1.0
PO-2026-02889,2026-02-22,Pacific Components Co.,APAC,Electronics,ELE-7499,Ocean,Meridian Shipping,DC-East (PA),97,97.0,45.91,32,39.0,2026-03-26,2026-04-02,7.0,Delivered,False,True,4453.27,0.0
PO-2026-02890,2026-02-23,Allegheny Metals,North America,Raw Materials,RAW-6332,Ground,RoadRunner Freight,DC-South (GA),2172,2172.0,8.06,9,6.0,2026-03-04,2026-03-01,0.0,Delivered,True,True,17506.32,1.0
PO-2026-02891,2026-02-23,Iberia Logistics SA,EMEA,Finished Goods,FIN-7637,Ocean,Meridian Shipping,DC-East (PA),96,96.0,53.7,25,29.0,2026-03-20,2026-03-24,4.0,Delivered,False,True,5155.2,0.0
PO-2026-02892,2026-02-23,Iberia Logistics SA,EMEA,Packaging,PAC-9428,Ocean,Meridian Shipping,DC-South (GA),5494,5494.0,1.15,22,21.0,2026-03-17,2026-03-16,0.0,Delivered,True,True,6318.1,1.0
PO-2026-02893,2026-02-23,Monterrey Assembly,LATAM,Components,COM-3437,Ground,RoadRunner Freight,DC-West (CA),616,616.0,19.58,11,9.0,2026-03-06,2026-03-04,0.0,Delivered,True,True,12061.28,1.0
PO-2026-02894,2026-02-23,Rhine Components GmbH,EMEA,Electronics,ELE-4490,Air,AeroFast,DC-East (PA),112,112.0,40.96,10,9.0,2026-03-05,2026-03-04,0.0,Delivered,True,True,4587.52,1.0
PO-2026-02895,2026-02-24,Great Lakes Packaging,North America,Packaging,PAC-4201,Ground,Continental Trucking,DC-East (PA),5309,5309.0,1.01,5,3.0,2026-03-01,2026-02-27,0.0,Delivered,True,True,5362.09,1.0
PO-2026-02896,2026-02-24,Pacific Components Co.,APAC,Components,COM-3454,Ocean,Meridian Shipping,DC-Central (TX),565,565.0,9.36,33,32.0,2026-03-29,2026-03-28,0.0,Delivered,True,True,5288.4,1.0
PO-2026-02897,2026-02-24,Allegheny Metals,North America,Raw Materials,RAW-8385,Ground,Continental Trucking,DC-East (PA),2175,2175.0,8.18,7,4.0,2026-03-03,2026-02-28,0.0,Delivered,True,True,17791.5,1.0
PO-2026-02898,2026-02-24,São Paulo Supply,LATAM,Raw Materials,RAW-4720,Ocean,BlueWave Lines,DC-East (PA),2163,2163.0,9.74,27,24.0,2026-03-23,2026-03-20,0.0,Delivered,True,True,21067.62,1.0
PO-2026-02899,2026-02-24,Monterrey Assembly,LATAM,Finished Goods,FIN-7747,Ground,Continental Trucking,DC-South (GA),78,78.0,84.72,11,10.0,2026-03-07,2026-03-06,0.0,Delivered,True,True,6608.16,1.0
PO-2026-02900,2026-02-24,Allegheny Metals,North America,Components,COM-8328,Ground,Continental Trucking,DC-West (CA),608,608.0,10.31,6,4.0,2026-03-02,2026-02-28,0.0,Delivered,True,True,6268.48,1.0
PO-2026-02901,2026-02-25,Bangalore ElectroTech,APAC,Electronics,ELE-7356,Air,AeroFast,DC-Central (TX),131,131.0,50.82,12,14.0,2026-03-09,2026-03-11,2.0,Delivered,False,True,6657.42,0.0
PO-2026-02902,2026-02-25,Pacific Components Co.,APAC,Components,COM-9470,Ocean,BlueWave Lines,DC-South (GA),635,635.0,16.22,36,44.0,2026-04-02,2026-04-10,8.0,Delivered,False,True,10299.7,0.0
PO-2026-02903,2026-02-25,Shenzhen Precision Ltd,APAC,Electronics,ELE-9202,Ocean,Meridian Shipping,DC-South (GA),107,104.0,40.85,33,31.0,2026-03-30,2026-03-28,0.0,Delivered,True,False,4370.95,0.0
PO-2026-02904,2026-02-25,Bangalore ElectroTech,APAC,Electronics,ELE-5465,Air,SkyBridge Air Cargo,DC-South (GA),138,138.0,52.19,10,7.0,2026-03-07,2026-03-04,0.0,Delivered,True,True,7202.22,1.0
PO-2026-02905,2026-02-25,Monterrey Assembly,LATAM,Finished Goods,FIN-8596,Ground,RoadRunner Freight,DC-East (PA),85,85.0,68.03,10,8.0,2026-03-07,2026-03-05,0.0,Delivered,True,True,5782.55,1.0
PO-2026-02906,2026-02-25,Great Lakes Packaging,North America,Packaging,PAC-5394,Ground,Continental Trucking,DC-West (CA),5378,5378.0,1.6,5,3.0,2026-03-02,2026-02-28,0.0,Delivered,True,True,8604.8,1.0
PO-2026-02907,2026-02-25,Iberia Logistics SA,EMEA,Packaging,PAC-7596,Ocean,BlueWave Lines,DC-Central (TX),5238,5238.0,1.4,24,20.0,2026-03-21,2026-03-17,0.0,Delivered,True,True,7333.2,1.0
PO-2026-02908,2026-02-25,São Paulo Supply,LATAM,Finished Goods,FIN-7969,Ocean,BlueWave Lines,DC-Central (TX),81,81.0,83.84,28,26.0,2026-03-25,2026-03-23,0.0,Delivered,True,True,6791.04,1.0
PO-2026-02909,2026-02-25,Pacific Components Co.,APAC,Electronics,ELE-9535,Ocean,Meridian Shipping,DC-Central (TX),115,115.0,43.27,34,36.0,2026-03-31,2026-04-02,2.0,Delivered,False,True,4976.05,0.0
PO-2026-02910,2026-02-25,Rhine Components GmbH,EMEA,Components,COM-2521,Air,AeroFast,DC-South (GA),565,565.0,20.93,9,6.0,2026-03-06,2026-03-03,0.0,Delivered,True,True,11825.45,1.0
PO-2026-02911,2026-02-25,Allegheny Metals,North America,Raw Materials,RAW-6311,Ground,RoadRunner Freight,DC-East (PA),2172,2172.0,11.49,7,2.0,2026-03-04,2026-02-27,0.0,Delivered,True,True,24956.28,1.0
PO-2026-02912,2026-02-26,Allegheny Metals,North America,Components,COM-3278,Ground,RoadRunner Freight,DC-East (PA),574,574.0,12.2,8,3.0,2026-03-06,2026-03-01,0.0,Delivered,True,True,7002.8,1.0
PO-2026-02913,2026-02-26,Shenzhen Precision Ltd,APAC,Components,COM-6525,Ocean,Meridian Shipping,DC-Central (TX),600,600.0,11.82,31,22.0,2026-03-29,2026-03-20,0.0,Delivered,True,True,7092.0,1.0
PO-2026-02914,2026-02-26,Monterrey Assembly,LATAM,Components,COM-4675,Ground,Continental Trucking,DC-West (CA),559,559.0,13.02,12,9.0,2026-03-10,2026-03-07,0.0,Delivered,True,True,7278.18,1.0
PO-2026-02915,2026-02-26,Bangalore ElectroTech,APAC,Electronics,ELE-3118,Air,SkyBridge Air Cargo,DC-East (PA),110,110.0,25.14,12,11.0,2026-03-10,2026-03-09,0.0,Delivered,True,True,2765.4,1.0
PO-2026-02916,2026-02-26,Allegheny Metals,North America,Components,COM-1028,Ground,RoadRunner Freight,DC-East (PA),624,624.0,14.36,8,5.0,2026-03-06,2026-03-03,0.0,Delivered,True,True,8960.64,1.0
PO-2026-02917,2026-02-26,Shenzhen Precision Ltd,APAC,Components,COM-5548,Ocean,BlueWave Lines,DC-South (GA),586,586.0,13.94,31,27.0,2026-03-29,2026-03-25,0.0,Delivered,True,True,8168.84,1.0
PO-2026-02918,2026-02-26,Pacific Components Co.,APAC,Components,COM-9544,Ocean,Meridian Shipping,DC-East (PA),603,603.0,21.37,33,34.0,2026-03-31,2026-04-01,1.0,Delivered,False,True,12886.11,0.0
PO-2026-02919,2026-02-26,Pacific Components Co.,APAC,Electronics,ELE-3404,Ocean,Meridian Shipping,DC-South (GA),133,133.0,48.78,35,34.0,2026-04-02,2026-04-01,0.0,Delivered,True,True,6487.74,1.0
PO-2026-02920,2026-02-27,São Paulo Supply,LATAM,Raw Materials,RAW-3262,Ocean,BlueWave Lines,DC-South (GA),2159,2159.0,9.93,28,29.0,2026-03-27,2026-03-28,1.0,Delivered,False,True,21438.87,0.0
PO-2026-02921,2026-02-27,Shenzhen Precision Ltd,APAC,Electronics,ELE-4865,Ocean,Meridian Shipping,DC-Central (TX),131,131.0,42.5,32,32.0,2026-03-31,2026-03-31,0.0,Delivered,True,True,5567.5,1.0
PO-2026-02922,2026-02-27,Iberia Logistics SA,EMEA,Packaging,PAC-8324,Ocean,Meridian Shipping,DC-West (CA),5458,5458.0,1.36,24,20.0,2026-03-23,2026-03-19,0.0,Delivered,True,True,7422.88,1.0
PO-2026-02923,2026-02-27,Great Lakes Packaging,North America,Packaging,PAC-9913,Ground,Continental Trucking,DC-East (PA),5437,5437.0,0.97,6,1.0,2026-03-05,2026-02-28,0.0,Delivered,True,True,5273.89,1.0
PO-2026-02924,2026-02-27,Bangalore ElectroTech,APAC,Electronics,ELE-7993,Air,SkyBridge Air Cargo,DC-Central (TX),107,107.0,28.12,13,13.0,2026-03-12,2026-03-12,0.0,Delivered,True,True,3008.84,1.0
PO-2026-02925,2026-02-27,São Paulo Supply,LATAM,Raw Materials,RAW-4817,Ocean,BlueWave Lines,DC-East (PA),2211,2211.0,10.76,29,27.0,2026-03-28,2026-03-26,0.0,Delivered,True,True,23790.36,1.0
PO-2026-02926,2026-02-27,Allegheny Metals,North America,Components,COM-9059,Ground,Continental Trucking,DC-West (CA),640,640.0,14.71,7,4.0,2026-03-06,2026-03-03,0.0,Delivered,True,True,9414.4,1.0
PO-2026-02927,2026-02-27,Iberia Logistics SA,EMEA,Packaging,PAC-1145,Ocean,Meridian Shipping,DC-West (CA),5377,5377.0,0.78,24,23.0,2026-03-23,2026-03-22,0.0,Delivered,True,True,4194.06,1.0
PO-2026-02928,2026-02-27,Allegheny Metals,North America,Raw Materials,RAW-5983,Ground,Continental Trucking,DC-Central (TX),2186,2186.0,11.74,8,6.0,2026-03-07,2026-03-05,0.0,Delivered,True,True,25663.64,1.0
PO-2026-02929,2026-02-28,Shenzhen Precision Ltd,APAC,Electronics,ELE-7685,Ocean,BlueWave Lines,DC-West (CA),125,125.0,32.36,32,28.0,2026-04-01,2026-03-28,0.0,Delivered,True,True,4045.0,1.0
PO-2026-02930,2026-02-28,Great Lakes Packaging,North America,Packaging,PAC-2475,Ground,Continental Trucking,DC-West (CA),5327,5327.0,1.16,6,2.0,2026-03-06,2026-03-02,0.0,Delivered,True,True,6179.32,1.0
PO-2026-02931,2026-02-28,São Paulo Supply,LATAM,Finished Goods,FIN-2462,Ocean,Meridian Shipping,DC-Central (TX),90,90.0,77.75,28,25.0,2026-03-28,2026-03-25,0.0,Delivered,True,True,6997.5,1.0
PO-2026-02932,2026-02-28,Iberia Logistics SA,EMEA,Finished Goods,FIN-1375,Ocean,BlueWave Lines,DC-South (GA),87,87.0,54.82,25,23.0,2026-03-25,2026-03-23,0.0,Delivered,True,True,4769.34,1.0
PO-2026-02933,2026-02-28,Allegheny Metals,North America,Components,COM-4396,Ground,RoadRunner Freight,DC-West (CA),562,562.0,11.49,7,6.0,2026-03-07,2026-03-06,0.0,Delivered,True,True,6457.38,1.0
PO-2026-02934,2026-02-28,Allegheny Metals,North America,Raw Materials,RAW-3316,Ground,RoadRunner Freight,DC-South (GA),2208,2208.0,9.99,9,6.0,2026-03-09,2026-03-06,0.0,Delivered,True,True,22057.92,1.0
PO-2026-02935,2026-02-28,São Paulo Supply,LATAM,Raw Materials,RAW-4567,Ocean,BlueWave Lines,DC-Central (TX),2195,2195.0,6.99,29,32.0,2026-03-29,2026-04-01,3.0,Delivered,False,True,15343.05,0.0
PO-2026-02936,2026-02-28,Shenzhen Precision Ltd,APAC,Electronics,ELE-5093,Ocean,Meridian Shipping,DC-Central (TX),148,148.0,35.51,33,35.0,2026-04-02,2026-04-04,2.0,Delivered,False,True,5255.48,0.0
PO-2026-02937,2026-02-28,Shenzhen Precision Ltd,APAC,Components,COM-1077,Ocean,Meridian Shipping,DC-Central (TX),567,567.0,15.06,32,32.0,2026-04-01,2026-04-01,0.0,Delivered,True,True,8539.02,1.0
PO-2026-02938,2026-02-28,Monterrey Assembly,LATAM,Components,COM-1601,Ground,Continental Trucking,DC-West (CA),627,627.0,14.39,10,7.0,2026-03-10,2026-03-07,0.0,Delivered,True,True,9022.53,1.0
PO-2026-02939,2026-02-28,Great Lakes Packaging,North America,Packaging,PAC-3930,Ground,RoadRunner Freight,DC-East (PA),5277,5277.0,1.29,6,4.0,2026-03-06,2026-03-04,0.0,Delivered,True,True,6807.33,1.0
PO-2026-02940,2026-02-28,Great Lakes Packaging,North America,Packaging,PAC-4003,Ground,RoadRunner Freight,DC-South (GA),5431,5431.0,1.46,6,4.0,2026-03-06,2026-03-04,0.0,Delivered,True,True,7929.26,1.0
PO-2026-02941,2026-02-28,São Paulo Supply,LATAM,Raw Materials,RAW-3709,Ocean,BlueWave Lines,DC-Central (TX),2128,2128.0,7.03,28,28.0,2026-03-28,2026-03-28,0.0,Delivered,True,True,14959.84,1.0
PO-2026-02942,2026-02-28,Shenzhen Precision Ltd,APAC,Electronics,ELE-8253,Ocean,Meridian Shipping,DC-West (CA),101,96.0,30.22,33,33.0,2026-04-02,2026-04-02,0.0,Delivered,True,False,3052.22,0.0
PO-2026-02943,2026-02-28,Allegheny Metals,North America,Components,COM-4036,Ground,Continental Trucking,DC-South (GA),621,621.0,10.46,7,6.0,2026-03-07,2026-03-06,0.0,Delivered,True,True,6495.66,1.0
PO-2026-02944,2026-02-28,Iberia Logistics SA,EMEA,Packaging,PAC-4537,Ocean,Meridian Shipping,DC-Central (TX),5321,5321.0,1.39,23,15.0,2026-03-23,2026-03-15,0.0,Delivered,True,True,7396.19,1.0
PO-2026-02945,2026-02-28,Iberia Logistics SA,EMEA,Packaging,PAC-1390,Ocean,BlueWave Lines,DC-East (PA),5566,5566.0,1.35,24,22.0,2026-03-24,2026-03-22,0.0,Delivered,True,True,7514.1,1.0
PO-2026-02946,2026-02-28,Pacific Components Co.,APAC,Components,COM-5239,Ocean,BlueWave Lines,DC-East (PA),615,615.0,15.09,34,39.0,2026-04-03,2026-04-08,5.0,Delivered,False,True,9280.35,0.0
PO-2026-02947,2026-02-28,Allegheny Metals,North America,Components,COM-6360,Ground,RoadRunner Freight,DC-South (GA),581,581.0,18.17,7,1.0,2026-03-07,2026-03-01,0.0,Delivered,True,True,10556.77,1.0
PO-2026-02948,2026-03-01,Bangalore ElectroTech,APAC,Electronics,ELE-2713,Air,AeroFast,DC-South (GA),110,110.0,35.66,11,12.0,2026-03-12,2026-03-13,1.0,Delivered,False,True,3922.6,0.0
PO-2026-02949,2026-03-01,São Paulo Supply,LATAM,Finished Goods,FIN-2565,Ocean,Meridian Shipping,DC-East (PA),90,90.0,65.8,29,31.0,2026-03-30,2026-04-01,2.0,Delivered,False,True,5922.0,0.0
PO-2026-02950,2026-03-01,São Paulo Supply,LATAM,Raw Materials,RAW-8201,Ocean,BlueWave Lines,DC-East (PA),2211,2211.0,6.93,27,26.0,2026-03-28,2026-03-27,0.0,Delivered,True,True,15322.23,1.0
PO-2026-02951,2026-03-01,Bangalore ElectroTech,APAC,Electronics,ELE-9197,Air,SkyBridge Air Cargo,DC-South (GA),121,121.0,42.45,14,8.0,2026-03-15,2026-03-09,0.0,Delivered,True,True,5136.45,1.0
PO-2026-02952,2026-03-01,Great Lakes Packaging,North America,Packaging,PAC-8433,Ground,RoadRunner Freight,DC-Central (TX),5364,4960.0,1.27,4,1.0,2026-03-05,2026-03-02,0.0,Delivered,True,False,6812.28,0.0
PO-2026-02953,2026-03-01,São Paulo Supply,LATAM,Finished Goods,FIN-5806,Ocean,BlueWave Lines,DC-West (CA),92,92.0,49.81,28,27.0,2026-03-29,2026-03-28,0.0,Delivered,True,True,4582.52,1.0
PO-2026-02954,2026-03-01,Pacific Components Co.,APAC,Components,COM-8658,Ocean,BlueWave Lines,DC-South (GA),609,609.0,9.05,33,28.0,2026-04-03,2026-03-29,0.0,Delivered,True,True,5511.45,1.0
PO-2026-02955,2026-03-01,Rhine Components GmbH,EMEA,Electronics,ELE-6988,Air,SkyBridge Air Cargo,DC-West (CA),101,101.0,28.97,10,8.0,2026-03-11,2026-03-09,0.0,Delivered,True,True,2925.97,1.0
PO-2026-02956,2026-03-01,Shenzhen Precision Ltd,APAC,Components,COM-6427,Ocean,BlueWave Lines,DC-South (GA),599,546.0,15.19,31,31.0,2026-04-01,2026-04-01,0.0,Delivered,True,False,9098.81,0.0
PO-2026-02957,2026-03-01,Shenzhen Precision Ltd,APAC,Electronics,ELE-5627,Ocean,BlueWave Lines,DC-East (PA),116,116.0,33.32,31,33.0,2026-04-01,2026-04-03,2.0,Delivered,False,True,3865.12,0.0
PO-2026-02958,2026-03-01,São Paulo Supply,LATAM,Finished Goods,FIN-3939,Ocean,BlueWave Lines,DC-South (GA),76,76.0,88.48,28,24.0,2026-03-29,2026-03-25,0.0,Delivered,True,True,6724.48,1.0
PO-2026-02959,2026-03-02,Pacific Components Co.,APAC,Electronics,ELE-6235,Ocean,BlueWave Lines,DC-West (CA),120,120.0,36.7,34,40.0,2026-04-05,2026-04-11,6.0,Delivered,False,True,4404.0,0.0
PO-2026-02960,2026-03-02,Bangalore ElectroTech,APAC,Electronics,ELE-5468,Air,AeroFast,DC-Central (TX),137,137.0,31.36,13,9.0,2026-03-15,2026-03-11,0.0,Delivered,True,True,4296.32,1.0
PO-2026-02961,2026-03-02,Pacific Components Co.,APAC,Components,COM-5869,Ocean,Meridian Shipping,DC-East (PA),610,610.0,8.85,34,34.0,2026-04-05,2026-04-05,0.0,Delivered,True,True,5398.5,1.0
PO-2026-02962,2026-03-02,São Paulo Supply,LATAM,Finished Goods,FIN-2673,Ocean,Meridian Shipping,DC-Central (TX),75,75.0,63.43,29,27.0,2026-03-31,2026-03-29,0.0,Delivered,True,True,4757.25,1.0
PO-2026-02963,2026-03-02,Great Lakes Packaging,North America,Packaging,PAC-3251,Ground,RoadRunner Freight,DC-South (GA),5380,5380.0,1.3,7,1.0,2026-03-09,2026-03-03,0.0,Delivered,True,True,6994.0,1.0
PO-2026-02964,2026-03-02,Great Lakes Packaging,North America,Packaging,PAC-9429,Ground,RoadRunner Freight,DC-East (PA),5351,5351.0,1.0,8,6.0,2026-03-10,2026-03-08,0.0,Delivered,True,True,5351.0,1.0
PO-2026-02965,2026-03-02,Great Lakes Packaging,North America,Packaging,PAC-9782,Ground,Continental Trucking,DC-West (CA),5427,5427.0,1.9,5,2.0,2026-03-07,2026-03-04,0.0,Delivered,True,True,10311.3,1.0
PO-2026-02966,2026-03-02,Bangalore ElectroTech,APAC,Electronics,ELE-4426,Air,SkyBridge Air Cargo,DC-Central (TX),117,117.0,36.73,11,9.0,2026-03-13,2026-03-11,0.0,Delivered,True,True,4297.41,1.0
PO-2026-02967,2026-03-02,Bangalore ElectroTech,APAC,Electronics,ELE-2556,Air,SkyBridge Air Cargo,DC-West (CA),119,119.0,38.46,12,8.0,2026-03-14,2026-03-10,0.0,Delivered,True,True,4576.74,1.0
PO-2026-02968,2026-03-02,Pacific Components Co.,APAC,Components,COM-6925,Ocean,Meridian Shipping,DC-Central (TX),576,576.0,12.37,33,33.0,2026-04-04,2026-04-04,0.0,Delivered,True,True,7125.12,1.0
PO-2026-02969,2026-03-02,Allegheny Metals,North America,Raw Materials,RAW-2056,Ground,RoadRunner Freight,DC-East (PA),2204,2204.0,4.98,7,4.0,2026-03-09,2026-03-06,0.0,Delivered,True,True,10975.92,1.0
PO-2026-02970,2026-03-02,São Paulo Supply,LATAM,Raw Materials,RAW-2308,Ocean,Meridian Shipping,DC-West (CA),2237,2237.0,5.6,28,31.0,2026-03-30,2026-04-02,3.0,Delivered,False,True,12527.2,0.0
PO-2026-02971,2026-03-02,Great Lakes Packaging,North America,Packaging,PAC-8519,Ground,Continental Trucking,DC-Central (TX),5411,5411.0,1.15,6,2.0,2026-03-08,2026-03-04,0.0,Delivered,True,True,6222.65,1.0
PO-2026-02972,2026-03-02,Great Lakes Packaging,North America,Packaging,PAC-9496,Ground,RoadRunner Freight,DC-West (CA),5407,5407.0,1.02,7,2.0,2026-03-09,2026-03-04,0.0,Delivered,True,True,5515.14,1.0
PO-2026-02973,2026-03-03,Rhine Components GmbH,EMEA,Components,COM-3165,Air,SkyBridge Air Cargo,DC-Central (TX),577,577.0,10.46,10,7.0,2026-03-13,2026-03-10,0.0,Delivered,True,True,6035.42,1.0
PO-2026-02974,2026-03-03,Iberia Logistics SA,EMEA,Finished Goods,FIN-6065,Ocean,Meridian Shipping,DC-West (CA),93,93.0,80.06,25,19.0,2026-03-28,2026-03-22,0.0,Delivered,True,True,7445.58,1.0
PO-2026-02975,2026-03-03,Great Lakes Packaging,North America,Packaging,PAC-9978,Ground,RoadRunner Freight,DC-South (GA),5491,5491.0,1.52,7,4.0,2026-03-10,2026-03-07,0.0,Delivered,True,True,8346.32,1.0
PO-2026-02976,2026-03-04,Iberia Logistics SA,EMEA,Packaging,PAC-7508,Ocean,BlueWave Lines,DC-West (CA),5480,5480.0,1.02,26,21.0,2026-03-30,2026-03-25,0.0,Delivered,True,True,5589.6,1.0
PO-2026-02977,2026-03-04,Shenzhen Precision Ltd,APAC,Components,COM-2900,Ocean,BlueWave Lines,DC-East (PA),595,595.0,11.92,30,31.0,2026-04-03,2026-04-04,1.0,Delivered,False,True,7092.4,0.0
PO-2026-02978,2026-03-04,São Paulo Supply,LATAM,Finished Goods,FIN-3590,Ocean,Meridian Shipping,DC-South (GA),110,110.0,97.38,28,27.0,2026-04-01,2026-03-31,0.0,Delivered,True,True,10711.8,1.0
PO-2026-02979,2026-03-04,Monterrey Assembly,LATAM,Components,COM-2376,Ground,RoadRunner Freight,DC-Central (TX),579,579.0,13.02,8,5.0,2026-03-12,2026-03-09,0.0,Delivered,True,True,7538.58,1.0
PO-2026-02980,2026-03-04,Iberia Logistics SA,EMEA,Packaging,PAC-3223,Ocean,BlueWave Lines,DC-East (PA),5515,4608.0,0.97,24,21.0,2026-03-28,2026-03-25,0.0,Delivered,True,False,5349.55,0.0
PO-2026-02981,2026-03-04,Allegheny Metals,North America,Components,COM-8267,Ground,RoadRunner Freight,DC-Central (TX),608,608.0,15.98,7,7.0,2026-03-11,2026-03-11,0.0,Delivered,True,True,9715.84,1.0
PO-2026-02982,2026-03-05,Great Lakes Packaging,North America,Packaging,PAC-4399,Ground,Continental Trucking,DC-South (GA),5345,5345.0,1.29,6,4.0,2026-03-11,2026-03-09,0.0,Delivered,True,True,6895.05,1.0
PO-2026-02983,2026-03-05,Shenzhen Precision Ltd,APAC,Components,COM-4259,Ocean,Meridian Shipping,DC-South (GA),589,589.0,9.97,31,26.0,2026-04-05,2026-03-31,0.0,Delivered,True,True,5872.33,1.0
PO-2026-02984,2026-03-05,São Paulo Supply,LATAM,Finished Goods,FIN-1901,Ocean,Meridian Shipping,DC-East (PA),84,84.0,60.33,28,29.0,2026-04-02,2026-04-03,1.0,Delivered,False,True,5067.72,0.0
PO-2026-02985,2026-03-05,Allegheny Metals,North America,Components,COM-7617,Ground,Continental Trucking,DC-West (CA),608,608.0,13.64,8,6.0,2026-03-13,2026-03-11,0.0,Delivered,True,True,8293.12,1.0
PO-2026-02986,2026-03-05,Allegheny Metals,North America,Raw Materials,RAW-5827,Ground,RoadRunner Freight,DC-Central (TX),2203,2203.0,9.66,6,3.0,2026-03-11,2026-03-08,0.0,Delivered,True,True,21280.98,1.0
PO-2026-02987,2026-03-05,Monterrey Assembly,LATAM,Components,COM-3170,Ground,Continental Trucking,DC-West (CA),648,648.0,10.94,11,11.0,2026-03-16,2026-03-16,0.0,Delivered,True,True,7089.12,1.0
PO-2026-02988,2026-03-05,Iberia Logistics SA,EMEA,Packaging,PAC-1073,Ocean,Meridian Shipping,DC-East (PA),5307,5307.0,1.26,22,21.0,2026-03-27,2026-03-26,0.0,Delivered,True,True,6686.82,1.0
PO-2026-02989,2026-03-05,Allegheny Metals,North America,Components,COM-7104,Ground,Continental Trucking,DC-East (PA),576,576.0,10.27,8,5.0,2026-03-13,2026-03-10,0.0,Delivered,True,True,5915.52,1.0
PO-2026-02990,2026-03-05,Great Lakes Packaging,North America,Packaging,PAC-6622,Ground,Continental Trucking,DC-Central (TX),5401,5401.0,1.57,7,3.0,2026-03-12,2026-03-08,0.0,Delivered,True,True,8479.57,1.0
PO-2026-02991,2026-03-05,Shenzhen Precision Ltd,APAC,Electronics,ELE-2674,Ocean,BlueWave Lines,DC-West (CA),131,131.0,50.5,32,28.0,2026-04-06,2026-04-02,0.0,Delivered,True,True,6615.5,1.0
PO-2026-02992,2026-03-06,Rhine Components GmbH,EMEA,Components,COM-4504,Air,AeroFast,DC-West (CA),661,661.0,14.12,9,4.0,2026-03-15,2026-03-10,0.0,Delivered,True,True,9333.32,1.0
PO-2026-02993,2026-03-06,Pacific Components Co.,APAC,Electronics,ELE-8585,Ocean,BlueWave Lines,DC-Central (TX),123,123.0,39.05,34,34.0,2026-04-09,2026-04-09,0.0,Delivered,True,True,4803.15,1.0
PO-2026-02994,2026-03-06,Bangalore ElectroTech,APAC,Electronics,ELE-2933,Air,SkyBridge Air Cargo,DC-West (CA),121,121.0,16.84,11,11.0,2026-03-17,2026-03-17,0.0,Delivered,True,True,2037.64,1.0
PO-2026-02995,2026-03-06,Allegheny Metals,North America,Raw Materials,RAW-9065,Ground,Continental Trucking,DC-East (PA),2188,2188.0,7.25,8,5.0,2026-03-14,2026-03-11,0.0,Delivered,True,True,15863.0,1.0
PO-2026-02996,2026-03-06,Rhine Components GmbH,EMEA,Components,COM-5878,Air,SkyBridge Air Cargo,DC-West (CA),0,594.0,18.45,7,5.0,2026-03-13,2026-03-11,0.0,Delivered,True,True,10959.3,1.0
PO-2026-02997,2026-03-06,São Paulo Supply,LATAM,Finished Goods,FIN-5851,Ocean,BlueWave Lines,DC-South (GA),89,89.0,83.24,27,25.0,2026-04-02,2026-03-31,0.0,Delivered,True,True,7408.36,1.0
PO-2026-02998,2026-03-06,Bangalore ElectroTech,APAC,Electronics,ELE-2362,Air,AeroFast,DC-South (GA),121,121.0,66.97,13,8.0,2026-03-19,2026-03-14,0.0,Delivered,True,True,8103.37,1.0
PO-2026-02999,2026-03-06,Great Lakes Packaging,North America,Packaging,PAC-4746,Ground,Continental Trucking,DC-Central (TX),5333,5333.0,0.89,7,4.0,2026-03-13,2026-03-10,0.0,Delivered,True,True,4746.37,1.0
PO-2026-03000,2026-03-06,Shenzhen Precision Ltd,APAC,Electronics,ELE-5994,Ocean,BlueWave Lines,DC-South (GA),124,124.0,32.76,30,20.0,2026-04-05,2026-03-26,0.0,Delivered,True,True,4062.24,1.0
PO-2026-03001,2026-03-06,Allegheny Metals,North America,Components,COM-7048,Ground,RoadRunner Freight,DC-East (PA),597,495.0,12.53,8,6.0,2026-03-14,2026-03-12,0.0,Delivered,True,False,7480.41,0.0
PO-2026-03002,2026-03-06,Iberia Logistics SA,EMEA,Finished Goods,FIN-4251,Ocean,Meridian Shipping,DC-South (GA),81,81.0,96.08,23,15.0,2026-03-29,2026-03-21,0.0,Delivered,True,True,7782.48,1.0
PO-2026-03003,2026-03-06,Rhine Components GmbH,EMEA,Components,COM-4292,Air,AeroFast,DC-West (CA),622,622.0,16.78,8,5.0,2026-03-14,2026-03-11,0.0,Delivered,True,True,10437.16,1.0
PO-2026-03004,2026-03-06,São Paulo Supply,LATAM,Finished Goods,FIN-4949,Ocean,Meridian Shipping,DC-South (GA),85,85.0,82.2,28,22.0,2026-04-03,2026-03-28,0.0,Delivered,True,True,6987.0,1.0
PO-2026-03005,2026-03-06,São Paulo Supply,LATAM,Raw Materials,RAW-6525,Ocean,Meridian Shipping,DC-West (CA),2204,2204.0,7.12,27,19.0,2026-04-02,2026-03-25,0.0,Delivered,True,True,15692.48,1.0
PO-2026-03006,2026-03-07,Rhine Components GmbH,EMEA,Electronics,ELE-4081,Air,AeroFast,DC-West (CA),111,106.0,46.29,8,6.0,2026-03-15,2026-03-13,0.0,Delivered,True,False,5138.19,0.0
PO-2026-03007,2026-03-07,Iberia Logistics SA,EMEA,Finished Goods,FIN-9107,Ocean,Meridian Shipping,DC-West (CA),81,81.0,95.75,24,30.0,2026-03-31,2026-04-06,6.0,Delivered,False,True,7755.75,0.0
PO-2026-03008,2026-03-07,Iberia Logistics SA,EMEA,Packaging,PAC-4994,Ocean,Meridian Shipping,DC-West (CA),5433,4715.0,1.21,26,26.0,2026-04-02,2026-04-02,0.0,Delivered,True,False,6573.93,0.0
PO-2026-03009,2026-03-07,Rhine Components GmbH,EMEA,Electronics,ELE-9671,Air,SkyBridge Air Cargo,DC-West (CA),132,132.0,45.94,9,7.0,2026-03-16,2026-03-14,0.0,Delivered,True,True,6064.08,1.0
PO-2026-03010,2026-03-07,Pacific Components Co.,APAC,Components,COM-5340,Ocean,BlueWave Lines,DC-East (PA),530,530.0,18.84,34,32.0,2026-04-10,2026-04-08,0.0,Delivered,True,True,9985.2,1.0
PO-2026-03011,2026-03-07,Shenzhen Precision Ltd,APAC,Electronics,ELE-2110,Ocean,BlueWave Lines,DC-East (PA),104,104.0,42.77,33,33.0,2026-04-09,2026-04-09,0.0,Delivered,True,True,4448.08,1.0
PO-2026-03012,2026-03-07,Great Lakes Packaging,North America,Packaging,PAC-2642,Ground,Continental Trucking,DC-East (PA),5475,5475.0,1.35,8,4.0,2026-03-15,2026-03-11,0.0,Delivered,True,True,7391.25,1.0
PO-2026-03013,2026-03-07,Iberia Logistics SA,EMEA,Packaging,PAC-1216,Ocean,BlueWave Lines,DC-East (PA),5472,4529.0,1.67,25,21.0,2026-04-01,2026-03-28,0.0,Delivered,True,False,9138.24,0.0
PO-2026-03014,2026-03-07,Shenzhen Precision Ltd,APAC,Components,COM-4540,Ocean,Meridian Shipping,DC-East (PA),564,564.0,19.12,31,29.0,2026-04-07,2026-04-05,0.0,Delivered,True,True,10783.68,1.0
PO-2026-03015,2026-03-07,Rhine Components GmbH,EMEA,Electronics,ELE-1734,Air,AeroFast,DC-West (CA),119,119.0,41.57,10,4.0,2026-03-17,2026-03-11,0.0,Delivered,True,True,4946.83,1.0
PO-2026-03016,2026-03-07,Great Lakes Packaging,North America,Packaging,PAC-8073,Ground,RoadRunner Freight,DC-East (PA),5329,5329.0,1.59,7,5.0,2026-03-14,2026-03-12,0.0,Delivered,True,True,8473.11,1.0
PO-2026-03017,2026-03-08,Pacific Components Co.,APAC,Components,COM-6291,Ocean,BlueWave Lines,DC-Central (TX),627,627.0,16.22,34,34.0,2026-04-11,2026-04-11,0.0,Delivered,True,True,10169.94,1.0
PO-2026-03018,2026-03-08,Bangalore ElectroTech,APAC,Electronics,ELE-3538,Air,AeroFast,DC-South (GA),137,137.0,54.12,12,10.0,2026-03-20,2026-03-18,0.0,Delivered,True,True,7414.44,1.0
PO-2026-03019,2026-03-08,Rhine Components GmbH,EMEA,Electronics,ELE-5266,Air,SkyBridge Air Cargo,DC-West (CA),116,116.0,33.57,9,8.0,2026-03-17,2026-03-16,0.0,Delivered,True,True,3894.12,1.0
PO-2026-03020,2026-03-08,Iberia Logistics SA,EMEA,Finished Goods,FIN-1889,Ocean,BlueWave Lines,DC-Central (TX),90,90.0,99.48,24,23.0,2026-04-01,2026-03-31,0.0,Delivered,True,True,8953.2,1.0
PO-2026-03021,2026-03-08,São Paulo Supply,LATAM,Finished Goods,FIN-9571,Ocean,BlueWave Lines,DC-South (GA),106,106.0,79.14,29,30.0,2026-04-06,2026-04-07,1.0,Delivered,False,True,8388.84,0.0
PO-2026-03022,2026-03-08,Bangalore ElectroTech,APAC,Electronics,ELE-8611,Air,SkyBridge Air Cargo,DC-Central (TX),97,97.0,51.46,12,14.0,2026-03-20,2026-03-22,2.0,Delivered,False,True,4991.62,0.0
PO-2026-03023,2026-03-08,Pacific Components Co.,APAC,Components,COM-4201,Ocean,BlueWave Lines,DC-South (GA),615,615.0,8.97,35,40.0,2026-04-12,2026-04-17,5.0,Delivered,False,True,5516.55,0.0
PO-2026-03024,2026-03-08,Rhine Components GmbH,EMEA,Components,COM-7054,Air,SkyBridge Air Cargo,DC-Central (TX),599,599.0,11.57,8,6.0,2026-03-16,2026-03-14,0.0,Delivered,True,True,6930.43,1.0
PO-2026-03025,2026-03-09,Bangalore ElectroTech,APAC,Electronics,ELE-2487,Air,AeroFast,DC-South (GA),134,134.0,41.04,13,13.0,2026-03-22,2026-03-22,0.0,Delivered,True,True,5499.36,1.0
PO-2026-03026,2026-03-09,Great Lakes Packaging,North America,Packaging,PAC-3901,Ground,RoadRunner Freight,DC-South (GA),5357,4830.0,1.43,7,5.0,2026-03-16,2026-03-14,0.0,Delivered,True,False,7660.51,0.0
PO-2026-03027,2026-03-09,Iberia Logistics SA,EMEA,Finished Goods,FIN-4470,Ocean,BlueWave Lines,DC-Central (TX),102,82.0,76.32,25,22.0,2026-04-03,2026-03-31,0.0,Delivered,True,False,7784.64,0.0
PO-2026-03028,2026-03-09,Great Lakes Packaging,North America,Packaging,PAC-6656,Ground,Continental Trucking,DC-South (GA),5358,5358.0,1.25,5,1.0,2026-03-14,2026-03-10,0.0,Delivered,True,True,6697.5,1.0
PO-2026-03029,2026-03-09,Rhine Components GmbH,EMEA,Electronics,ELE-6580,Air,AeroFast,DC-East (PA),129,129.0,37.13,12,7.0,2026-03-21,2026-03-16,0.0,Delivered,True,True,4789.77,1.0
PO-2026-03030,2026-03-10,Shenzhen Precision Ltd,APAC,Components,COM-3299,Ocean,BlueWave Lines,DC-East (PA),598,598.0,8.45,33,30.0,2026-04-12,2026-04-09,0.0,Delivered,True,True,5053.1,1.0
PO-2026-03031,2026-03-10,Iberia Logistics SA,EMEA,Finished Goods,FIN-9231,Ocean,Meridian Shipping,DC-South (GA),100,100.0,95.68,25,22.0,2026-04-04,2026-04-01,0.0,Delivered,True,True,9568.0,1.0
PO-2026-03032,2026-03-10,Shenzhen Precision Ltd,APAC,Electronics,ELE-3213,Ocean,Meridian Shipping,DC-West (CA),106,106.0,27.2,31,30.0,2026-04-10,2026-04-09,0.0,Delivered,True,True,2883.2,1.0
PO-2026-03033,2026-03-11,Bangalore ElectroTech,APAC,Electronics,ELE-7064,Air,SkyBridge Air Cargo,DC-Central (TX),120,120.0,38.76,12,9.0,2026-03-23,2026-03-20,0.0,Delivered,True,True,4651.2,1.0
PO-2026-03034,2026-03-11,Pacific Components Co.,APAC,Components,COM-2095,Ocean,BlueWave Lines,DC-West (CA),609,609.0,17.16,35,41.0,2026-04-15,2026-04-21,6.0,Delivered,False,True,10450.44,0.0
PO-2026-03035,2026-03-11,São Paulo Supply,LATAM,Finished Goods,FIN-8247,Ocean,BlueWave Lines,DC-South (GA),101,101.0,105.99,29,22.0,2026-04-09,2026-04-02,0.0,Delivered,True,True,10704.99,1.0
PO-2026-03036,2026-03-11,Bangalore ElectroTech,APAC,Electronics,ELE-8850,Air,SkyBridge Air Cargo,DC-West (CA),106,106.0,42.13,12,6.0,2026-03-23,2026-03-17,0.0,Delivered,True,True,4465.78,1.0
PO-2026-03037,2026-03-11,Iberia Logistics SA,EMEA,Finished Goods,FIN-9079,Ocean,BlueWave Lines,DC-South (GA),89,89.0,88.48,23,25.0,2026-04-03,2026-04-05,2.0,Delivered,False,True,7874.72,0.0
PO-2026-03038,2026-03-11,Rhine Components GmbH,EMEA,Electronics,ELE-5580,Air,SkyBridge Air Cargo,DC-Central (TX),115,115.0,37.69,10,8.0,2026-03-21,2026-03-19,0.0,Delivered,True,True,4334.35,1.0
PO-2026-03039,2026-03-11,Allegheny Metals,North America,Components,COM-5399,Ground,Continental Trucking,DC-South (GA),604,604.0,21.24,7,5.0,2026-03-18,2026-03-16,0.0,Delivered,True,True,12828.96,1.0
PO-2026-03040,2026-03-11,Shenzhen Precision Ltd,APAC,Electronics,ELE-2616,Ocean,BlueWave Lines,DC-Central (TX),127,127.0,54.0,31,28.0,2026-04-11,2026-04-08,0.0,Delivered,True,True,6858.0,1.0
PO-2026-03041,2026-03-11,Great Lakes Packaging,North America,Packaging,PAC-3822,Ground,RoadRunner Freight,DC-Central (TX),5424,5424.0,0.97,5,1.0,2026-03-16,2026-03-12,0.0,Delivered,True,True,5261.28,1.0
PO-2026-03042,2026-03-11,Bangalore ElectroTech,APAC,Electronics,ELE-7307,Air,SkyBridge Air Cargo,DC-West (CA),119,119.0,27.83,13,10.0,2026-03-24,2026-03-21,0.0,Delivered,True,True,3311.77,1.0
PO-2026-03043,2026-03-11,Bangalore ElectroTech,APAC,Electronics,ELE-2381,Air,SkyBridge Air Cargo,DC-West (CA),117,117.0,28.93,11,9.0,2026-03-22,2026-03-20,0.0,Delivered,True,True,3384.81,1.0
PO-2026-03044,2026-03-11,Shenzhen Precision Ltd,APAC,Electronics,ELE-4786,Ocean,Meridian Shipping,DC-Central (TX),135,135.0,49.47,31,24.0,2026-04-11,2026-04-04,0.0,Delivered,True,True,6678.45,1.0
PO-2026-03045,2026-03-11,Bangalore ElectroTech,APAC,Electronics,ELE-2515,Air,AeroFast,DC-Central (TX),107,107.0,53.81,12,7.0,2026-03-23,2026-03-18,0.0,Delivered,True,True,5757.67,1.0
PO-2026-03046,2026-03-12,Rhine Components GmbH,EMEA,Components,COM-9702,Air,SkyBridge Air Cargo,DC-East (PA),566,566.0,10.24,10,7.0,2026-03-22,2026-03-19,0.0,Delivered,True,True,5795.84,1.0
PO-2026-03047,2026-03-12,Bangalore ElectroTech,APAC,Electronics,ELE-3698,Air,AeroFast,DC-South (GA),124,124.0,37.81,11,8.0,2026-03-23,2026-03-20,0.0,Delivered,True,True,4688.44,1.0
PO-2026-03048,2026-03-12,Monterrey Assembly,LATAM,Components,COM-6780,Ground,Continental Trucking,DC-West (CA),636,636.0,10.91,12,12.0,2026-03-24,2026-03-24,0.0,Delivered,True,True,6938.76,1.0
PO-2026-03049,2026-03-12,Monterrey Assembly,LATAM,Finished Goods,FIN-2022,Ground,RoadRunner Freight,DC-West (CA),107,107.0,96.09,10,5.0,2026-03-22,2026-03-17,0.0,Delivered,True,True,10281.63,1.0
PO-2026-03050,2026-03-12,São Paulo Supply,LATAM,Raw Materials,RAW-4421,Ocean,BlueWave Lines,DC-Central (TX),2167,2167.0,6.6,27,22.0,2026-04-08,2026-04-03,0.0,Delivered,True,True,14302.2,1.0
PO-2026-03051,2026-03-12,Bangalore ElectroTech,APAC,Electronics,ELE-7733,Air,AeroFast,DC-East (PA),148,148.0,38.29,12,11.0,2026-03-24,2026-03-23,0.0,Delivered,True,True,5666.92,1.0
PO-2026-03052,2026-03-12,Iberia Logistics SA,EMEA,Packaging,PAC-9730,Ocean,Meridian Shipping,DC-East (PA),5399,5399.0,0.78,23,24.0,2026-04-04,2026-04-05,1.0,Delivered,False,True,4211.22,0.0
PO-2026-03053,2026-03-13,Rhine Components GmbH,EMEA,Components,COM-2656,Air,SkyBridge Air Cargo,DC-Central (TX),545,545.0,16.61,10,7.0,2026-03-23,2026-03-20,0.0,Delivered,True,True,9052.45,1.0
PO-2026-03054,2026-03-13,Rhine Components GmbH,EMEA,Electronics,ELE-9479,Air,SkyBridge Air Cargo,DC-South (GA),117,117.0,33.51,12,10.0,2026-03-25,2026-03-23,0.0,Delivered,True,True,3920.67,1.0
PO-2026-03055,2026-03-13,Great Lakes Packaging,North America,Packaging,PAC-4244,Ground,Continental Trucking,DC-Central (TX),5421,5421.0,1.36,5,3.0,2026-03-18,2026-03-16,0.0,Delivered,True,True,7372.56,1.0
PO-2026-03056,2026-03-13,Great Lakes Packaging,North America,Packaging,PAC-5971,Ground,RoadRunner Freight,DC-West (CA),5350,5350.0,1.02,5,3.0,2026-03-18,2026-03-16,0.0,Delivered,True,True,5457.0,1.0
PO-2026-03057,2026-03-13,Monterrey Assembly,LATAM,Components,COM-8995,Ground,Continental Trucking,DC-East (PA),656,656.0,9.44,10,6.0,2026-03-23,2026-03-19,0.0,Delivered,True,True,6192.64,1.0
PO-2026-03058,2026-03-13,Shenzhen Precision Ltd,APAC,Electronics,ELE-4447,Ocean,BlueWave Lines,DC-South (GA),117,117.0,33.32,34,33.0,2026-04-16,2026-04-15,0.0,Delivered,True,True,3898.44,1.0
PO-2026-03059,2026-03-13,Shenzhen Precision Ltd,APAC,Electronics,ELE-8244,Ocean,BlueWave Lines,DC-West (CA),146,146.0,49.94,32,26.0,2026-04-14,2026-04-08,0.0,Delivered,True,True,7291.24,1.0
PO-2026-03060,2026-03-14,Rhine Components GmbH,EMEA,Components,COM-1024,Air,AeroFast,DC-South (GA),610,610.0,8.88,9,7.0,2026-03-23,2026-03-21,0.0,Delivered,True,True,5416.8,1.0
PO-2026-03061,2026-03-14,Allegheny Metals,North America,Components,COM-6772,Ground,RoadRunner Freight,DC-West (CA),557,557.0,12.87,5,7.0,2026-03-19,2026-03-21,2.0,Delivered,False,True,7168.59,0.0
PO-2026-03062,2026-03-14,São Paulo Supply,LATAM,Finished Goods,FIN-7589,Ocean,Meridian Shipping,DC-South (GA),111,111.0,52.97,27,25.0,2026-04-10,2026-04-08,0.0,Delivered,True,True,5879.67,1.0
PO-2026-03063,2026-03-14,Bangalore ElectroTech,APAC,Electronics,ELE-9290,Air,SkyBridge Air Cargo,DC-Central (TX),125,125.0,40.04,12,7.0,2026-03-26,2026-03-21,0.0,Delivered,True,True,5005.0,1.0
PO-2026-03064,2026-03-14,Shenzhen Precision Ltd,APAC,Electronics,ELE-7193,Ocean,Meridian Shipping,DC-West (CA),110,110.0,45.77,34,32.0,2026-04-17,2026-04-15,0.0,Delivered,True,True,5034.7,1.0
PO-2026-03065,2026-03-14,Allegheny Metals,North America,Raw Materials,RAW-8761,Ground,Continental Trucking,DC-West (CA),2267,2267.0,9.26,7,5.0,2026-03-21,2026-03-19,0.0,Delivered,True,True,20992.42,1.0
PO-2026-03066,2026-03-14,São Paulo Supply,LATAM,Raw Materials,RAW-2102,Ocean,BlueWave Lines,DC-Central (TX),2199,2199.0,10.77,28,20.0,2026-04-11,2026-04-03,0.0,Delivered,True,True,23683.23,1.0
PO-2026-03067,2026-03-14,Iberia Logistics SA,EMEA,Packaging,PAC-8369,Ocean,Meridian Shipping,DC-East (PA),5483,5483.0,1.58,24,29.0,2026-04-07,2026-04-12,5.0,Delivered,False,True,8663.14,0.0
PO-2026-03068,2026-03-14,Pacific Components Co.,APAC,Components,COM-5486,Ocean,Meridian Shipping,DC-South (GA),539,539.0,21.25,34,38.0,2026-04-17,2026-04-21,4.0,Delivered,False,True,11453.75,0.0
PO-2026-03069,2026-03-14,Shenzhen Precision Ltd,APAC,Electronics,ELE-6149,Ocean,BlueWave Lines,DC-West (CA),147,147.0,45.88,32,27.0,2026-04-15,2026-04-10,0.0,Delivered,True,True,6744.36,1.0
PO-2026-03070,2026-03-14,Iberia Logistics SA,EMEA,Finished Goods,FIN-3315,Ocean,BlueWave Lines,DC-West (CA),0,86.0,74.15,22,22.0,2026-04-05,2026-04-05,0.0,Delivered,True,True,6376.9,1.0
PO-2026-03071,2026-03-14,Shenzhen Precision Ltd,APAC,Electronics,ELE-3103,Ocean,Meridian Shipping,DC-South (GA),125,125.0,39.82,30,28.0,2026-04-13,2026-04-11,0.0,Delivered,True,True,4977.5,1.0
PO-2026-03072,2026-03-14,Iberia Logistics SA,EMEA,Packaging,PAC-7321,Ocean,BlueWave Lines,DC-West (CA),5571,5571.0,1.31,24,27.0,2026-04-07,2026-04-10,3.0,Delivered,False,True,7298.01,0.0
PO-2026-03073,2026-03-14,Iberia Logistics SA,EMEA,Finished Goods,FIN-4173,Ocean,BlueWave Lines,DC-South (GA),99,99.0,90.76,23,17.0,2026-04-06,2026-03-31,0.0,Delivered,True,True,8985.24,1.0
PO-2026-03074,2026-03-14,Shenzhen Precision Ltd,APAC,Components,COM-7367,Ocean,BlueWave Lines,DC-West (CA),604,604.0,12.94,33,33.0,2026-04-16,2026-04-16,0.0,Delivered,True,True,7815.76,1.0
PO-2026-03075,2026-03-15,Shenzhen Precision Ltd,APAC,Electronics,ELE-5878,Ocean,Meridian Shipping,DC-Central (TX),101,101.0,31.18,32,32.0,2026-04-16,2026-04-16,0.0,Delivered,True,True,3149.18,1.0
PO-2026-03076,2026-03-15,Rhine Components GmbH,EMEA,Components,COM-8997,Air,SkyBridge Air Cargo,DC-Central (TX),569,569.0,13.36,9,1.0,2026-03-24,2026-03-16,0.0,Delivered,True,True,7601.84,1.0
PO-2026-03077,2026-03-15,Bangalore ElectroTech,APAC,Electronics,ELE-9495,Air,SkyBridge Air Cargo,DC-East (PA),145,145.0,40.21,13,12.0,2026-03-28,2026-03-27,0.0,Delivered,True,True,5830.45,1.0
PO-2026-03078,2026-03-16,Rhine Components GmbH,EMEA,Electronics,ELE-8783,Air,AeroFast,DC-East (PA),135,135.0,38.0,10,8.0,2026-03-26,2026-03-24,0.0,Delivered,True,True,5130.0,1.0
PO-2026-03079,2026-03-16,Shenzhen Precision Ltd,APAC,Components,COM-4152,Ocean,BlueWave Lines,DC-West (CA),594,594.0,14.81,34,31.0,2026-04-19,2026-04-16,0.0,Delivered,True,True,8797.14,1.0
PO-2026-03080,2026-03-16,São Paulo Supply,LATAM,Raw Materials,RAW-1889,Ocean,BlueWave Lines,DC-South (GA),2159,2159.0,9.91,28,25.0,2026-04-13,2026-04-10,0.0,Delivered,True,True,21395.69,1.0
PO-2026-03081,2026-03-16,Iberia Logistics SA,EMEA,Packaging,PAC-8167,Ocean,Meridian Shipping,DC-East (PA),5355,5355.0,1.36,24,22.0,2026-04-09,2026-04-07,0.0,Delivered,True,True,7282.8,1.0
PO-2026-03082,2026-03-16,Pacific Components Co.,APAC,Electronics,ELE-2661,Ocean,BlueWave Lines,DC-South (GA),116,116.0,44.1,36,41.0,2026-04-21,2026-04-26,5.0,Delivered,False,True,5115.6,0.0
PO-2026-03083,2026-03-16,Monterrey Assembly,LATAM,Finished Goods,FIN-2649,Ground,RoadRunner Freight,DC-East (PA),103,96.0,91.5,13,12.0,2026-03-29,2026-03-28,0.0,Delivered,True,False,9424.5,0.0
PO-2026-03084,2026-03-16,Bangalore ElectroTech,APAC,Electronics,ELE-3212,Air,AeroFast,DC-East (PA),123,123.0,48.17,12,12.0,2026-03-28,2026-03-28,0.0,Delivered,True,True,5924.91,1.0
PO-2026-03085,2026-03-17,Iberia Logistics SA,EMEA,Packaging,PAC-8982,Ocean,BlueWave Lines,DC-West (CA),5313,5313.0,1.32,24,16.0,2026-04-10,2026-04-02,0.0,Delivered,True,True,7013.16,1.0
PO-2026-03086,2026-03-17,Bangalore ElectroTech,APAC,Electronics,ELE-7220,Air,AeroFast,DC-East (PA),141,141.0,52.49,10,6.0,2026-03-27,2026-03-23,0.0,Delivered,True,True,7401.09,1.0
PO-2026-03087,2026-03-17,Bangalore ElectroTech,APAC,Electronics,ELE-2890,Air,AeroFast,DC-Central (TX),126,126.0,46.46,12,8.0,2026-03-29,2026-03-25,0.0,Delivered,True,True,5853.96,1.0
PO-2026-03088,2026-03-17,Pacific Components Co.,APAC,Components,COM-1290,Ocean,Meridian Shipping,DC-Central (TX),599,599.0,16.12,34,34.0,2026-04-20,2026-04-20,0.0,Delivered,True,True,9655.88,1.0
PO-2026-03089,2026-03-17,Great Lakes Packaging,North America,Packaging,PAC-1891,Ground,RoadRunner Freight,DC-West (CA),5427,5427.0,0.86,6,1.0,2026-03-23,2026-03-18,0.0,Delivered,True,True,4667.22,1.0
PO-2026-03090,2026-03-17,Shenzhen Precision Ltd,APAC,Electronics,ELE-9448,Ocean,Meridian Shipping,DC-South (GA),100,100.0,44.58,32,28.0,2026-04-18,2026-04-14,0.0,Delivered,True,True,4458.0,1.0
PO-2026-03091,2026-03-17,Allegheny Metals,North America,Raw Materials,RAW-3532,Ground,RoadRunner Freight,DC-South (GA),2195,2195.0,12.2,7,6.0,2026-03-24,2026-03-23,0.0,Delivered,True,True,26779.0,1.0
PO-2026-03092,2026-03-17,Great Lakes Packaging,North America,Packaging,PAC-4448,Ground,Continental Trucking,DC-West (CA),5542,5542.0,1.15,6,1.0,2026-03-23,2026-03-18,0.0,Delivered,True,True,6373.3,1.0
PO-2026-03093,2026-03-18,Pacific Components Co.,APAC,Electronics,ELE-8802,Ocean,Meridian Shipping,DC-West (CA),131,117.0,57.21,36,37.0,2026-04-23,2026-04-24,1.0,Delivered,False,False,7494.51,0.0
PO-2026-03094,2026-03-18,Rhine Components GmbH,EMEA,Components,COM-9161,Air,SkyBridge Air Cargo,DC-West (CA),618,618.0,17.27,8,4.0,2026-03-26,2026-03-22,0.0,Delivered,True,True,10672.86,1.0
PO-2026-03095,2026-03-18,Monterrey Assembly,LATAM,Finished Goods,FIN-5892,Ground,Continental Trucking,DC-South (GA),92,92.0,57.92,11,6.0,2026-03-29,2026-03-24,0.0,Delivered,True,True,5328.64,1.0
PO-2026-03096,2026-03-18,Bangalore ElectroTech,APAC,Electronics,ELE-5009,Air,SkyBridge Air Cargo,DC-West (CA),102,102.0,45.25,12,12.0,2026-03-30,2026-03-30,0.0,Delivered,True,True,4615.5,1.0
PO-2026-03097,2026-03-18,Allegheny Metals,North America,Raw Materials,RAW-5707,Ground,RoadRunner Freight,DC-South (GA),2221,2221.0,13.54,8,6.0,2026-03-26,2026-03-24,0.0,Delivered,True,True,30072.34,1.0
PO-2026-03098,2026-03-18,Bangalore ElectroTech,APAC,Electronics,ELE-5340,Air,SkyBridge Air Cargo,DC-Central (TX),116,116.0,39.12,13,12.0,2026-03-31,2026-03-30,0.0,Delivered,True,True,4537.92,1.0
PO-2026-03099,2026-03-18,Shenzhen Precision Ltd,APAC,Components,COM-2637,Ocean,Meridian Shipping,DC-South (GA),589,589.0,15.46,34,27.0,2026-04-21,2026-04-14,0.0,Delivered,True,True,9105.94,1.0
PO-2026-03100,2026-03-19,Great Lakes Packaging,North America,Packaging,PAC-4917,Ground,Continental Trucking,DC-West (CA),5464,5464.0,1.08,6,4.0,2026-03-25,2026-03-23,0.0,Delivered,True,True,5901.12,1.0
PO-2026-03101,2026-03-19,Allegheny Metals,North America,Components,COM-1975,Ground,Continental Trucking,DC-West (CA),570,570.0,15.59,7,3.0,2026-03-26,2026-03-22,0.0,Delivered,True,True,8886.3,1.0
PO-2026-03102,2026-03-19,Shenzhen Precision Ltd,APAC,Electronics,ELE-1432,Ocean,Meridian Shipping,DC-East (PA),110,96.0,45.19,33,32.0,2026-04-21,2026-04-20,0.0,Delivered,True,False,4970.9,0.0
PO-2026-03103,2026-03-19,Shenzhen Precision Ltd,APAC,Components,COM-9402,Ocean,BlueWave Lines,DC-East (PA),596,596.0,19.39,30,27.0,2026-04-18,2026-04-15,0.0,Delivered,True,True,11556.44,1.0
PO-2026-03104,2026-03-19,Rhine Components GmbH,EMEA,Electronics,ELE-6521,Air,SkyBridge Air Cargo,DC-East (PA),125,125.0,66.32,9,8.0,2026-03-28,2026-03-27,0.0,Delivered,True,True,8290.0,1.0
PO-2026-03105,2026-03-19,Monterrey Assembly,LATAM,Components,COM-2646,Ground,RoadRunner Freight,DC-Central (TX),536,536.0,23.4,12,8.0,2026-03-31,2026-03-27,0.0,Delivered,True,True,12542.4,1.0
PO-2026-03106,2026-03-20,Great Lakes Packaging,North America,Packaging,PAC-7811,Ground,RoadRunner Freight,DC-West (CA),5373,5373.0,1.76,6,1.0,2026-03-26,2026-03-21,0.0,Delivered,True,True,9456.48,1.0
PO-2026-03107,2026-03-20,Great Lakes Packaging,North America,Packaging,PAC-7409,Ground,Continental Trucking,DC-East (PA),5384,5384.0,1.33,7,3.0,2026-03-27,2026-03-23,0.0,Delivered,True,True,7160.72,1.0
PO-2026-03108,2026-03-20,Great Lakes Packaging,North America,Packaging,PAC-7201,Ground,Continental Trucking,DC-Central (TX),5365,5365.0,1.71,6,2.0,2026-03-26,2026-03-22,0.0,Delivered,True,True,9174.15,1.0
PO-2026-03109,2026-03-20,Great Lakes Packaging,North America,Packaging,PAC-1927,Ground,RoadRunner Freight,DC-South (GA),5394,5394.0,1.43,6,3.0,2026-03-26,2026-03-23,0.0,Delivered,True,True,7713.42,1.0
PO-2026-03110,2026-03-20,Monterrey Assembly,LATAM,Finished Goods,FIN-2801,Ground,RoadRunner Freight,DC-Central (TX),81,81.0,81.64,12,12.0,2026-04-01,2026-04-01,0.0,Delivered,True,True,6612.84,1.0
PO-2026-03111,2026-03-20,Allegheny Metals,North America,Components,COM-4942,Ground,Continental Trucking,DC-West (CA),643,643.0,17.42,8,7.0,2026-03-28,2026-03-27,0.0,Delivered,True,True,11201.06,1.0
PO-2026-03112,2026-03-20,Iberia Logistics SA,EMEA,Packaging,PAC-5567,Ocean,BlueWave Lines,DC-Central (TX),5419,5419.0,1.38,22,22.0,2026-04-11,2026-04-11,0.0,Delivered,True,True,7478.22,1.0
PO-2026-03113,2026-03-21,Shenzhen Precision Ltd,APAC,Electronics,ELE-4264,Ocean,BlueWave Lines,DC-Central (TX),132,132.0,44.85,32,31.0,2026-04-22,2026-04-21,0.0,Delivered,True,True,5920.2,1.0
PO-2026-03114,2026-03-21,Bangalore ElectroTech,APAC,Electronics,ELE-2220,Air,SkyBridge Air Cargo,DC-West (CA),123,123.0,29.82,13,12.0,2026-04-03,2026-04-02,0.0,Delivered,True,True,3667.86,1.0
PO-2026-03115,2026-03-21,Monterrey Assembly,LATAM,Components,COM-5333,Ground,Continental Trucking,DC-West (CA),579,579.0,20.45,10,6.0,2026-03-31,2026-03-27,0.0,Delivered,True,True,11840.55,1.0
PO-2026-03116,2026-03-21,Bangalore ElectroTech,APAC,Electronics,ELE-6014,Air,AeroFast,DC-Central (TX),135,135.0,39.36,12,11.0,2026-04-02,2026-04-01,0.0,Delivered,True,True,5313.6,1.0
PO-2026-03117,2026-03-21,Bangalore ElectroTech,APAC,Electronics,ELE-6013,Air,AeroFast,DC-Central (TX),135,135.0,54.93,11,6.0,2026-04-01,2026-03-27,0.0,Delivered,True,True,7415.55,1.0
PO-2026-03118,2026-03-21,Monterrey Assembly,LATAM,Finished Goods,FIN-3183,Ground,Continental Trucking,DC-South (GA),94,94.0,85.47,10,7.0,2026-03-31,2026-03-28,0.0,Delivered,True,True,8034.18,1.0
PO-2026-03119,2026-03-21,Rhine Components GmbH,EMEA,Components,COM-2802,Air,SkyBridge Air Cargo,DC-East (PA),623,623.0,9.25,11,8.0,2026-04-01,2026-03-29,0.0,Delivered,True,True,5762.75,1.0
PO-2026-03120,2026-03-21,Allegheny Metals,North America,Components,COM-3981,Ground,RoadRunner Freight,DC-West (CA),538,538.0,16.19,7,4.0,2026-03-28,2026-03-25,0.0,Delivered,True,True,8710.22,1.0
PO-2026-03121,2026-03-21,Monterrey Assembly,LATAM,Components,COM-5295,Ground,Continental Trucking,DC-East (PA),586,586.0,18.3,12,9.0,2026-04-02,2026-03-30,0.0,Delivered,True,True,10723.8,1.0
PO-2026-03122,2026-03-21,Allegheny Metals,North America,Components,COM-3603,Ground,Continental Trucking,DC-West (CA),594,594.0,13.3,8,7.0,2026-03-29,2026-03-28,0.0,Delivered,True,True,7900.2,1.0
PO-2026-03123,2026-03-21,Rhine Components GmbH,EMEA,Electronics,ELE-2194,Air,AeroFast,DC-Central (TX),110,110.0,45.11,9,5.0,2026-03-30,2026-03-26,0.0,Delivered,True,True,4962.1,1.0
PO-2026-03124,2026-03-22,Iberia Logistics SA,EMEA,Packaging,PAC-9376,Ocean,Meridian Shipping,DC-East (PA),5447,5447.0,0.95,26,26.0,2026-04-17,2026-04-17,0.0,Delivered,True,True,5174.65,1.0
PO-2026-03125,2026-03-22,Allegheny Metals,North America,Components,COM-7889,Ground,Continental Trucking,DC-West (CA),577,577.0,10.42,8,3.0,2026-03-30,2026-03-25,0.0,Delivered,True,True,6012.34,1.0
PO-2026-03126,2026-03-22,Great Lakes Packaging,North America,Packaging,PAC-4270,Ground,Continental Trucking,DC-East (PA),5335,4465.0,2.07,6,3.0,2026-03-28,2026-03-25,0.0,Delivered,True,False,11043.45,0.0
PO-2026-03127,2026-03-22,Rhine Components GmbH,EMEA,Electronics,ELE-3077,Air,AeroFast,DC-Central (TX),126,126.0,49.73,10,6.0,2026-04-01,2026-03-28,0.0,Delivered,True,True,6265.98,1.0
PO-2026-03128,2026-03-22,Allegheny Metals,North America,Raw Materials,RAW-5742,Ground,RoadRunner Freight,DC-South (GA),2203,2203.0,12.48,6,2.0,2026-03-28,2026-03-24,0.0,Delivered,True,True,27493.44,1.0
PO-2026-03129,2026-03-22,Iberia Logistics SA,EMEA,Packaging,PAC-8737,Ocean,BlueWave Lines,DC-South (GA),5303,5303.0,1.39,25,22.0,2026-04-16,2026-04-13,0.0,Delivered,True,True,7371.17,1.0
PO-2026-03130,2026-03-22,Bangalore ElectroTech,APAC,Electronics,ELE-5622,Air,SkyBridge Air Cargo,DC-Central (TX),128,128.0,41.55,11,10.0,2026-04-02,2026-04-01,0.0,Delivered,True,True,5318.4,1.0
PO-2026-03131,2026-03-22,Pacific Components Co.,APAC,Components,COM-4061,Ocean,Meridian Shipping,DC-West (CA),560,560.0,14.28,33,34.0,2026-04-24,2026-04-25,1.0,Delivered,False,True,7996.8,0.0
PO-2026-03132,2026-03-23,Iberia Logistics SA,EMEA,Finished Goods,FIN-8544,Ocean,Meridian Shipping,DC-East (PA),81,81.0,81.07,24,27.0,2026-04-16,2026-04-19,3.0,Delivered,False,True,6566.67,0.0
PO-2026-03133,2026-03-23,Monterrey Assembly,LATAM,Components,COM-8820,Ground,RoadRunner Freight,DC-West (CA),589,589.0,15.37,12,15.0,2026-04-04,2026-04-07,3.0,Delivered,False,True,9052.93,0.0
PO-2026-03134,2026-03-23,Pacific Components Co.,APAC,Components,COM-4323,Ocean,Meridian Shipping,DC-South (GA),586,586.0,16.56,36,43.0,2026-04-28,2026-05-05,7.0,Delivered,False,True,9704.16,0.0
PO-2026-03135,2026-03-23,Pacific Components Co.,APAC,Electronics,ELE-5037,Ocean,BlueWave Lines,DC-Central (TX),110,110.0,47.42,33,35.0,2026-04-25,2026-04-27,2.0,Delivered,False,True,5216.2,0.0
PO-2026-03136,2026-03-23,Shenzhen Precision Ltd,APAC,Electronics,ELE-2466,Ocean,Meridian Shipping,DC-West (CA),128,128.0,28.47,34,36.0,2026-04-26,2026-04-28,2.0,Delivered,False,True,3644.16,0.0
PO-2026-03137,2026-03-23,Monterrey Assembly,LATAM,Finished Goods,FIN-7647,Ground,RoadRunner Freight,DC-West (CA),70,70.0,51.78,11,8.0,2026-04-03,2026-03-31,0.0,Delivered,True,True,3624.6,1.0
PO-2026-03138,2026-03-23,Shenzhen Precision Ltd,APAC,Electronics,ELE-5524,Ocean,BlueWave Lines,DC-West (CA),106,106.0,32.33,33,28.0,2026-04-25,2026-04-20,0.0,Delivered,True,True,3426.98,1.0
PO-2026-03139,2026-03-23,Bangalore ElectroTech,APAC,Electronics,ELE-2956,Air,SkyBridge Air Cargo,DC-East (PA),94,94.0,44.53,11,5.0,2026-04-03,2026-03-28,0.0,Delivered,True,True,4185.82,1.0
PO-2026-03140,2026-03-24,Shenzhen Precision Ltd,APAC,Electronics,ELE-8692,Ocean,Meridian Shipping,DC-West (CA),115,115.0,41.09,32,29.0,2026-04-25,2026-04-22,0.0,Delivered,True,True,4725.35,1.0
PO-2026-03141,2026-03-24,São Paulo Supply,LATAM,Raw Materials,RAW-3599,Ocean,Meridian Shipping,DC-Central (TX),2203,2203.0,12.55,30,23.0,2026-04-23,2026-04-16,0.0,Delivered,True,True,27647.65,1.0
PO-2026-03142,2026-03-24,Allegheny Metals,North America,Components,COM-9357,Ground,Continental Trucking,DC-Central (TX),585,585.0,13.58,6,2.0,2026-03-30,2026-03-26,0.0,Delivered,True,True,7944.3,1.0
PO-2026-03143,2026-03-24,São Paulo Supply,LATAM,Finished Goods,FIN-8884,Ocean,Meridian Shipping,DC-Central (TX),81,81.0,60.68,27,27.0,2026-04-20,2026-04-20,0.0,Delivered,True,True,4915.08,1.0
PO-2026-03144,2026-03-24,São Paulo Supply,LATAM,Finished Goods,FIN-5379,Ocean,Meridian Shipping,DC-West (CA),86,80.0,69.49,27,26.0,2026-04-20,2026-04-19,0.0,Delivered,True,False,5976.14,0.0
PO-2026-03145,2026-03-25,Iberia Logistics SA,EMEA,Finished Goods,FIN-4018,Ocean,BlueWave Lines,DC-South (GA),92,92.0,75.03,25,22.0,2026-04-19,2026-04-16,0.0,Delivered,True,True,6902.76,1.0
PO-2026-03146,2026-03-25,Iberia Logistics SA,EMEA,Finished Goods,FIN-6495,Ocean,Meridian Shipping,DC-Central (TX),89,89.0,79.34,25,23.0,2026-04-19,2026-04-17,0.0,Delivered,True,True,7061.26,1.0
PO-2026-03147,2026-03-25,Rhine Components GmbH,EMEA,Components,COM-8825,Air,SkyBridge Air Cargo,DC-Central (TX),583,583.0,14.2,8,2.0,2026-04-02,2026-03-27,0.0,Delivered,True,True,8278.6,1.0
PO-2026-03148,2026-03-25,Bangalore ElectroTech,APAC,Electronics,ELE-1391,Air,AeroFast,DC-Central (TX),133,133.0,30.55,11,11.0,2026-04-05,2026-04-05,0.0,Delivered,True,True,4063.15,1.0
PO-2026-03149,2026-03-25,Pacific Components Co.,APAC,Components,COM-9686,Ocean,BlueWave Lines,DC-Central (TX),582,582.0,20.95,33,36.0,2026-04-27,2026-04-30,3.0,Delivered,False,True,12192.9,0.0
PO-2026-03150,2026-03-26,Rhine Components GmbH,EMEA,Components,COM-3146,Air,SkyBridge Air Cargo,DC-South (GA),614,614.0,17.8,7,5.0,2026-04-02,2026-03-31,0.0,Delivered,True,True,10929.2,1.0
PO-2026-03151,2026-03-26,Allegheny Metals,North America,Raw Materials,RAW-7753,Ground,Continental Trucking,DC-East (PA),2221,2221.0,13.76,7,3.0,2026-04-02,2026-03-29,0.0,Delivered,True,True,30560.96,1.0
PO-2026-03152,2026-03-26,Allegheny Metals,North America,Raw Materials,RAW-5424,Ground,RoadRunner Freight,DC-East (PA),2229,2229.0,14.7,7,4.0,2026-04-02,2026-03-30,0.0,Delivered,True,True,32766.3,1.0
PO-2026-03153,2026-03-26,Bangalore ElectroTech,APAC,Electronics,ELE-5433,Air,SkyBridge Air Cargo,DC-South (GA),106,106.0,42.7,13,10.0,2026-04-08,2026-04-05,0.0,Delivered,True,True,4526.2,1.0
PO-2026-03154,2026-03-26,Bangalore ElectroTech,APAC,Electronics,ELE-9548,Air,SkyBridge Air Cargo,DC-East (PA),121,121.0,50.0,11,9.0,2026-04-06,2026-04-04,0.0,Delivered,True,True,6050.0,1.0
PO-2026-03155,2026-03-27,Rhine Components GmbH,EMEA,Components,COM-4054,Air,AeroFast,DC-South (GA),592,592.0,16.01,11,5.0,2026-04-07,2026-04-01,0.0,Delivered,True,True,9477.92,1.0
PO-2026-03156,2026-03-27,Shenzhen Precision Ltd,APAC,Electronics,ELE-4802,Ocean,Meridian Shipping,DC-West (CA),120,120.0,40.58,32,30.0,2026-04-28,2026-04-26,0.0,Delivered,True,True,4869.6,1.0
PO-2026-03157,2026-03-27,Iberia Logistics SA,EMEA,Finished Goods,FIN-2693,Ocean,BlueWave Lines,DC-East (PA),96,96.0,44.29,23,20.0,2026-04-19,2026-04-16,0.0,Delivered,True,True,4251.84,1.0
PO-2026-03158,2026-03-27,Great Lakes Packaging,North America,Packaging,PAC-1943,Ground,RoadRunner Freight,DC-West (CA),5314,5314.0,1.31,5,1.0,2026-04-01,2026-03-28,0.0,Delivered,True,True,6961.34,1.0
PO-2026-03159,2026-03-27,Pacific Components Co.,APAC,Electronics,ELE-6778,Ocean,BlueWave Lines,DC-Central (TX),135,135.0,48.43,33,33.0,2026-04-29,2026-04-29,0.0,Delivered,True,True,6538.05,1.0
PO-2026-03160,2026-03-27,Allegheny Metals,North America,Raw Materials,RAW-5420,Ground,RoadRunner Freight,DC-South (GA),2229,2229.0,12.91,7,5.0,2026-04-03,2026-04-01,0.0,Delivered,True,True,28776.39,1.0
PO-2026-03161,2026-03-28,São Paulo Supply,LATAM,Raw Materials,RAW-1698,Ocean,Meridian Shipping,DC-Central (TX),2251,2251.0,10.05,29,26.0,2026-04-26,2026-04-23,0.0,Delivered,True,True,22622.55,1.0
PO-2026-03162,2026-03-28,Iberia Logistics SA,EMEA,Packaging,PAC-2052,Ocean,BlueWave Lines,DC-South (GA),5446,5446.0,1.41,25,23.0,2026-04-22,2026-04-20,0.0,Delivered,True,True,7678.86,1.0
PO-2026-03163,2026-03-28,Allegheny Metals,North America,Raw Materials,RAW-2505,Ground,RoadRunner Freight,DC-West (CA),2209,2209.0,10.37,9,7.0,2026-04-06,2026-04-04,0.0,Delivered,True,True,22907.33,1.0
PO-2026-03164,2026-03-28,Allegheny Metals,North America,Raw Materials,RAW-9577,Ground,RoadRunner Freight,DC-East (PA),2236,2236.0,10.23,9,6.0,2026-04-06,2026-04-03,0.0,Delivered,True,True,22874.28,1.0
PO-2026-03165,2026-03-28,Iberia Logistics SA,EMEA,Packaging,PAC-7531,Ocean,BlueWave Lines,DC-Central (TX),5467,5234.0,1.71,24,24.0,2026-04-21,2026-04-21,0.0,Delivered,True,False,9348.57,0.0
PO-2026-03166,2026-03-28,São Paulo Supply,LATAM,Finished Goods,FIN-3859,Ocean,Meridian Shipping,DC-Central (TX),89,89.0,95.81,28,23.0,2026-04-25,2026-04-20,0.0,Delivered,True,True,8527.09,1.0
PO-2026-03167,2026-03-28,Bangalore ElectroTech,APAC,Electronics,ELE-8257,Air,AeroFast,DC-West (CA),134,134.0,42.8,13,13.0,2026-04-10,2026-04-10,0.0,Delivered,True,True,5735.2,1.0
PO-2026-03168,2026-03-28,Monterrey Assembly,LATAM,Components,COM-7034,Ground,RoadRunner Freight,DC-Central (TX),575,575.0,16.35,10,7.0,2026-04-07,2026-04-04,0.0,Delivered,True,True,9401.25,1.0
PO-2026-03169,2026-03-28,Allegheny Metals,North America,Components,COM-6798,Ground,Continental Trucking,DC-South (GA),617,617.0,17.87,8,4.0,2026-04-05,2026-04-01,0.0,Delivered,True,True,11025.79,1.0
PO-2026-03170,2026-03-28,Iberia Logistics SA,EMEA,Packaging,PAC-9857,Ocean,BlueWave Lines,DC-West (CA),5445,4862.0,1.36,23,14.0,2026-04-20,2026-04-11,0.0,Delivered,True,False,7405.2,0.0
PO-2026-03171,2026-03-28,Shenzhen Precision Ltd,APAC,Components,COM-6435,Ocean,BlueWave Lines,DC-South (GA),591,491.0,10.88,35,31.0,2026-05-02,2026-04-28,0.0,Delivered,True,False,6430.08,0.0
PO-2026-03172,2026-03-28,Iberia Logistics SA,EMEA,Finished Goods,FIN-5129,Ocean,BlueWave Lines,DC-Central (TX),102,102.0,55.77,23,18.0,2026-04-20,2026-04-15,0.0,Delivered,True,True,5688.54,1.0
PO-2026-03173,2026-03-28,Monterrey Assembly,LATAM,Finished Goods,FIN-2481,Ground,Continental Trucking,DC-East (PA),105,105.0,81.76,10,9.0,2026-04-07,2026-04-06,0.0,Delivered,True,True,8584.8,1.0
PO-2026-03174,2026-03-28,São Paulo Supply,LATAM,Raw Materials,RAW-9993,Ocean,BlueWave Lines,DC-West (CA),2210,2210.0,12.14,27,28.0,2026-04-24,2026-04-25,1.0,Delivered,False,True,26829.4,0.0
PO-2026-03175,2026-03-29,Bangalore ElectroTech,APAC,Electronics,ELE-5995,Air,SkyBridge Air Cargo,DC-West (CA),116,116.0,26.77,13,14.0,2026-04-11,2026-04-12,1.0,Delivered,False,True,3105.32,0.0
PO-2026-03176,2026-03-29,Rhine Components GmbH,EMEA,Components,COM-2231,Air,AeroFast,DC-South (GA),600,600.0,13.14,9,7.0,2026-04-07,2026-04-05,0.0,Delivered,True,True,7884.0,1.0
PO-2026-03177,2026-03-29,Rhine Components GmbH,EMEA,Components,COM-8720,Air,SkyBridge Air Cargo,DC-South (GA),621,621.0,19.62,9,5.0,2026-04-07,2026-04-03,0.0,Delivered,True,True,12184.02,1.0
PO-2026-03178,2026-03-29,São Paulo Supply,LATAM,Finished Goods,FIN-3466,Ocean,BlueWave Lines,DC-South (GA),76,76.0,83.82,27,29.0,2026-04-25,2026-04-27,2.0,Delivered,False,True,6370.32,0.0
PO-2026-03179,2026-03-29,Iberia Logistics SA,EMEA,Packaging,PAC-7679,Ocean,BlueWave Lines,DC-South (GA),5332,5332.0,0.93,24,21.0,2026-04-22,2026-04-19,0.0,Delivered,True,True,4958.76,1.0
PO-2026-03180,2026-03-29,Pacific Components Co.,APAC,Electronics,ELE-2284,Ocean,Meridian Shipping,DC-West (CA),120,120.0,41.17,33,40.0,2026-05-01,2026-05-08,7.0,Delivered,False,True,4940.4,0.0
PO-2026-03181,2026-03-29,Monterrey Assembly,LATAM,Components,COM-2648,Ground,RoadRunner Freight,DC-West (CA),638,638.0,16.31,13,8.0,2026-04-11,2026-04-06,0.0,Delivered,True,True,10405.78,1.0
PO-2026-03182,2026-03-30,Pacific Components Co.,APAC,Components,COM-8088,Ocean,BlueWave Lines,DC-East (PA),552,552.0,14.55,36,35.0,2026-05-05,2026-05-04,0.0,Delivered,True,True,8031.6,1.0
PO-2026-03183,2026-03-30,Rhine Components GmbH,EMEA,Electronics,ELE-1582,Air,SkyBridge Air Cargo,DC-Central (TX),119,119.0,36.77,9,7.0,2026-04-08,2026-04-06,0.0,Delivered,True,True,4375.63,1.0
PO-2026-03184,2026-03-30,Pacific Components Co.,APAC,Components,COM-9987,Ocean,Meridian Shipping,DC-East (PA),600,600.0,23.95,34,39.0,2026-05-03,2026-05-08,5.0,Delivered,False,True,14370.0,0.0
PO-2026-03185,2026-03-30,Allegheny Metals,North America,Components,COM-6741,Ground,RoadRunner Freight,DC-West (CA),611,611.0,12.11,6,3.0,2026-04-05,2026-04-02,0.0,Delivered,True,True,7399.21,1.0
PO-2026-03186,2026-03-30,Rhine Components GmbH,EMEA,Electronics,ELE-9213,Air,SkyBridge Air Cargo,DC-West (CA),132,132.0,41.05,9,8.0,2026-04-08,2026-04-07,0.0,Delivered,True,True,5418.6,1.0
PO-2026-03187,2026-03-31,Pacific Components Co.,APAC,Electronics,ELE-7013,Ocean,Meridian Shipping,DC-Central (TX),111,95.0,43.63,32,35.0,2026-05-02,2026-05-05,3.0,Delivered,False,False,4842.93,0.0
PO-2026-03188,2026-03-31,Shenzhen Precision Ltd,APAC,Electronics,ELE-7759,Ocean,BlueWave Lines,DC-East (PA),118,118.0,34.25,32,28.0,2026-05-02,2026-04-28,0.0,Delivered,True,True,4041.5,1.0
PO-2026-03189,2026-03-31,Iberia Logistics SA,EMEA,Finished Goods,FIN-5963,Ocean,BlueWave Lines,DC-West (CA),75,75.0,70.01,23,18.0,2026-04-23,2026-04-18,0.0,Delivered,True,True,5250.75,1.0
PO-2026-03190,2026-03-31,Allegheny Metals,North America,Components,COM-4923,Ground,Continental Trucking,DC-West (CA),572,572.0,20.9,7,9.0,2026-04-07,2026-04-09,2.0,Delivered,False,True,11954.8,0.0
PO-2026-03191,2026-03-31,Rhine Components GmbH,EMEA,Electronics,ELE-4192,Air,AeroFast,DC-South (GA),125,125.0,37.39,9,5.0,2026-04-09,2026-04-05,0.0,Delivered,True,True,4673.75,1.0
PO-2026-03192,2026-03-31,São Paulo Supply,LATAM,Raw Materials,RAW-3151,Ocean,BlueWave Lines,DC-West (CA),2061,2061.0,12.33,27,18.0,2026-04-27,2026-04-18,0.0,Delivered,True,True,25412.13,1.0
PO-2026-03193,2026-03-31,Pacific Components Co.,APAC,Components,COM-7962,Ocean,Meridian Shipping,DC-East (PA),615,615.0,19.17,33,36.0,2026-05-03,2026-05-06,3.0,Delivered,False,True,11789.55,0.0
PO-2026-03194,2026-03-31,Great Lakes Packaging,North America,Packaging,PAC-4467,Ground,Continental Trucking,DC-Central (TX),5574,5574.0,1.63,6,2.0,2026-04-06,2026-04-02,0.0,Delivered,True,True,9085.62,1.0
PO-2026-03195,2026-03-31,Pacific Components Co.,APAC,Electronics,ELE-3568,Ocean,BlueWave Lines,DC-South (GA),117,117.0,32.25,32,35.0,2026-05-02,2026-05-05,3.0,Delivered,False,True,3773.25,0.0
PO-2026-03196,2026-03-31,Great Lakes Packaging,North America,Packaging,PAC-3257,Ground,RoadRunner Freight,DC-Central (TX),5454,5454.0,0.97,5,1.0,2026-04-05,2026-04-01,0.0,Delivered,True,True,5290.38,1.0
PO-2026-03197,2026-03-31,Monterrey Assembly,LATAM,Components,COM-5409,Ground,Continental Trucking,DC-West (CA),621,621.0,16.65,9,6.0,2026-04-09,2026-04-06,0.0,Delivered,True,True,10339.65,1.0
PO-2026-03198,2026-03-31,Allegheny Metals,North America,Components,COM-9888,Ground,RoadRunner Freight,DC-West (CA),582,582.0,13.07,6,2.0,2026-04-06,2026-04-02,0.0,Delivered,True,True,7606.74,1.0
PO-2026-03199,2026-03-31,Allegheny Metals,North America,Raw Materials,RAW-2627,Ground,RoadRunner Freight,DC-East (PA),2227,2227.0,9.43,7,3.0,2026-04-07,2026-04-03,0.0,Delivered,True,True,21000.61,1.0
PO-2026-03200,2026-04-01,Bangalore ElectroTech,APAC,Electronics,ELE-7964,Air,SkyBridge Air Cargo,DC-South (GA),100,100.0,33.34,12,6.0,2026-04-13,2026-04-07,0.0,Delivered,True,True,3334.0,1.0
PO-2026-03201,2026-04-01,Allegheny Metals,North America,Raw Materials,RAW-4457,Ground,RoadRunner Freight,DC-South (GA),2214,2214.0,12.42,8,5.0,2026-04-09,2026-04-06,0.0,Delivered,True,True,27497.88,1.0
PO-2026-03202,2026-04-01,Monterrey Assembly,LATAM,Components,COM-3417,Ground,Continental Trucking,DC-West (CA),587,587.0,12.49,11,10.0,2026-04-12,2026-04-11,0.0,Delivered,True,True,7331.63,1.0
PO-2026-03203,2026-04-01,São Paulo Supply,LATAM,Finished Goods,FIN-7651,Ocean,BlueWave Lines,DC-Central (TX),100,100.0,75.28,29,23.0,2026-04-30,2026-04-24,0.0,Delivered,True,True,7528.0,1.0
PO-2026-03204,2026-04-01,Allegheny Metals,North America,Components,COM-3766,Ground,RoadRunner Freight,DC-East (PA),631,631.0,7.69,6,4.0,2026-04-07,2026-04-05,0.0,Delivered,True,True,4852.39,1.0
PO-2026-03205,2026-04-01,Iberia Logistics SA,EMEA,Packaging,PAC-4128,Ocean,BlueWave Lines,DC-Central (TX),5139,5139.0,1.03,24,26.0,2026-04-25,2026-04-27,2.0,Delivered,False,True,5293.17,0.0
PO-2026-03206,2026-04-01,Allegheny Metals,North America,Raw Materials,RAW-2817,Ground,Continental Trucking,DC-South (GA),2235,2235.0,11.8,7,4.0,2026-04-08,2026-04-05,0.0,Delivered,True,True,26373.0,1.0
PO-2026-03207,2026-04-01,Great Lakes Packaging,North America,Packaging,PAC-1499,Ground,RoadRunner Freight,DC-West (CA),5265,5265.0,0.97,7,4.0,2026-04-08,2026-04-05,0.0,Delivered,True,True,5107.05,1.0
PO-2026-03208,2026-04-01,Shenzhen Precision Ltd,APAC,Components,COM-9749,Ocean,Meridian Shipping,DC-East (PA),607,607.0,15.9,30,35.0,2026-05-01,2026-05-06,5.0,Delivered,False,True,9651.3,0.0
PO-2026-03209,2026-04-01,Rhine Components GmbH,EMEA,Electronics,ELE-3043,Air,SkyBridge Air Cargo,DC-West (CA),120,120.0,43.01,9,2.0,2026-04-10,2026-04-03,0.0,Delivered,True,True,5161.2,1.0
PO-2026-03210,2026-04-01,Pacific Components Co.,APAC,Electronics,ELE-5608,Ocean,Meridian Shipping,DC-East (PA),136,136.0,30.42,36,36.0,2026-05-07,2026-05-07,0.0,Delivered,True,True,4137.12,1.0
PO-2026-03211,2026-04-02,Bangalore ElectroTech,APAC,Electronics,ELE-1988,Air,AeroFast,DC-West (CA),132,132.0,42.02,12,10.0,2026-04-14,2026-04-12,0.0,Delivered,True,True,5546.64,1.0
PO-2026-03212,2026-04-02,Allegheny Metals,North America,Components,COM-2229,Ground,RoadRunner Freight,DC-East (PA),603,546.0,7.94,7,4.0,2026-04-09,2026-04-06,0.0,Delivered,True,False,4787.82,0.0
PO-2026-03213,2026-04-02,Rhine Components GmbH,EMEA,Electronics,ELE-5408,Air,SkyBridge Air Cargo,DC-West (CA),134,134.0,45.55,8,7.0,2026-04-10,2026-04-09,0.0,Delivered,True,True,6103.7,1.0
PO-2026-03214,2026-04-02,Rhine Components GmbH,EMEA,Electronics,ELE-1780,Air,AeroFast,DC-Central (TX),114,114.0,38.37,8,7.0,2026-04-10,2026-04-09,0.0,Delivered,True,True,4374.18,1.0
PO-2026-03215,2026-04-02,Allegheny Metals,North America,Raw Materials,RAW-8117,Ground,RoadRunner Freight,DC-Central (TX),2225,2225.0,10.08,6,3.0,2026-04-08,2026-04-05,0.0,Delivered,True,True,22428.0,1.0
PO-2026-03216,2026-04-02,Great Lakes Packaging,North America,Packaging,PAC-1061,Ground,Continental Trucking,DC-South (GA),5358,5358.0,1.37,6,4.0,2026-04-08,2026-04-06,0.0,Delivered,True,True,7340.46,1.0
PO-2026-03217,2026-04-02,Rhine Components GmbH,EMEA,Electronics,ELE-5451,Air,SkyBridge Air Cargo,DC-West (CA),113,113.0,70.35,10,7.0,2026-04-12,2026-04-09,0.0,Delivered,True,True,7949.55,1.0
PO-2026-03218,2026-04-02,Pacific Components Co.,APAC,Electronics,ELE-3320,Ocean,BlueWave Lines,DC-East (PA),129,129.0,49.71,36,42.0,2026-05-08,2026-05-14,6.0,Delivered,False,True,6412.59,0.0
PO-2026-03219,2026-04-02,Allegheny Metals,North America,Raw Materials,RAW-1076,Ground,Continental Trucking,DC-Central (TX),2231,2231.0,13.13,8,4.0,2026-04-10,2026-04-06,0.0,Delivered,True,True,29293.03,1.0
PO-2026-03220,2026-04-02,Iberia Logistics SA,EMEA,Packaging,PAC-6849,Ocean,Meridian Shipping,DC-East (PA),5491,5491.0,0.97,24,22.0,2026-04-26,2026-04-24,0.0,Delivered,True,True,5326.27,1.0
PO-2026-03221,2026-04-03,Iberia Logistics SA,EMEA,Finished Goods,FIN-3765,Ocean,BlueWave Lines,DC-South (GA),94,94.0,74.58,23,23.0,2026-04-26,2026-04-26,0.0,Delivered,True,True,7010.52,1.0
PO-2026-03222,2026-04-03,Rhine Components GmbH,EMEA,Components,COM-5529,Air,AeroFast,DC-South (GA),647,647.0,16.33,9,3.0,2026-04-12,2026-04-06,0.0,Delivered,True,True,10565.51,1.0
PO-2026-03223,2026-04-03,Bangalore ElectroTech,APAC,Electronics,ELE-6515,Air,SkyBridge Air Cargo,DC-South (GA),108,108.0,36.51,12,8.0,2026-04-15,2026-04-11,0.0,Delivered,True,True,3943.08,1.0
PO-2026-03224,2026-04-03,Iberia Logistics SA,EMEA,Finished Goods,FIN-1324,Ocean,BlueWave Lines,DC-East (PA),80,80.0,61.92,24,17.0,2026-04-27,2026-04-20,0.0,Delivered,True,True,4953.6,1.0
PO-2026-03225,2026-04-03,Iberia Logistics SA,EMEA,Packaging,PAC-7736,Ocean,Meridian Shipping,DC-Central (TX),5331,5331.0,1.14,23,20.0,2026-04-26,2026-04-23,0.0,Delivered,True,True,6077.34,1.0
PO-2026-03226,2026-04-03,Shenzhen Precision Ltd,APAC,Electronics,ELE-7537,Ocean,Meridian Shipping,DC-East (PA),106,106.0,51.82,32,28.0,2026-05-05,2026-05-01,0.0,Delivered,True,True,5492.92,1.0
PO-2026-03227,2026-04-03,São Paulo Supply,LATAM,Finished Goods,FIN-4051,Ocean,Meridian Shipping,DC-West (CA),87,84.0,90.67,29,29.0,2026-05-02,2026-05-02,0.0,Delivered,True,False,7888.29,0.0
PO-2026-03228,2026-04-03,Iberia Logistics SA,EMEA,Finished Goods,FIN-5510,Ocean,BlueWave Lines,DC-East (PA),82,82.0,71.21,24,19.0,2026-04-27,2026-04-22,0.0,Delivered,True,True,5839.22,1.0
PO-2026-03229,2026-04-04,Shenzhen Precision Ltd,APAC,Electronics,ELE-3578,Ocean,Meridian Shipping,DC-South (GA),99,99.0,33.04,33,35.0,2026-05-07,2026-05-09,2.0,Delivered,False,True,3270.96,0.0
PO-2026-03230,2026-04-04,Bangalore ElectroTech,APAC,Electronics,ELE-9562,Air,AeroFast,DC-South (GA),134,134.0,39.89,13,10.0,2026-04-17,2026-04-14,0.0,Delivered,True,True,5345.26,1.0
PO-2026-03231,2026-04-04,Shenzhen Precision Ltd,APAC,Electronics,ELE-4105,Ocean,BlueWave Lines,DC-West (CA),107,88.0,43.07,33,31.0,2026-05-07,2026-05-05,0.0,Delivered,True,False,4608.49,0.0
PO-2026-03232,2026-04-04,Allegheny Metals,North America,Raw Materials,RAW-2452,Ground,Continental Trucking,DC-South (GA),2252,2252.0,8.62,8,7.0,2026-04-12,2026-04-11,0.0,Delivered,True,True,19412.24,1.0
PO-2026-03233,2026-04-04,Iberia Logistics SA,EMEA,Packaging,PAC-7170,Ocean,Meridian Shipping,DC-South (GA),5498,5498.0,1.2,25,24.0,2026-04-29,2026-04-28,0.0,Delivered,True,True,6597.6,1.0
PO-2026-03234,2026-04-04,São Paulo Supply,LATAM,Raw Materials,RAW-5845,Ocean,Meridian Shipping,DC-South (GA),2304,2304.0,13.08,28,25.0,2026-05-02,2026-04-29,0.0,Delivered,True,True,30136.32,1.0
PO-2026-03235,2026-04-04,São Paulo Supply,LATAM,Raw Materials,RAW-8916,Ocean,BlueWave Lines,DC-Central (TX),2118,2118.0,11.87,28,24.0,2026-05-02,2026-04-28,0.0,Delivered,True,True,25140.66,1.0
PO-2026-03236,2026-04-04,Rhine Components GmbH,EMEA,Components,COM-6766,Air,AeroFast,DC-West (CA),591,591.0,15.97,9,7.0,2026-04-13,2026-04-11,0.0,Delivered,True,True,9438.27,1.0
PO-2026-03237,2026-04-04,Iberia Logistics SA,EMEA,Finished Goods,FIN-5329,Ocean,BlueWave Lines,DC-West (CA),106,106.0,50.62,25,24.0,2026-04-29,2026-04-28,0.0,Delivered,True,True,5365.72,1.0
PO-2026-03238,2026-04-04,Monterrey Assembly,LATAM,Finished Goods,FIN-1752,Ground,RoadRunner Freight,DC-East (PA),92,92.0,50.94,14,11.0,2026-04-18,2026-04-15,0.0,Delivered,True,True,4686.48,1.0
PO-2026-03239,2026-04-04,Rhine Components GmbH,EMEA,Components,COM-1409,Air,AeroFast,DC-East (PA),590,590.0,9.15,9,7.0,2026-04-13,2026-04-11,0.0,Delivered,True,True,5398.5,1.0
PO-2026-03240,2026-04-05,Shenzhen Precision Ltd,APAC,Components,COM-4071,Ocean,BlueWave Lines,DC-Central (TX),582,582.0,13.04,30,23.0,2026-05-05,2026-04-28,0.0,Delivered,True,True,7589.28,1.0
PO-2026-03241,2026-04-05,Allegheny Metals,North America,Raw Materials,RAW-1845,Ground,RoadRunner Freight,DC-Central (TX),2183,2183.0,7.75,7,4.0,2026-04-12,2026-04-09,0.0,Delivered,True,True,16918.25,1.0
PO-2026-03242,2026-04-05,Pacific Components Co.,APAC,Electronics,ELE-5027,Ocean,Meridian Shipping,DC-Central (TX),128,128.0,44.07,32,35.0,2026-05-07,2026-05-10,3.0,Delivered,False,True,5640.96,0.0
PO-2026-03243,2026-04-05,Great Lakes Packaging,North America,Packaging,PAC-3424,Ground,Continental Trucking,DC-East (PA),5382,5382.0,1.19,5,2.0,2026-04-10,2026-04-07,0.0,Delivered,True,True,6404.58,1.0
PO-2026-03244,2026-04-05,São Paulo Supply,LATAM,Raw Materials,RAW-1353,Ocean,BlueWave Lines,DC-West (CA),2189,2189.0,13.7,28,24.0,2026-05-03,2026-04-29,0.0,Delivered,True,True,29989.3,1.0
PO-2026-03245,2026-04-06,Allegheny Metals,North America,Raw Materials,RAW-5592,Ground,RoadRunner Freight,DC-South (GA),2185,2185.0,6.85,5,2.0,2026-04-11,2026-04-08,0.0,Delivered,True,True,14967.25,1.0
PO-2026-03246,2026-04-06,Bangalore ElectroTech,APAC,Electronics,ELE-6272,Air,SkyBridge Air Cargo,DC-West (CA),113,113.0,42.58,11,10.0,2026-04-17,2026-04-16,0.0,Delivered,True,True,4811.54,1.0
PO-2026-03247,2026-04-06,Bangalore ElectroTech,APAC,Electronics,ELE-2295,Air,AeroFast,DC-South (GA),124,124.0,47.16,15,11.0,2026-04-21,2026-04-17,0.0,Delivered,True,True,5847.84,1.0
PO-2026-03248,2026-04-06,São Paulo Supply,LATAM,Raw Materials,RAW-1667,Ocean,Meridian Shipping,DC-East (PA),2222,2222.0,13.31,28,26.0,2026-05-04,2026-05-02,0.0,Delivered,True,True,29574.82,1.0
PO-2026-03249,2026-04-06,Pacific Components Co.,APAC,Components,COM-1680,Ocean,Meridian Shipping,DC-West (CA),627,627.0,11.69,33,37.0,2026-05-09,2026-05-13,4.0,Delivered,False,True,7329.63,0.0
PO-2026-03250,2026-04-06,São Paulo Supply,LATAM,Finished Goods,FIN-2448,Ocean,Meridian Shipping,DC-West (CA),83,83.0,98.01,29,26.0,2026-05-05,2026-05-02,0.0,Delivered,True,True,8134.83,1.0
PO-2026-03251,2026-04-06,Great Lakes Packaging,North America,Packaging,PAC-8825,Ground,Continental Trucking,DC-Central (TX),5436,5436.0,1.0,6,4.0,2026-04-12,2026-04-10,0.0,Delivered,True,True,5436.0,1.0
PO-2026-03252,2026-04-06,Pacific Components Co.,APAC,Electronics,ELE-6302,Ocean,BlueWave Lines,DC-West (CA),124,,48.56,35,,2026-05-11,,,In Transit,,,6021.44,
PO-2026-03253,2026-04-06,Monterrey Assembly,LATAM,Components,COM-4234,Ground,Continental Trucking,DC-Central (TX),610,610.0,14.12,11,7.0,2026-04-17,2026-04-13,0.0,Delivered,True,True,8613.2,1.0
PO-2026-03254,2026-04-06,Great Lakes Packaging,North America,Packaging,PAC-1188,Ground,RoadRunner Freight,DC-Central (TX),5405,5405.0,1.38,6,1.0,2026-04-12,2026-04-07,0.0,Delivered,True,True,7458.9,1.0
PO-2026-03255,2026-04-06,Bangalore ElectroTech,APAC,Electronics,ELE-3215,Air,SkyBridge Air Cargo,DC-East (PA),118,118.0,39.05,12,12.0,2026-04-18,2026-04-18,0.0,Delivered,True,True,4607.9,1.0
PO-2026-03256,2026-04-06,Shenzhen Precision Ltd,APAC,Electronics,ELE-6533,Ocean,BlueWave Lines,DC-South (GA),125,125.0,44.24,32,36.0,2026-05-08,2026-05-12,4.0,Delivered,False,True,5530.0,0.0
PO-2026-03257,2026-04-06,São Paulo Supply,LATAM,Finished Goods,FIN-8977,Ocean,BlueWave Lines,DC-Central (TX),87,87.0,65.69,28,21.0,2026-05-04,2026-04-27,0.0,Delivered,True,True,5715.03,1.0
PO-2026-03258,2026-04-06,São Paulo Supply,LATAM,Finished Goods,FIN-6872,Ocean,Meridian Shipping,DC-West (CA),78,78.0,77.4,27,26.0,2026-05-03,2026-05-02,0.0,Delivered,True,True,6037.2,1.0
PO-2026-03259,2026-04-06,Rhine Components GmbH,EMEA,Electronics,ELE-2120,Air,SkyBridge Air Cargo,DC-West (CA),109,109.0,35.64,10,11.0,2026-04-16,2026-04-17,1.0,Delivered,False,True,3884.76,0.0
PO-2026-03260,2026-04-06,São Paulo Supply,LATAM,Raw Materials,RAW-8437,Ocean,BlueWave Lines,DC-Central (TX),2179,2179.0,11.22,28,28.0,2026-05-04,2026-05-04,0.0,Delivered,True,True,24448.38,1.0
PO-2026-03261,2026-04-07,Great Lakes Packaging,North America,Packaging,PAC-1996,Ground,RoadRunner Freight,DC-East (PA),5485,5485.0,1.22,6,2.0,2026-04-13,2026-04-09,0.0,Delivered,True,True,6691.7,1.0
PO-2026-03262,2026-04-07,São Paulo Supply,LATAM,Finished Goods,FIN-7616,Ocean,BlueWave Lines,DC-South (GA),91,91.0,80.31,28,25.0,2026-05-05,2026-05-02,0.0,Delivered,True,True,7308.21,1.0
PO-2026-03263,2026-04-07,São Paulo Supply,LATAM,Finished Goods,FIN-3631,Ocean,Meridian Shipping,DC-Central (TX),99,83.0,82.09,26,20.0,2026-05-03,2026-04-27,0.0,Delivered,True,False,8126.91,0.0
PO-2026-03264,2026-04-07,Iberia Logistics SA,EMEA,Packaging,PAC-6934,Ocean,Meridian Shipping,DC-West (CA),5435,5435.0,0.98,24,23.0,2026-05-01,2026-04-30,0.0,Delivered,True,True,5326.3,1.0
PO-2026-03265,2026-04-07,Bangalore ElectroTech,APAC,Electronics,ELE-5748,Air,AeroFast,DC-Central (TX),107,107.0,33.88,11,5.0,2026-04-18,2026-04-12,0.0,Delivered,True,True,3625.16,1.0
PO-2026-03266,2026-04-07,Pacific Components Co.,APAC,Components,COM-2974,Ocean,BlueWave Lines,DC-Central (TX),578,578.0,15.93,33,36.0,2026-05-10,2026-05-13,3.0,Delivered,False,True,9207.54,0.0
PO-2026-03267,2026-04-07,Allegheny Metals,North America,Components,COM-7901,Ground,Continental Trucking,DC-West (CA),548,548.0,18.05,8,7.0,2026-04-15,2026-04-14,0.0,Delivered,True,True,9891.4,1.0
PO-2026-03268,2026-04-07,Iberia Logistics SA,EMEA,Finished Goods,FIN-5471,Ocean,Meridian Shipping,DC-Central (TX),97,97.0,82.77,24,25.0,2026-05-01,2026-05-02,1.0,Delivered,False,True,8028.69,0.0
PO-2026-03269,2026-04-07,Shenzhen Precision Ltd,APAC,Electronics,ELE-4937,Ocean,BlueWave Lines,DC-West (CA),116,116.0,50.56,32,28.0,2026-05-09,2026-05-05,0.0,Delivered,True,True,5864.96,1.0
PO-2026-03270,2026-04-08,Great Lakes Packaging,North America,Packaging,PAC-7992,Ground,Continental Trucking,DC-East (PA),5423,5423.0,1.18,6,2.0,2026-04-14,2026-04-10,0.0,Delivered,True,True,6399.14,1.0
PO-2026-03271,2026-04-08,Iberia Logistics SA,EMEA,Packaging,PAC-8460,Ocean,BlueWave Lines,DC-West (CA),5491,5491.0,1.4,24,18.0,2026-05-02,2026-04-26,0.0,Delivered,True,True,7687.4,1.0
PO-2026-03272,2026-04-08,São Paulo Supply,LATAM,Raw Materials,RAW-4352,Ocean,Meridian Shipping,DC-South (GA),2250,2250.0,12.63,28,24.0,2026-05-06,2026-05-02,0.0,Delivered,True,True,28417.5,1.0
PO-2026-03273,2026-04-08,Monterrey Assembly,LATAM,Finished Goods,FIN-7108,Ground,RoadRunner Freight,DC-South (GA),106,106.0,66.79,11,8.0,2026-04-19,2026-04-16,0.0,Delivered,True,True,7079.74,1.0
PO-2026-03274,2026-04-08,Rhine Components GmbH,EMEA,Components,COM-2401,Air,SkyBridge Air Cargo,DC-East (PA),566,566.0,11.76,8,4.0,2026-04-16,2026-04-12,0.0,Delivered,True,True,6656.16,1.0
PO-2026-03275,2026-04-09,São Paulo Supply,LATAM,Raw Materials,RAW-2173,Ocean,Meridian Shipping,DC-South (GA),2207,2207.0,7.3,28,27.0,2026-05-07,2026-05-06,0.0,Delivered,True,True,16111.1,1.0
PO-2026-03276,2026-04-09,Rhine Components GmbH,EMEA,Electronics,ELE-3703,Air,SkyBridge Air Cargo,DC-West (CA),113,113.0,62.75,10,9.0,2026-04-19,2026-04-18,0.0,Delivered,True,True,7090.75,1.0
PO-2026-03277,2026-04-09,Rhine Components GmbH,EMEA,Electronics,ELE-7185,Air,AeroFast,DC-East (PA),126,126.0,40.78,9,6.0,2026-04-18,2026-04-15,0.0,Delivered,True,True,5138.28,1.0
PO-2026-03278,2026-04-09,Pacific Components Co.,APAC,Components,COM-6793,Ocean,BlueWave Lines,DC-West (CA),623,623.0,8.23,35,32.0,2026-05-14,2026-05-11,0.0,Delivered,True,True,5127.29,1.0
PO-2026-03279,2026-04-09,Great Lakes Packaging,North America,Packaging,PAC-6021,Ground,RoadRunner Freight,DC-South (GA),5385,5385.0,1.61,5,1.0,2026-04-14,2026-04-10,0.0,Delivered,True,True,8669.85,1.0
PO-2026-03280,2026-04-09,São Paulo Supply,LATAM,Raw Materials,RAW-3425,Ocean,BlueWave Lines,DC-East (PA),2194,1803.0,7.8,29,31.0,2026-05-08,2026-05-10,2.0,Delivered,False,False,17113.2,0.0
PO-2026-03281,2026-04-09,Rhine Components GmbH,EMEA,Components,COM-5580,Air,SkyBridge Air Cargo,DC-West (CA),645,645.0,19.63,8,7.0,2026-04-17,2026-04-16,0.0,Delivered,True,True,12661.35,1.0
PO-2026-03282,2026-04-09,Bangalore ElectroTech,APAC,Electronics,ELE-9337,Air,SkyBridge Air Cargo,DC-West (CA),124,124.0,32.69,10,6.0,2026-04-19,2026-04-15,0.0,Delivered,True,True,4053.56,1.0
PO-2026-03283,2026-04-09,Great Lakes Packaging,North America,Packaging,PAC-4497,Ground,RoadRunner Freight,DC-South (GA),5320,5320.0,0.69,6,5.0,2026-04-15,2026-04-14,0.0,Delivered,True,True,3670.8,1.0
PO-2026-03284,2026-04-09,Great Lakes Packaging,North America,Packaging,PAC-6902,Ground,RoadRunner Freight,DC-East (PA),5438,5438.0,0.94,7,3.0,2026-04-16,2026-04-12,0.0,Delivered,True,True,5111.72,1.0
PO-2026-03285,2026-04-10,Monterrey Assembly,LATAM,Finished Goods,FIN-2536,Ground,Continental Trucking,DC-South (GA),100,100.0,78.79,10,9.0,2026-04-20,2026-04-19,0.0,Delivered,True,True,7879.0,1.0
PO-2026-03286,2026-04-10,Pacific Components Co.,APAC,Electronics,ELE-3511,Ocean,BlueWave Lines,DC-Central (TX),116,,36.24,34,,2026-05-14,,,In Transit,,,4203.84,
PO-2026-03287,2026-04-10,Shenzhen Precision Ltd,APAC,Components,COM-4540,Ocean,Meridian Shipping,DC-East (PA),586,586.0,14.37,33,33.0,2026-05-13,2026-05-13,0.0,Delivered,True,True,8420.82,1.0
PO-2026-03288,2026-04-10,Pacific Components Co.,APAC,Components,COM-1279,Ocean,Meridian Shipping,DC-Central (TX),616,,7.8,37,,2026-05-17,,,In Transit,,,4804.8,
PO-2026-03289,2026-04-10,São Paulo Supply,LATAM,Raw Materials,RAW-8317,Ocean,BlueWave Lines,DC-Central (TX),2215,2215.0,11.46,29,32.0,2026-05-09,2026-05-12,3.0,Delivered,False,True,25383.9,0.0
PO-2026-03290,2026-04-10,Pacific Components Co.,APAC,Electronics,ELE-5781,Ocean,Meridian Shipping,DC-Central (TX),118,,35.91,35,,2026-05-15,,,In Transit,,,4237.38,
PO-2026-03291,2026-04-10,Iberia Logistics SA,EMEA,Packaging,PAC-6608,Ocean,Meridian Shipping,DC-East (PA),5304,5304.0,1.59,25,27.0,2026-05-05,2026-05-07,2.0,Delivered,False,True,8433.36,0.0
PO-2026-03292,2026-04-11,Rhine Components GmbH,EMEA,Components,COM-8961,Air,AeroFast,DC-West (CA),593,593.0,10.42,9,7.0,2026-04-20,2026-04-18,0.0,Delivered,True,True,6179.06,1.0
PO-2026-03293,2026-04-11,Great Lakes Packaging,North America,Packaging,PAC-9375,Ground,Continental Trucking,DC-Central (TX),5378,5378.0,0.87,6,5.0,2026-04-17,2026-04-16,0.0,Delivered,True,True,4678.86,1.0
PO-2026-03294,2026-04-11,Bangalore ElectroTech,APAC,Electronics,ELE-2881,Air,SkyBridge Air Cargo,DC-Central (TX),133,133.0,57.09,12,12.0,2026-04-23,2026-04-23,0.0,Delivered,True,True,7592.97,1.0
PO-2026-03295,2026-04-11,Allegheny Metals,North America,Components,COM-9026,Ground,RoadRunner Freight,DC-South (GA),602,602.0,6.84,7,2.0,2026-04-18,2026-04-13,0.0,Delivered,True,True,4117.68,1.0
PO-2026-03296,2026-04-11,Bangalore ElectroTech,APAC,Electronics,ELE-8432,Air,AeroFast,DC-Central (TX),121,121.0,46.7,13,11.0,2026-04-24,2026-04-22,0.0,Delivered,True,True,5650.7,1.0
PO-2026-03297,2026-04-11,Allegheny Metals,North America,Components,COM-6622,Ground,Continental Trucking,DC-West (CA),624,624.0,15.41,6,3.0,2026-04-17,2026-04-14,0.0,Delivered,True,True,9615.84,1.0
PO-2026-03298,2026-04-11,São Paulo Supply,LATAM,Finished Goods,FIN-2482,Ocean,Meridian Shipping,DC-South (GA),95,95.0,55.08,29,28.0,2026-05-10,2026-05-09,0.0,Delivered,True,True,5232.6,1.0
PO-2026-03299,2026-04-11,Rhine Components GmbH,EMEA,Components,COM-2591,Air,SkyBridge Air Cargo,DC-Central (TX),568,568.0,16.05,7,3.0,2026-04-18,2026-04-14,0.0,Delivered,True,True,9116.4,1.0
PO-2026-03300,2026-04-12,Monterrey Assembly,LATAM,Finished Goods,FIN-6098,Ground,RoadRunner Freight,DC-East (PA),90,90.0,80.69,10,8.0,2026-04-22,2026-04-20,0.0,Delivered,True,True,7262.1,1.0
PO-2026-03301,2026-04-12,São Paulo Supply,LATAM,Raw Materials,RAW-2281,Ocean,BlueWave Lines,DC-East (PA),2219,2219.0,14.35,29,28.0,2026-05-11,2026-05-10,0.0,Delivered,True,True,31842.65,1.0
PO-2026-03302,2026-04-12,Bangalore ElectroTech,APAC,Electronics,ELE-4507,Air,SkyBridge Air Cargo,DC-West (CA),130,130.0,43.66,12,8.0,2026-04-24,2026-04-20,0.0,Delivered,True,True,5675.8,1.0
PO-2026-03303,2026-04-12,Bangalore ElectroTech,APAC,Electronics,ELE-4702,Air,AeroFast,DC-Central (TX),114,114.0,46.08,13,9.0,2026-04-25,2026-04-21,0.0,Delivered,True,True,5253.12,1.0
PO-2026-03304,2026-04-12,São Paulo Supply,LATAM,Raw Materials,RAW-6330,Ocean,BlueWave Lines,DC-South (GA),2278,2278.0,10.3,29,27.0,2026-05-11,2026-05-09,0.0,Delivered,True,True,23463.4,1.0
PO-2026-03305,2026-04-12,Bangalore ElectroTech,APAC,Electronics,ELE-9577,Air,SkyBridge Air Cargo,DC-West (CA),123,123.0,38.44,13,12.0,2026-04-25,2026-04-24,0.0,Delivered,True,True,4728.12,1.0
PO-2026-03306,2026-04-12,Great Lakes Packaging,North America,Packaging,PAC-6505,Ground,Continental Trucking,DC-South (GA),5448,5448.0,0.6,5,3.0,2026-04-17,2026-04-15,0.0,Delivered,True,True,3268.8,1.0
PO-2026-03307,2026-04-12,Rhine Components GmbH,EMEA,Electronics,ELE-8101,Air,SkyBridge Air Cargo,DC-West (CA),103,103.0,44.7,7,3.0,2026-04-19,2026-04-15,0.0,Delivered,True,True,4604.1,1.0
PO-2026-03308,2026-04-12,Iberia Logistics SA,EMEA,Packaging,PAC-4558,Ocean,BlueWave Lines,DC-South (GA),5456,5456.0,1.32,25,27.0,2026-05-07,2026-05-09,2.0,Delivered,False,True,7201.92,0.0
PO-2026-03309,2026-04-12,Bangalore ElectroTech,APAC,Electronics,ELE-6474,Air,AeroFast,DC-East (PA),133,133.0,56.04,14,10.0,2026-04-26,2026-04-22,0.0,Delivered,True,True,7453.32,1.0
PO-2026-03310,2026-04-12,Bangalore ElectroTech,APAC,Electronics,ELE-6889,Air,AeroFast,DC-Central (TX),133,133.0,48.94,13,11.0,2026-04-25,2026-04-23,0.0,Delivered,True,True,6509.02,1.0
PO-2026-03311,2026-04-13,Bangalore ElectroTech,APAC,Electronics,ELE-8817,Air,AeroFast,DC-South (GA),114,114.0,37.92,13,7.0,2026-04-26,2026-04-20,0.0,Delivered,True,True,4322.88,1.0
PO-2026-03312,2026-04-13,Iberia Logistics SA,EMEA,Packaging,PAC-4951,Ocean,Meridian Shipping,DC-Central (TX),5492,5492.0,0.88,24,23.0,2026-05-07,2026-05-06,0.0,Delivered,True,True,4832.96,1.0
PO-2026-03313,2026-04-13,Pacific Components Co.,APAC,Components,COM-3664,Ocean,BlueWave Lines,DC-West (CA),678,,16.33,34,,2026-05-17,,,In Transit,,,11071.74,
PO-2026-03314,2026-04-13,Monterrey Assembly,LATAM,Finished Goods,FIN-1430,Ground,RoadRunner Freight,DC-South (GA),78,78.0,84.31,11,8.0,2026-04-24,2026-04-21,0.0,Delivered,True,True,6576.18,1.0
PO-2026-03315,2026-04-13,Allegheny Metals,North America,Components,COM-2543,Ground,Continental Trucking,DC-West (CA),579,579.0,13.5,5,1.0,2026-04-18,2026-04-14,0.0,Delivered,True,True,7816.5,1.0
PO-2026-03316,2026-04-13,Bangalore ElectroTech,APAC,Electronics,ELE-2981,Air,AeroFast,DC-South (GA),123,123.0,56.27,13,14.0,2026-04-26,2026-04-27,1.0,Delivered,False,True,6921.21,0.0
PO-2026-03317,2026-04-13,Great Lakes Packaging,North America,Packaging,PAC-2363,Ground,RoadRunner Freight,DC-West (CA),5409,5409.0,1.22,7,6.0,2026-04-20,2026-04-19,0.0,Delivered,True,True,6598.98,1.0
PO-2026-03318,2026-04-13,Monterrey Assembly,LATAM,Components,COM-3829,Ground,RoadRunner Freight,DC-South (GA),618,618.0,16.25,12,8.0,2026-04-25,2026-04-21,0.0,Delivered,True,True,10042.5,1.0
PO-2026-03319,2026-04-13,Pacific Components Co.,APAC,Components,COM-8445,Ocean,Meridian Shipping,DC-South (GA),593,,10.97,35,,2026-05-18,,,In Transit,,,6505.21,
PO-2026-03320,2026-04-14,Iberia Logistics SA,EMEA,Packaging,PAC-8043,Ocean,BlueWave Lines,DC-West (CA),5494,5494.0,0.71,24,24.0,2026-05-08,2026-05-08,0.0,Delivered,True,True,3900.74,1.0
PO-2026-03321,2026-04-14,Iberia Logistics SA,EMEA,Packaging,PAC-8553,Ocean,BlueWave Lines,DC-South (GA),5541,5541.0,1.05,26,27.0,2026-05-10,2026-05-11,1.0,Delivered,False,True,5818.05,0.0
PO-2026-03322,2026-04-14,Pacific Components Co.,APAC,Electronics,ELE-5780,Ocean,Meridian Shipping,DC-East (PA),106,,54.99,34,,2026-05-18,,,In Transit,,,5828.94,
PO-2026-03323,2026-04-14,Pacific Components Co.,APAC,Components,COM-3971,Ocean,Meridian Shipping,DC-West (CA),627,,16.21,35,,2026-05-19,,,In Transit,,,10163.67,
PO-2026-03324,2026-04-14,Allegheny Metals,North America,Components,COM-7134,Ground,Continental Trucking,DC-West (CA),605,605.0,18.23,7,3.0,2026-04-21,2026-04-17,0.0,Delivered,True,True,11029.15,1.0
PO-2026-03325,2026-04-14,Monterrey Assembly,LATAM,Finished Goods,FIN-4527,Ground,RoadRunner Freight,DC-West (CA),90,90.0,92.39,13,11.0,2026-04-27,2026-04-25,0.0,Delivered,True,True,8315.1,1.0
PO-2026-03326,2026-04-14,São Paulo Supply,LATAM,Raw Materials,RAW-6140,Ocean,BlueWave Lines,DC-East (PA),2273,2273.0,9.32,28,26.0,2026-05-12,2026-05-10,0.0,Delivered,True,True,21184.36,1.0
PO-2026-03327,2026-04-14,Pacific Components Co.,APAC,Components,COM-1322,Ocean,Meridian Shipping,DC-Central (TX),593,,9.54,32,,2026-05-16,,,In Transit,,,5657.22,
PO-2026-03328,2026-04-14,Rhine Components GmbH,EMEA,Components,COM-8938,Air,SkyBridge Air Cargo,DC-Central (TX),660,660.0,21.31,9,7.0,2026-04-23,2026-04-21,0.0,Delivered,True,True,14064.6,1.0
PO-2026-03329,2026-04-14,Monterrey Assembly,LATAM,Components,COM-3289,Ground,RoadRunner Freight,DC-Central (TX),603,603.0,14.86,13,12.0,2026-04-27,2026-04-26,0.0,Delivered,True,True,8960.58,1.0
PO-2026-03330,2026-04-14,Shenzhen Precision Ltd,APAC,Electronics,ELE-2362,Ocean,Meridian Shipping,DC-South (GA),119,119.0,41.58,33,25.0,2026-05-17,2026-05-09,0.0,Delivered,True,True,4948.02,1.0
PO-2026-03331,2026-04-14,Bangalore ElectroTech,APAC,Electronics,ELE-2177,Air,AeroFast,DC-South (GA),142,142.0,37.09,12,8.0,2026-04-26,2026-04-22,0.0,Delivered,True,True,5266.78,1.0
PO-2026-03332,2026-04-15,Monterrey Assembly,LATAM,Finished Goods,FIN-7523,Ground,RoadRunner Freight,DC-West (CA),107,107.0,62.98,10,7.0,2026-04-25,2026-04-22,0.0,Delivered,True,True,6738.86,1.0
PO-2026-03333,2026-04-15,Great Lakes Packaging,North America,Packaging,PAC-2992,Ground,Continental Trucking,DC-Central (TX),5310,5310.0,1.14,4,1.0,2026-04-19,2026-04-16,0.0,Delivered,True,True,6053.4,1.0
PO-2026-03334,2026-04-15,Monterrey Assembly,LATAM,Components,COM-2655,Ground,RoadRunner Freight,DC-Central (TX),651,651.0,9.94,10,5.0,2026-04-25,2026-04-20,0.0,Delivered,True,True,6470.94,1.0
PO-2026-03335,2026-04-15,Bangalore ElectroTech,APAC,Electronics,ELE-7045,Air,SkyBridge Air Cargo,DC-Central (TX),149,149.0,35.89,11,9.0,2026-04-26,2026-04-24,0.0,Delivered,True,True,5347.61,1.0
PO-2026-03336,2026-04-15,Pacific Components Co.,APAC,Electronics,ELE-1063,Ocean,Meridian Shipping,DC-West (CA),117,,29.76,34,,2026-05-19,,,In Transit,,,3481.92,
PO-2026-03337,2026-04-15,Allegheny Metals,North America,Components,COM-7247,Ground,RoadRunner Freight,DC-South (GA),583,583.0,13.66,6,3.0,2026-04-21,2026-04-18,0.0,Delivered,True,True,7963.78,1.0
PO-2026-03338,2026-04-15,Shenzhen Precision Ltd,APAC,Electronics,ELE-2845,Ocean,Meridian Shipping,DC-East (PA),123,123.0,41.49,31,29.0,2026-05-16,2026-05-14,0.0,Delivered,True,True,5103.27,1.0
PO-2026-03339,2026-04-15,Great Lakes Packaging,North America,Packaging,PAC-4770,Ground,RoadRunner Freight,DC-Central (TX),5464,5464.0,1.5,5,4.0,2026-04-20,2026-04-19,0.0,Delivered,True,True,8196.0,1.0
PO-2026-03340,2026-04-16,Pacific Components Co.,APAC,Components,COM-2010,Ocean,BlueWave Lines,DC-Central (TX),583,,19.57,32,,2026-05-18,,,In Transit,,,11409.31,
PO-2026-03341,2026-04-16,Bangalore ElectroTech,APAC,Electronics,ELE-7724,Air,SkyBridge Air Cargo,DC-East (PA),121,121.0,28.11,11,8.0,2026-04-27,2026-04-24,0.0,Delivered,True,True,3401.31,1.0
PO-2026-03342,2026-04-16,Allegheny Metals,North America,Raw Materials,RAW-5371,Ground,RoadRunner Freight,DC-South (GA),2222,2222.0,7.38,7,4.0,2026-04-23,2026-04-20,0.0,Delivered,True,True,16398.36,1.0
PO-2026-03343,2026-04-16,Iberia Logistics SA,EMEA,Finished Goods,FIN-7028,Ocean,BlueWave Lines,DC-West (CA),94,94.0,54.49,25,23.0,2026-05-11,2026-05-09,0.0,Delivered,True,True,5122.06,1.0
PO-2026-03344,2026-04-16,São Paulo Supply,LATAM,Raw Materials,RAW-5239,Ocean,Meridian Shipping,DC-East (PA),2240,,13.11,29,,2026-05-15,,,In Transit,,,29366.4,
PO-2026-03345,2026-04-16,Monterrey Assembly,LATAM,Finished Goods,FIN-6964,Ground,Continental Trucking,DC-South (GA),85,81.0,75.69,11,12.0,2026-04-27,2026-04-28,1.0,Delivered,False,False,6433.65,0.0
PO-2026-03346,2026-04-16,Rhine Components GmbH,EMEA,Components,COM-7112,Air,SkyBridge Air Cargo,DC-West (CA),595,595.0,14.17,9,7.0,2026-04-25,2026-04-23,0.0,Delivered,True,True,8431.15,1.0
PO-2026-03347,2026-04-16,Shenzhen Precision Ltd,APAC,Electronics,ELE-9604,Ocean,BlueWave Lines,DC-West (CA),113,113.0,42.65,32,27.0,2026-05-18,2026-05-13,0.0,Delivered,True,True,4819.45,1.0
PO-2026-03348,2026-04-17,Bangalore ElectroTech,APAC,Electronics,ELE-9501,Air,SkyBridge Air Cargo,DC-South (GA),121,121.0,48.37,14,14.0,2026-05-01,2026-05-01,0.0,Delivered,True,True,5852.77,1.0
PO-2026-03349,2026-04-17,Great Lakes Packaging,North America,Packaging,PAC-4365,Ground,RoadRunner Freight,DC-West (CA),5260,5260.0,1.54,5,2.0,2026-04-22,2026-04-19,0.0,Delivered,True,True,8100.4,1.0
PO-2026-03350,2026-04-17,Shenzhen Precision Ltd,APAC,Components,COM-4473,Ocean,BlueWave Lines,DC-East (PA),561,561.0,16.26,32,28.0,2026-05-19,2026-05-15,0.0,Delivered,True,True,9121.86,1.0
PO-2026-03351,2026-04-17,Rhine Components GmbH,EMEA,Electronics,ELE-4446,Air,AeroFast,DC-Central (TX),105,105.0,38.54,8,5.0,2026-04-25,2026-04-22,0.0,Delivered,True,True,4046.7,1.0
PO-2026-03352,2026-04-17,São Paulo Supply,LATAM,Finished Goods,FIN-9785,Ocean,Meridian Shipping,DC-West (CA),82,82.0,94.88,29,27.0,2026-05-16,2026-05-14,0.0,Delivered,True,True,7780.16,1.0
PO-2026-03353,2026-04-17,Monterrey Assembly,LATAM,Finished Goods,FIN-8077,Ground,Continental Trucking,DC-East (PA),98,98.0,92.21,11,9.0,2026-04-28,2026-04-26,0.0,Delivered,True,True,9036.58,1.0
PO-2026-03354,2026-04-17,Great Lakes Packaging,North America,Packaging,PAC-6709,Ground,Continental Trucking,DC-South (GA),5487,5487.0,1.26,7,4.0,2026-04-24,2026-04-21,0.0,Delivered,True,True,6913.62,1.0
PO-2026-03355,2026-04-17,Shenzhen Precision Ltd,APAC,Components,COM-2767,Ocean,Meridian Shipping,DC-West (CA),557,,20.81,33,,2026-05-20,,,In Transit,,,11591.17,
PO-2026-03356,2026-04-17,Pacific Components Co.,APAC,Electronics,ELE-3882,Ocean,BlueWave Lines,DC-West (CA),125,,39.01,33,,2026-05-20,,,In Transit,,,4876.25,
PO-2026-03357,2026-04-17,Iberia Logistics SA,EMEA,Finished Goods,FIN-5822,Ocean,Meridian Shipping,DC-West (CA),93,93.0,77.26,22,18.0,2026-05-09,2026-05-05,0.0,Delivered,True,True,7185.18,1.0
PO-2026-03358,2026-04-18,Monterrey Assembly,LATAM,Finished Goods,FIN-6407,Ground,Continental Trucking,DC-Central (TX),104,104.0,64.08,13,10.0,2026-05-01,2026-04-28,0.0,Delivered,True,True,6664.32,1.0
PO-2026-03359,2026-04-18,Iberia Logistics SA,EMEA,Packaging,PAC-7609,Ocean,Meridian Shipping,DC-West (CA),5289,4681.0,0.99,24,20.0,2026-05-12,2026-05-08,0.0,Delivered,True,False,5236.11,0.0
PO-2026-03360,2026-04-18,Rhine Components GmbH,EMEA,Components,COM-6986,Air,AeroFast,DC-Central (TX),618,618.0,10.54,8,7.0,2026-04-26,2026-04-25,0.0,Delivered,True,True,6513.72,1.0
PO-2026-03361,2026-04-18,Great Lakes Packaging,North America,Packaging,PAC-6359,Ground,RoadRunner Freight,DC-South (GA),5459,5459.0,0.81,6,3.0,2026-04-24,2026-04-21,0.0,Delivered,True,True,4421.79,1.0
PO-2026-03362,2026-04-18,Rhine Components GmbH,EMEA,Components,COM-1170,Air,AeroFast,DC-South (GA),611,490.0,10.78,8,3.0,2026-04-26,2026-04-21,0.0,Delivered,True,False,6586.58,0.0
PO-2026-03363,2026-04-18,Great Lakes Packaging,North America,Packaging,PAC-6207,Ground,Continental Trucking,DC-East (PA),5438,5438.0,1.91,8,4.0,2026-04-26,2026-04-22,0.0,Delivered,True,True,10386.58,1.0
PO-2026-03364,2026-04-18,Monterrey Assembly,LATAM,Finished Goods,FIN-2856,Ground,RoadRunner Freight,DC-South (GA),117,117.0,77.85,10,8.0,2026-04-28,2026-04-26,0.0,Delivered,True,True,9108.45,1.0
PO-2026-03365,2026-04-18,Bangalore ElectroTech,APAC,Electronics,ELE-8443,Air,SkyBridge Air Cargo,DC-West (CA),114,114.0,29.17,12,7.0,2026-04-30,2026-04-25,0.0,Delivered,True,True,3325.38,1.0
PO-2026-03366,2026-04-18,Pacific Components Co.,APAC,Electronics,ELE-1280,Ocean,BlueWave Lines,DC-West (CA),123,,41.58,34,,2026-05-22,,,In Transit,,,5114.34,
PO-2026-03367,2026-04-19,Monterrey Assembly,LATAM,Finished Goods,FIN-5325,Ground,RoadRunner Freight,DC-West (CA),95,95.0,62.68,11,9.0,2026-04-30,2026-04-28,0.0,Delivered,True,True,5954.6,1.0
PO-2026-03368,2026-04-19,Pacific Components Co.,APAC,Electronics,ELE-2110,Ocean,Meridian Shipping,DC-East (PA),128,,45.65,34,,2026-05-23,,,In Transit,,,5843.2,
PO-2026-03369,2026-04-19,Iberia Logistics SA,EMEA,Finished Goods,FIN-2527,Ocean,BlueWave Lines,DC-Central (TX),88,88.0,67.01,24,19.0,2026-05-13,2026-05-08,0.0,Delivered,True,True,5896.88,1.0
PO-2026-03370,2026-04-19,Great Lakes Packaging,North America,Packaging,PAC-9407,Ground,RoadRunner Freight,DC-Central (TX),5400,5400.0,1.83,4,1.0,2026-04-23,2026-04-20,0.0,Delivered,True,True,9882.0,1.0
PO-2026-03371,2026-04-19,Allegheny Metals,North America,Components,COM-1744,Ground,RoadRunner Freight,DC-Central (TX),614,614.0,14.46,7,4.0,2026-04-26,2026-04-23,0.0,Delivered,True,True,8878.44,1.0
PO-2026-03372,2026-04-19,Monterrey Assembly,LATAM,Components,COM-1501,Ground,Continental Trucking,DC-West (CA),605,605.0,13.89,13,8.0,2026-05-02,2026-04-27,0.0,Delivered,True,True,8403.45,1.0
PO-2026-03373,2026-04-20,São Paulo Supply,LATAM,Raw Materials,RAW-5459,Ocean,BlueWave Lines,DC-West (CA),2271,,11.75,27,,2026-05-17,,,In Transit,,,26684.25,
PO-2026-03374,2026-04-20,Monterrey Assembly,LATAM,Components,COM-4737,Ground,Continental Trucking,DC-South (GA),564,564.0,9.49,11,10.0,2026-05-01,2026-04-30,0.0,Delivered,True,True,5352.36,1.0
PO-2026-03375,2026-04-20,Iberia Logistics SA,EMEA,Packaging,PAC-6368,Ocean,Meridian Shipping,DC-Central (TX),5447,5447.0,0.83,25,20.0,2026-05-15,2026-05-10,0.0,Delivered,True,True,4521.01,1.0
PO-2026-03376,2026-04-20,Rhine Components GmbH,EMEA,Components,COM-4484,Air,AeroFast,DC-West (CA),565,565.0,15.63,10,5.0,2026-04-30,2026-04-25,0.0,Delivered,True,True,8830.95,1.0
PO-2026-03377,2026-04-20,Great Lakes Packaging,North America,Packaging,PAC-6551,Ground,Continental Trucking,DC-East (PA),5465,5465.0,1.23,6,2.0,2026-04-26,2026-04-22,0.0,Delivered,True,True,6721.95,1.0
PO-2026-03378,2026-04-21,Monterrey Assembly,LATAM,Finished Goods,FIN-1285,Ground,Continental Trucking,DC-West (CA),101,85.0,66.6,10,7.0,2026-05-01,2026-04-28,0.0,Delivered,True,False,6726.6,0.0
PO-2026-03379,2026-04-21,Pacific Components Co.,APAC,Components,COM-4869,Ocean,BlueWave Lines,DC-South (GA),626,,17.61,35,,2026-05-26,,,In Transit,,,11023.86,
PO-2026-03380,2026-04-21,Monterrey Assembly,LATAM,Components,COM-3880,Ground,RoadRunner Freight,DC-South (GA),594,594.0,15.87,12,11.0,2026-05-03,2026-05-02,0.0,Delivered,True,True,9426.78,1.0
PO-2026-03381,2026-04-21,São Paulo Supply,LATAM,Finished Goods,FIN-1148,Ocean,BlueWave Lines,DC-Central (TX),84,84.0,73.4,29,24.0,2026-05-20,2026-05-15,0.0,Delivered,True,True,6165.6,1.0
PO-2026-03382,2026-04-21,Monterrey Assembly,LATAM,Components,COM-7354,Ground,RoadRunner Freight,DC-East (PA),620,620.0,12.38,10,10.0,2026-05-01,2026-05-01,0.0,Delivered,True,True,7675.6,1.0
PO-2026-03383,2026-04-21,Bangalore ElectroTech,APAC,Electronics,ELE-7506,Air,AeroFast,DC-West (CA),100,100.0,43.47,11,11.0,2026-05-02,2026-05-02,0.0,Delivered,True,True,4347.0,1.0
PO-2026-03384,2026-04-21,Monterrey Assembly,LATAM,Components,COM-9269,Ground,Continental Trucking,DC-South (GA),569,569.0,16.8,10,8.0,2026-05-01,2026-04-29,0.0,Delivered,True,True,9559.2,1.0
PO-2026-03385,2026-04-22,Bangalore ElectroTech,APAC,Electronics,ELE-9738,Air,AeroFast,DC-West (CA),107,107.0,39.36,12,10.0,2026-05-04,2026-05-02,0.0,Delivered,True,True,4211.52,1.0
PO-2026-03386,2026-04-22,Iberia Logistics SA,EMEA,Packaging,PAC-3443,Ocean,BlueWave Lines,DC-West (CA),5543,,1.13,24,,2026-05-16,,,In Transit,,,6263.59,
PO-2026-03387,2026-04-22,Great Lakes Packaging,North America,Packaging,PAC-7089,Ground,RoadRunner Freight,DC-West (CA),5374,5374.0,1.53,7,3.0,2026-04-29,2026-04-25,0.0,Delivered,True,True,8222.22,1.0
PO-2026-03388,2026-04-22,São Paulo Supply,LATAM,Finished Goods,FIN-5994,Ocean,BlueWave Lines,DC-South (GA),93,,78.8,29,,2026-05-21,,,In Transit,,,7328.4,
PO-2026-03389,2026-04-22,Great Lakes Packaging,North America,Packaging,PAC-1493,Ground,Continental Trucking,DC-West (CA),5403,5403.0,1.11,6,4.0,2026-04-28,2026-04-26,0.0,Delivered,True,True,5997.33,1.0
PO-2026-03390,2026-04-22,Monterrey Assembly,LATAM,Finished Goods,FIN-6127,Ground,RoadRunner Freight,DC-West (CA),98,98.0,100.06,11,8.0,2026-05-03,2026-04-30,0.0,Delivered,True,True,9805.88,1.0
PO-2026-03391,2026-04-22,Allegheny Metals,North America,Raw Materials,RAW-7603,Ground,Continental Trucking,DC-South (GA),2174,2174.0,6.87,6,1.0,2026-04-28,2026-04-23,0.0,Delivered,True,True,14935.38,1.0
PO-2026-03392,2026-04-22,Iberia Logistics SA,EMEA,Finished Goods,FIN-3669,Ocean,BlueWave Lines,DC-Central (TX),91,91.0,71.76,24,21.0,2026-05-16,2026-05-13,0.0,Delivered,True,True,6530.16,1.0
PO-2026-03393,2026-04-22,Shenzhen Precision Ltd,APAC,Components,COM-8621,Ocean,BlueWave Lines,DC-East (PA),579,,11.46,32,,2026-05-24,,,In Transit,,,6635.34,
PO-2026-03394,2026-04-22,Shenzhen Precision Ltd,APAC,Electronics,ELE-8694,Ocean,Meridian Shipping,DC-West (CA),114,,46.52,32,,2026-05-24,,,In Transit,,,5303.28,
PO-2026-03395,2026-04-23,Monterrey Assembly,LATAM,Components,COM-4333,Ground,RoadRunner Freight,DC-South (GA),613,613.0,17.89,11,8.0,2026-05-04,2026-05-01,0.0,Delivered,True,True,10966.57,1.0
PO-2026-03396,2026-04-23,Pacific Components Co.,APAC,Components,COM-2481,Ocean,BlueWave Lines,DC-Central (TX),598,,17.49,33,,2026-05-26,,,In Transit,,,10459.02,
PO-2026-03397,2026-04-23,Allegheny Metals,North America,Raw Materials,RAW-1373,Ground,Continental Trucking,DC-South (GA),2232,2232.0,12.05,9,8.0,2026-05-02,2026-05-01,0.0,Delivered,True,True,26895.6,1.0
PO-2026-03398,2026-04-23,Allegheny Metals,North America,Raw Materials,RAW-1491,Ground,Continental Trucking,DC-East (PA),2118,2118.0,9.96,8,7.0,2026-05-01,2026-04-30,0.0,Delivered,True,True,21095.28,1.0
PO-2026-03399,2026-04-23,Allegheny Metals,North America,Components,COM-2586,Ground,RoadRunner Freight,DC-West (CA),608,608.0,15.73,8,6.0,2026-05-01,2026-04-29,0.0,Delivered,True,True,9563.84,1.0
PO-2026-03400,2026-04-23,Shenzhen Precision Ltd,APAC,Components,COM-7519,Ocean,BlueWave Lines,DC-East (PA),550,,10.64,32,,2026-05-25,,,In Transit,,,5852.0,
PO-2026-03401,2026-04-23,Bangalore ElectroTech,APAC,Electronics,ELE-5890,Air,AeroFast,DC-East (PA),113,113.0,53.51,13,8.0,2026-05-06,2026-05-01,0.0,Delivered,True,True,6046.63,1.0
PO-2026-03402,2026-04-23,Bangalore ElectroTech,APAC,Electronics,ELE-4114,Air,AeroFast,DC-South (GA),142,142.0,32.67,12,10.0,2026-05-05,2026-05-03,0.0,Delivered,True,True,4639.14,1.0
PO-2026-03403,2026-04-23,Monterrey Assembly,LATAM,Finished Goods,FIN-1551,Ground,RoadRunner Freight,DC-West (CA),91,88.0,93.31,12,8.0,2026-05-05,2026-05-01,0.0,Delivered,True,False,8491.21,0.0
PO-2026-03404,2026-04-23,Monterrey Assembly,LATAM,Components,COM-3623,Ground,RoadRunner Freight,DC-Central (TX),623,623.0,11.71,12,9.0,2026-05-05,2026-05-02,0.0,Delivered,True,True,7295.33,1.0
PO-2026-03405,2026-04-23,Shenzhen Precision Ltd,APAC,Components,COM-4828,Ocean,BlueWave Lines,DC-South (GA),580,,21.25,32,,2026-05-25,,,In Transit,,,12325.0,
PO-2026-03406,2026-04-23,Monterrey Assembly,LATAM,Components,COM-3200,Ground,RoadRunner Freight,DC-West (CA),600,600.0,11.67,11,9.0,2026-05-04,2026-05-02,0.0,Delivered,True,True,7002.0,1.0
PO-2026-03407,2026-04-24,Shenzhen Precision Ltd,APAC,Electronics,ELE-2177,Ocean,BlueWave Lines,DC-West (CA),153,,40.14,32,,2026-05-26,,,In Transit,,,6141.42,
PO-2026-03408,2026-04-24,Shenzhen Precision Ltd,APAC,Electronics,ELE-8237,Ocean,BlueWave Lines,DC-South (GA),108,,38.13,33,,2026-05-27,,,In Transit,,,4118.04,
PO-2026-03409,2026-04-24,Rhine Components GmbH,EMEA,Electronics,ELE-2940,Air,SkyBridge Air Cargo,DC-Central (TX),93,93.0,40.46,10,7.0,2026-05-04,2026-05-01,0.0,Delivered,True,True,3762.78,1.0
PO-2026-03410,2026-04-24,Rhine Components GmbH,EMEA,Electronics,ELE-6835,Air,AeroFast,DC-East (PA),137,137.0,38.43,11,9.0,2026-05-05,2026-05-03,0.0,Delivered,True,True,5264.91,1.0
PO-2026-03411,2026-04-24,Pacific Components Co.,APAC,Components,COM-7077,Ocean,BlueWave Lines,DC-West (CA),613,,13.8,33,,2026-05-27,,,In Transit,,,8459.4,
PO-2026-03412,2026-04-24,Shenzhen Precision Ltd,APAC,Electronics,ELE-6637,Ocean,BlueWave Lines,DC-Central (TX),127,,34.96,32,,2026-05-26,,,In Transit,,,4439.92,
PO-2026-03413,2026-04-24,Monterrey Assembly,LATAM,Finished Goods,FIN-8600,Ground,RoadRunner Freight,DC-East (PA),76,76.0,82.15,12,10.0,2026-05-06,2026-05-04,0.0,Delivered,True,True,6243.4,1.0
PO-2026-03414,2026-04-24,Pacific Components Co.,APAC,Components,COM-3275,Ocean,BlueWave Lines,DC-Central (TX),617,,14.48,35,,2026-05-29,,,In Transit,,,8934.16,
PO-2026-03415,2026-04-24,Allegheny Metals,North America,Raw Materials,RAW-1827,Ground,Continental Trucking,DC-South (GA),2222,2222.0,11.01,8,5.0,2026-05-02,2026-04-29,0.0,Delivered,True,True,24464.22,1.0
PO-2026-03416,2026-04-25,Pacific Components Co.,APAC,Components,COM-8517,Ocean,Meridian Shipping,DC-East (PA),615,,11.05,34,,2026-05-29,,,In Transit,,,6795.75,
PO-2026-03417,2026-04-25,Iberia Logistics SA,EMEA,Finished Goods,FIN-3454,Ocean,BlueWave Lines,DC-Central (TX),87,,81.5,23,,2026-05-18,,,In Transit,,,7090.5,
PO-2026-03418,2026-04-25,Allegheny Metals,North America,Raw Materials,RAW-9368,Ground,RoadRunner Freight,DC-Central (TX),2206,2206.0,8.44,7,2.0,2026-05-02,2026-04-22,0.0,Delivered,True,True,18618.64,1.0
PO-2026-03419,2026-04-25,Allegheny Metals,North America,Components,COM-6317,Ground,RoadRunner Freight,DC-East (PA),582,582.0,18.0,7,3.0,2026-05-02,2026-04-28,0.0,Delivered,True,True,10476.0,1.0
PO-2026-03420,2026-04-25,Monterrey Assembly,LATAM,Finished Goods,FIN-3911,Ground,Continental Trucking,DC-South (GA),87,87.0,64.77,11,12.0,2026-05-06,2026-05-07,1.0,Delivered,False,True,5634.99,0.0
PO-2026-03421,2026-04-25,Allegheny Metals,North America,Raw Materials,RAW-4425,Ground,Continental Trucking,DC-West (CA),2179,2179.0,11.5,6,2.0,2026-05-01,2026-04-27,0.0,Delivered,True,True,25058.5,1.0
PO-2026-03422,2026-04-25,Iberia Logistics SA,EMEA,Packaging,PAC-9711,Ocean,BlueWave Lines,DC-Central (TX),5448,5448.0,0.76,24,18.0,2026-05-19,2026-05-13,0.0,Delivered,True,True,4140.48,1.0
PO-2026-03423,2026-04-26,Allegheny Metals,North America,Components,COM-6008,Ground,RoadRunner Freight,DC-Central (TX),595,595.0,19.15,7,4.0,2026-05-03,2026-04-30,0.0,Delivered,True,True,11394.25,1.0
PO-2026-03424,2026-04-26,Shenzhen Precision Ltd,APAC,Electronics,ELE-1418,Ocean,BlueWave Lines,DC-South (GA),117,,32.88,34,,2026-05-30,,,In Transit,,,3846.96,
PO-2026-03425,2026-04-26,Great Lakes Packaging,North America,Packaging,PAC-2551,Ground,Continental Trucking,DC-West (CA),5459,5459.0,1.36,7,5.0,2026-05-03,2026-05-01,0.0,Delivered,True,True,7424.24,1.0
PO-2026-03426,2026-04-26,Allegheny Metals,North America,Raw Materials,RAW-8929,Ground,Continental Trucking,DC-South (GA),2155,2155.0,9.38,8,6.0,2026-05-04,2026-05-02,0.0,Delivered,True,True,20213.9,1.0
PO-2026-03427,2026-04-26,Allegheny Metals,North America,Raw Materials,RAW-6196,Ground,RoadRunner Freight,DC-East (PA),2229,2042.0,16.56,7,3.0,2026-05-03,2026-04-29,0.0,Delivered,True,False,36912.24,0.0
PO-2026-03428,2026-04-26,Shenzhen Precision Ltd,APAC,Electronics,ELE-4321,Ocean,BlueWave Lines,DC-Central (TX),115,,51.12,32,,2026-05-28,,,In Transit,,,5878.8,
PO-2026-03429,2026-04-26,Iberia Logistics SA,EMEA,Packaging,PAC-6498,Ocean,BlueWave Lines,DC-South (GA),5379,,1.27,24,,2026-05-20,,,In Transit,,,6831.33,
PO-2026-03430,2026-04-26,Pacific Components Co.,APAC,Electronics,ELE-7913,Ocean,Meridian Shipping,DC-Central (TX),132,,35.77,34,,2026-05-30,,,In Transit,,,4721.64,
PO-2026-03431,2026-04-26,Rhine Components GmbH,EMEA,Electronics,ELE-2984,Air,AeroFast,DC-West (CA),109,109.0,52.14,10,5.0,2026-05-06,2026-05-01,0.0,Delivered,True,True,5683.26,1.0
PO-2026-03432,2026-04-27,Allegheny Metals,North America,Components,COM-8073,Ground,Continental Trucking,DC-Central (TX),580,580.0,14.33,8,4.0,2026-05-05,2026-05-01,0.0,Delivered,True,True,8311.4,1.0
PO-2026-03433,2026-04-27,Rhine Components GmbH,EMEA,Electronics,ELE-6713,Air,AeroFast,DC-South (GA),131,131.0,43.63,9,6.0,2026-05-06,2026-05-03,0.0,Delivered,True,True,5715.53,1.0
PO-2026-03434,2026-04-27,Bangalore ElectroTech,APAC,Electronics,ELE-1679,Air,SkyBridge Air Cargo,DC-South (GA),116,116.0,30.53,11,12.0,2026-05-08,2026-05-09,1.0,Delivered,False,True,3541.48,0.0
PO-2026-03435,2026-04-27,Iberia Logistics SA,EMEA,Packaging,PAC-3749,Ocean,BlueWave Lines,DC-East (PA),5543,5543.0,1.18,23,16.0,2026-05-20,2026-05-13,0.0,Delivered,True,True,6540.74,1.0
PO-2026-03436,2026-04-27,Rhine Components GmbH,EMEA,Components,COM-6711,Air,AeroFast,DC-Central (TX),598,598.0,13.0,9,5.0,2026-05-06,2026-05-02,0.0,Delivered,True,True,7774.0,1.0
PO-2026-03437,2026-04-27,Great Lakes Packaging,North America,Packaging,PAC-2705,Ground,Continental Trucking,DC-Central (TX),5425,5425.0,1.06,5,2.0,2026-05-02,2026-04-29,0.0,Delivered,True,True,5750.5,1.0
PO-2026-03438,2026-04-27,Rhine Components GmbH,EMEA,Electronics,ELE-5405,Air,SkyBridge Air Cargo,DC-East (PA),130,130.0,38.66,9,6.0,2026-05-06,2026-05-03,0.0,Delivered,True,True,5025.8,1.0
PO-2026-03439,2026-04-27,Monterrey Assembly,LATAM,Finished Goods,FIN-6755,Ground,RoadRunner Freight,DC-West (CA),110,110.0,61.39,11,9.0,2026-05-08,2026-05-06,0.0,Delivered,True,True,6752.9,1.0
PO-2026-03440,2026-04-27,Allegheny Metals,North America,Raw Materials,RAW-4255,Ground,RoadRunner Freight,DC-West (CA),2145,2145.0,8.99,7,2.0,2026-05-04,2026-04-29,0.0,Delivered,True,True,19283.55,1.0
PO-2026-03441,2026-04-28,Rhine Components GmbH,EMEA,Components,COM-6101,Air,AeroFast,DC-West (CA),590,590.0,18.34,7,3.0,2026-05-05,2026-05-01,0.0,Delivered,True,True,10820.6,1.0
PO-2026-03442,2026-04-28,Shenzhen Precision Ltd,APAC,Components,COM-3089,Ocean,Meridian Shipping,DC-West (CA),581,,21.76,33,,2026-05-31,,,In Transit,,,12642.56,
PO-2026-03443,2026-04-28,Pacific Components Co.,APAC,Electronics,ELE-8819,Ocean,Meridian Shipping,DC-West (CA),136,,53.6,35,,2026-06-02,,,In Transit,,,7289.6,
PO-2026-03444,2026-04-28,Shenzhen Precision Ltd,APAC,Electronics,ELE-1779,Ocean,Meridian Shipping,DC-South (GA),142,,39.68,30,,2026-05-28,,,In Transit,,,5634.56,
PO-2026-03445,2026-04-28,Allegheny Metals,North America,Components,COM-3812,Ground,RoadRunner Freight,DC-East (PA),642,642.0,11.81,6,3.0,2026-05-04,2026-05-01,0.0,Delivered,True,True,7582.02,1.0
PO-2026-03446,2026-04-28,Allegheny Metals,North America,Components,COM-8840,Ground,RoadRunner Freight,DC-South (GA),583,583.0,19.89,5,2.0,2026-05-03,2026-04-30,0.0,Delivered,True,True,11595.87,1.0
PO-2026-03447,2026-04-28,Monterrey Assembly,LATAM,Finished Goods,FIN-7428,Ground,Continental Trucking,DC-East (PA),88,88.0,87.25,12,9.0,2026-05-10,2026-05-07,0.0,Delivered,True,True,7678.0,1.0
PO-2026-03448,2026-04-28,Great Lakes Packaging,North America,Packaging,PAC-3729,Ground,RoadRunner Freight,DC-Central (TX),5450,5450.0,0.98,6,4.0,2026-05-04,2026-05-02,0.0,Delivered,True,True,5341.0,1.0
PO-2026-03449,2026-04-28,Bangalore ElectroTech,APAC,Electronics,ELE-8112,Air,SkyBridge Air Cargo,DC-West (CA),128,128.0,39.31,12,8.0,2026-05-10,2026-05-06,0.0,Delivered,True,True,5031.68,1.0
PO-2026-03450,2026-04-29,Bangalore ElectroTech,APAC,Electronics,ELE-4188,Air,SkyBridge Air Cargo,DC-East (PA),115,115.0,40.16,14,13.0,2026-05-13,2026-05-12,0.0,Delivered,True,True,4618.4,1.0
PO-2026-03451,2026-04-29,Pacific Components Co.,APAC,Electronics,ELE-7608,Ocean,Meridian Shipping,DC-South (GA),120,,35.37,33,,2026-06-01,,,In Transit,,,4244.4,
PO-2026-03452,2026-04-29,Shenzhen Precision Ltd,APAC,Components,COM-9924,Ocean,Meridian Shipping,DC-East (PA),593,,14.61,33,,2026-06-01,,,In Transit,,,8663.73,
PO-2026-03453,2026-04-30,Iberia Logistics SA,EMEA,Packaging,PAC-5984,Ocean,BlueWave Lines,DC-West (CA),5340,,0.91,23,,2026-05-23,,,In Transit,,,4859.4,
PO-2026-03454,2026-04-30,Great Lakes Packaging,North America,Packaging,PAC-1130,Ground,RoadRunner Freight,DC-West (CA),5430,5430.0,1.42,6,4.0,2026-05-06,2026-05-04,0.0,Delivered,True,True,7710.6,1.0
PO-2026-03455,2026-04-30,São Paulo Supply,LATAM,Raw Materials,RAW-7367,Ocean,Meridian Shipping,DC-West (CA),2231,,13.64,26,,2026-05-26,,,In Transit,,,30430.84,
PO-2026-03456,2026-04-30,Bangalore ElectroTech,APAC,Electronics,ELE-8000,Air,SkyBridge Air Cargo,DC-West (CA),113,113.0,46.25,12,11.0,2026-05-12,2026-05-11,0.0,Delivered,True,True,5226.25,1.0
PO-2026-03457,2026-04-30,Allegheny Metals,North America,Raw Materials,RAW-1359,Ground,RoadRunner Freight,DC-South (GA),2162,2162.0,9.15,6,4.0,2026-05-06,2026-05-04,0.0,Delivered,True,True,19782.3,1.0
PO-2026-03458,2026-05-01,Great Lakes Packaging,North America,Packaging,PAC-8998,Ground,RoadRunner Freight,DC-South (GA),5383,5383.0,1.22,6,1.0,2026-05-07,2026-05-02,0.0,Delivered,True,True,6567.26,1.0
PO-2026-03459,2026-05-01,Monterrey Assembly,LATAM,Components,COM-1793,Ground,Continental Trucking,DC-West (CA),593,593.0,7.37,11,10.0,2026-05-12,2026-05-11,0.0,Delivered,True,True,4370.41,1.0
PO-2026-03460,2026-05-01,Allegheny Metals,North America,Raw Materials,RAW-7511,Ground,RoadRunner Freight,DC-Central (TX),2196,2196.0,6.92,6,4.0,2026-05-07,2026-05-05,0.0,Delivered,True,True,15196.32,1.0
PO-2026-03461,2026-05-01,São Paulo Supply,LATAM,Raw Materials,RAW-2236,Ocean,BlueWave Lines,DC-South (GA),2243,,12.29,28,,2026-05-29,,,In Transit,,,27566.47,
PO-2026-03462,2026-05-02,Monterrey Assembly,LATAM,Components,COM-1745,Ground,RoadRunner Freight,DC-Central (TX),603,603.0,13.6,10,9.0,2026-05-12,2026-05-11,0.0,Delivered,True,True,8200.8,1.0
PO-2026-03463,2026-05-02,Shenzhen Precision Ltd,APAC,Components,COM-9768,Ocean,BlueWave Lines,DC-South (GA),621,,8.35,32,,2026-06-03,,,In Transit,,,5185.35,
PO-2026-03464,2026-05-02,Monterrey Assembly,LATAM,Components,COM-7870,Ground,Continental Trucking,DC-West (CA),578,578.0,11.14,11,7.0,2026-05-13,2026-05-09,0.0,Delivered,True,True,6438.92,1.0
PO-2026-03465,2026-05-02,Pacific Components Co.,APAC,Components,COM-6680,Ocean,Meridian Shipping,DC-South (GA),548,,6.69,33,,2026-06-04,,,In Transit,,,3666.12,
PO-2026-03466,2026-05-02,Great Lakes Packaging,North America,Packaging,PAC-5558,Ground,RoadRunner Freight,DC-South (GA),5378,5378.0,1.18,6,2.0,2026-05-08,2026-05-04,0.0,Delivered,True,True,6346.04,1.0
PO-2026-03467,2026-05-02,Great Lakes Packaging,North America,Packaging,PAC-5020,Ground,Continental Trucking,DC-West (CA),5342,5342.0,0.79,6,3.0,2026-05-08,2026-05-05,0.0,Delivered,True,True,4220.18,1.0
PO-2026-03468,2026-05-02,Rhine Components GmbH,EMEA,Electronics,ELE-2040,Air,AeroFast,DC-South (GA),154,154.0,39.4,8,2.0,2026-05-10,2026-05-04,0.0,Delivered,True,True,6067.6,1.0
PO-2026-03469,2026-05-02,Bangalore ElectroTech,APAC,Electronics,ELE-8290,Air,SkyBridge Air Cargo,DC-South (GA),120,120.0,43.45,12,6.0,2026-05-14,2026-05-08,0.0,Delivered,True,True,5214.0,1.0
PO-2026-03470,2026-05-03,Allegheny Metals,North America,Raw Materials,RAW-1663,Ground,Continental Trucking,DC-South (GA),2259,2259.0,10.0,7,4.0,2026-05-10,2026-05-07,0.0,Delivered,True,True,22590.0,1.0
PO-2026-03471,2026-05-03,Allegheny Metals,North America,Raw Materials,RAW-1012,Ground,RoadRunner Freight,DC-East (PA),2184,2184.0,8.53,6,4.0,2026-05-09,2026-05-07,0.0,Delivered,True,True,18629.52,1.0
PO-2026-03472,2026-05-03,São Paulo Supply,LATAM,Raw Materials,RAW-8075,Ocean,Meridian Shipping,DC-South (GA),2231,,6.93,26,,2026-05-29,,,In Transit,,,15460.83,
PO-2026-03473,2026-05-03,Pacific Components Co.,APAC,Electronics,ELE-2453,Ocean,BlueWave Lines,DC-East (PA),128,,33.44,35,,2026-06-07,,,In Transit,,,4280.32,
PO-2026-03474,2026-05-03,Rhine Components GmbH,EMEA,Components,COM-3672,Air,AeroFast,DC-West (CA),629,629.0,11.74,9,6.0,2026-05-12,2026-05-09,0.0,Delivered,True,True,7384.46,1.0
PO-2026-03475,2026-05-03,São Paulo Supply,LATAM,Finished Goods,FIN-4917,Ocean,BlueWave Lines,DC-West (CA),87,,92.83,29,,2026-06-01,,,In Transit,,,8076.21,
PO-2026-03476,2026-05-03,Iberia Logistics SA,EMEA,Packaging,PAC-2292,Ocean,Meridian Shipping,DC-South (GA),5287,,0.87,23,,2026-05-26,,,In Transit,,,4599.69,
PO-2026-03477,2026-05-03,Shenzhen Precision Ltd,APAC,Electronics,ELE-5907,Ocean,Meridian Shipping,DC-South (GA),112,,48.27,33,,2026-06-05,,,In Transit,,,5406.24,
PO-2026-03478,2026-05-04,Shenzhen Precision Ltd,APAC,Electronics,ELE-9815,Ocean,BlueWave Lines,DC-South (GA),126,,68.03,33,,2026-06-06,,,In Transit,,,8571.78,
PO-2026-03479,2026-05-04,Iberia Logistics SA,EMEA,Finished Goods,FIN-2121,Ocean,BlueWave Lines,DC-South (GA),105,,56.93,23,,2026-05-27,,,In Transit,,,5977.65,
PO-2026-03480,2026-05-04,Allegheny Metals,North America,Components,COM-3970,Ground,RoadRunner Freight,DC-East (PA),606,606.0,11.26,6,4.0,2026-05-10,2026-05-08,0.0,Delivered,True,True,6823.56,1.0
PO-2026-03481,2026-05-04,Allegheny Metals,North America,Raw Materials,RAW-3807,Ground,Continental Trucking,DC-Central (TX),2219,2219.0,10.31,7,4.0,2026-05-11,2026-05-08,0.0,Delivered,True,True,22877.89,1.0
PO-2026-03482,2026-05-04,Pacific Components Co.,APAC,Components,COM-4841,Ocean,Meridian Shipping,DC-West (CA),633,,16.39,33,,2026-06-06,,,In Transit,,,10374.87,
PO-2026-03483,2026-05-04,Monterrey Assembly,LATAM,Components,COM-9119,Ground,RoadRunner Freight,DC-East (PA),587,587.0,10.95,10,7.0,2026-05-14,2026-05-11,0.0,Delivered,True,True,6427.65,1.0
PO-2026-03484,2026-05-04,Allegheny Metals,North America,Raw Materials,RAW-6416,Ground,RoadRunner Freight,DC-Central (TX),2124,2124.0,5.53,6,3.0,2026-05-10,2026-05-07,0.0,Delivered,True,True,11745.72,1.0
PO-2026-03485,2026-05-04,Bangalore ElectroTech,APAC,Electronics,ELE-3309,Air,SkyBridge Air Cargo,DC-Central (TX),122,,38.28,12,,2026-05-16,,,In Transit,,,4670.16,
PO-2026-03486,2026-05-04,São Paulo Supply,LATAM,Raw Materials,RAW-9266,Ocean,BlueWave Lines,DC-East (PA),2221,,18.0,29,,2026-06-02,,,In Transit,,,39978.0,
PO-2026-03487,2026-05-04,Shenzhen Precision Ltd,APAC,Components,COM-6177,Ocean,BlueWave Lines,DC-East (PA),619,,17.44,31,,2026-06-04,,,In Transit,,,10795.36,
PO-2026-03488,2026-05-04,São Paulo Supply,LATAM,Raw Materials,RAW-5703,Ocean,BlueWave Lines,DC-West (CA),2249,,8.28,29,,2026-06-02,,,In Transit,,,18621.72,
PO-2026-03489,2026-05-04,Allegheny Metals,North America,Raw Materials,RAW-3906,Ground,RoadRunner Freight,DC-Central (TX),2204,2204.0,7.43,8,2.0,2026-05-12,2026-05-06,0.0,Delivered,True,True,16375.72,1.0
PO-2026-03490,2026-05-04,Shenzhen Precision Ltd,APAC,Components,COM-6912,Ocean,Meridian Shipping,DC-West (CA),621,,13.07,34,,2026-06-07,,,In Transit,,,8116.47,
PO-2026-03491,2026-05-05,Pacific Components Co.,APAC,Components,COM-1765,Ocean,BlueWave Lines,DC-Central (TX),616,,13.36,33,,2026-06-07,,,In Transit,,,8229.76,
PO-2026-03492,2026-05-05,São Paulo Supply,LATAM,Finished Goods,FIN-5497,Ocean,Meridian Shipping,DC-Central (TX),102,,83.95,29,,2026-06-03,,,In Transit,,,8562.9,
PO-2026-03493,2026-05-05,São Paulo Supply,LATAM,Finished Goods,FIN-2286,Ocean,Meridian Shipping,DC-South (GA),78,,70.39,27,,2026-06-01,,,In Transit,,,5490.42,
PO-2026-03494,2026-05-05,Great Lakes Packaging,North America,Packaging,PAC-4859,Ground,RoadRunner Freight,DC-East (PA),5404,5404.0,0.98,7,5.0,2026-05-12,2026-05-10,0.0,Delivered,True,True,5295.92,1.0
PO-2026-03495,2026-05-05,São Paulo Supply,LATAM,Raw Materials,RAW-8045,Ocean,Meridian Shipping,DC-Central (TX),2189,,11.14,29,,2026-06-03,,,In Transit,,,24385.46,
PO-2026-03496,2026-05-06,Monterrey Assembly,LATAM,Components,COM-2722,Ground,Continental Trucking,DC-West (CA),615,615.0,15.49,11,8.0,2026-05-17,2026-05-14,0.0,Delivered,True,True,9526.35,1.0
PO-2026-03497,2026-05-06,Allegheny Metals,North America,Components,COM-7238,Ground,Continental Trucking,DC-West (CA),606,606.0,13.24,9,7.0,2026-05-15,2026-05-13,0.0,Delivered,True,True,8023.44,1.0
PO-2026-03498,2026-05-06,Bangalore ElectroTech,APAC,Electronics,ELE-7495,Air,AeroFast,DC-East (PA),121,,41.98,12,,2026-05-18,,,In Transit,,,5079.58,
PO-2026-03499,2026-05-06,São Paulo Supply,LATAM,Finished Goods,FIN-5093,Ocean,Meridian Shipping,DC-West (CA),94,,39.29,28,,2026-06-03,,,In Transit,,,3693.26,
PO-2026-03500,2026-05-06,Allegheny Metals,North America,Raw Materials,RAW-6407,Ground,RoadRunner Freight,DC-Central (TX),2218,2218.0,13.78,7,7.0,2026-05-13,2026-05-13,0.0,Delivered,True,True,30564.04,1.0
PO-2026-03501,2026-05-06,Great Lakes Packaging,North America,Packaging,PAC-2778,Ground,RoadRunner Freight,DC-West (CA),5401,5401.0,1.52,5,1.0,2026-05-11,2026-05-07,0.0,Delivered,True,True,8209.52,1.0
PO-2026-03502,2026-05-06,Rhine Components GmbH,EMEA,Electronics,ELE-2975,Air,SkyBridge Air Cargo,DC-East (PA),125,125.0,45.69,10,6.0,2026-05-16,2026-05-12,0.0,Delivered,True,True,5711.25,1.0
PO-2026-03503,2026-05-06,São Paulo Supply,LATAM,Finished Goods,FIN-4127,Ocean,BlueWave Lines,DC-West (CA),93,,82.89,29,,2026-06-04,,,In Transit,,,7708.77,
PO-2026-03504,2026-05-06,Bangalore ElectroTech,APAC,Electronics,ELE-6355,Air,SkyBridge Air Cargo,DC-Central (TX),120,,32.47,13,,2026-05-19,,,In Transit,,,3896.4,
PO-2026-03505,2026-05-07,Iberia Logistics SA,EMEA,Finished Goods,FIN-9597,Ocean,BlueWave Lines,DC-East (PA),83,,86.89,24,,2026-05-31,,,In Transit,,,7211.87,
PO-2026-03506,2026-05-07,Rhine Components GmbH,EMEA,Components,COM-2402,Air,SkyBridge Air Cargo,DC-East (PA),589,589.0,15.28,7,1.0,2026-05-14,2026-05-08,0.0,Delivered,True,True,8999.92,1.0
PO-2026-03507,2026-05-07,Bangalore ElectroTech,APAC,Electronics,ELE-1776,Air,SkyBridge Air Cargo,DC-Central (TX),103,,49.23,12,,2026-05-19,,,In Transit,,,5070.69,
PO-2026-03508,2026-05-07,São Paulo Supply,LATAM,Finished Goods,FIN-1827,Ocean,BlueWave Lines,DC-East (PA),78,,81.62,27,,2026-06-03,,,In Transit,,,6366.36,
PO-2026-03509,2026-05-07,São Paulo Supply,LATAM,Raw Materials,RAW-1995,Ocean,Meridian Shipping,DC-South (GA),2244,,13.09,27,,2026-06-03,,,In Transit,,,29373.96,
PO-2026-03510,2026-05-08,Allegheny Metals,North America,Raw Materials,RAW-2529,Ground,Continental Trucking,DC-West (CA),2170,2170.0,15.11,7,5.0,2026-05-15,2026-05-13,0.0,Delivered,True,True,32788.7,1.0
PO-2026-03511,2026-05-08,Great Lakes Packaging,North America,Packaging,PAC-2163,Ground,RoadRunner Freight,DC-East (PA),5395,5395.0,0.9,6,2.0,2026-05-14,2026-05-10,0.0,Delivered,True,True,4855.5,1.0
PO-2026-03512,2026-05-08,Pacific Components Co.,APAC,Components,COM-7253,Ocean,BlueWave Lines,DC-Central (TX),586,,17.81,33,,2026-06-10,,,In Transit,,,10436.66,
PO-2026-03513,2026-05-08,São Paulo Supply,LATAM,Finished Goods,FIN-2031,Ocean,Meridian Shipping,DC-Central (TX),87,,78.56,27,,2026-06-04,,,In Transit,,,6834.72,
PO-2026-03514,2026-05-08,Monterrey Assembly,LATAM,Components,COM-1735,Ground,Continental Trucking,DC-East (PA),609,609.0,9.32,10,6.0,2026-05-18,2026-05-14,0.0,Delivered,True,True,5675.88,1.0
PO-2026-03515,2026-05-08,Pacific Components Co.,APAC,Electronics,ELE-4202,Ocean,BlueWave Lines,DC-East (PA),125,,49.08,33,,2026-06-10,,,In Transit,,,6135.0,
PO-2026-03516,2026-05-08,São Paulo Supply,LATAM,Finished Goods,FIN-7845,Ocean,BlueWave Lines,DC-West (CA),102,,79.9,27,,2026-06-04,,,In Transit,,,8149.8,
PO-2026-03517,2026-05-08,Rhine Components GmbH,EMEA,Electronics,ELE-7211,Air,AeroFast,DC-West (CA),121,121.0,51.42,9,7.0,2026-05-17,2026-05-15,0.0,Delivered,True,True,6221.82,1.0
PO-2026-03518,2026-05-08,Monterrey Assembly,LATAM,Components,COM-4901,Ground,RoadRunner Freight,DC-West (CA),596,,13.22,11,,2026-05-19,,,In Transit,,,7879.12,
PO-2026-03519,2026-05-08,Great Lakes Packaging,North America,Packaging,PAC-7536,Ground,RoadRunner Freight,DC-West (CA),5447,5200.0,1.02,7,3.0,2026-05-15,2026-05-11,0.0,Delivered,True,False,5555.94,0.0
PO-2026-03520,2026-05-08,Monterrey Assembly,LATAM,Finished Goods,FIN-2597,Ground,RoadRunner Freight,DC-Central (TX),91,,99.98,11,,2026-05-19,,,In Transit,,,9098.18,
PO-2026-03521,2026-05-09,Pacific Components Co.,APAC,Electronics,ELE-9861,Ocean,Meridian Shipping,DC-South (GA),107,,60.02,34,,2026-06-12,,,In Transit,,,6422.14,
PO-2026-03522,2026-05-09,Allegheny Metals,North America,Raw Materials,RAW-7999,Ground,RoadRunner Freight,DC-East (PA),2174,2046.0,15.82,7,4.0,2026-05-16,2026-05-13,0.0,Delivered,True,False,34392.68,0.0
PO-2026-03523,2026-05-09,Great Lakes Packaging,North America,Packaging,PAC-4719,Ground,Continental Trucking,DC-West (CA),5292,5292.0,0.93,6,4.0,2026-05-15,2026-05-13,0.0,Delivered,True,True,4921.56,1.0
PO-2026-03524,2026-05-09,Great Lakes Packaging,North America,Packaging,PAC-6833,Ground,Continental Trucking,DC-Central (TX),5523,5523.0,1.1,5,1.0,2026-05-14,2026-05-10,0.0,Delivered,True,True,6075.3,1.0
PO-2026-03525,2026-05-09,Bangalore ElectroTech,APAC,Electronics,ELE-8955,Air,SkyBridge Air Cargo,DC-Central (TX),127,,36.4,12,,2026-05-21,,,In Transit,,,4622.8,
PO-2026-03526,2026-05-09,Allegheny Metals,North America,Raw Materials,RAW-6710,Ground,RoadRunner Freight,DC-East (PA),2223,2223.0,10.06,8,6.0,2026-05-17,2026-05-15,0.0,Delivered,True,True,22363.38,1.0
PO-2026-03527,2026-05-09,Shenzhen Precision Ltd,APAC,Electronics,ELE-9108,Ocean,BlueWave Lines,DC-Central (TX),120,,39.39,33,,2026-06-11,,,In Transit,,,4726.8,
PO-2026-03528,2026-05-09,Shenzhen Precision Ltd,APAC,Components,COM-5591,Ocean,Meridian Shipping,DC-South (GA),607,,12.49,31,,2026-06-09,,,In Transit,,,7581.43,
PO-2026-03529,2026-05-09,Monterrey Assembly,LATAM,Finished Goods,FIN-1011,Ground,Continental Trucking,DC-South (GA),89,,116.87,12,,2026-05-21,,,In Transit,,,10401.43,
PO-2026-03530,2026-05-09,Bangalore ElectroTech,APAC,Electronics,ELE-9413,Air,SkyBridge Air Cargo,DC-Central (TX),124,,49.53,11,,2026-05-20,,,In Transit,,,6141.72,
PO-2026-03531,2026-05-10,Rhine Components GmbH,EMEA,Components,COM-7997,Air,AeroFast,DC-South (GA),612,,18.12,7,,2026-05-17,,,In Transit,,,11089.44,
PO-2026-03532,2026-05-10,Iberia Logistics SA,EMEA,Packaging,PAC-3789,Ocean,Meridian Shipping,DC-Central (TX),5386,,1.1,24,,2026-06-03,,,In Transit,,,5924.6,
PO-2026-03533,2026-05-10,São Paulo Supply,LATAM,Raw Materials,RAW-2826,Ocean,Meridian Shipping,DC-West (CA),2204,,12.69,26,,2026-06-05,,,In Transit,,,27968.76,
PO-2026-03534,2026-05-10,Allegheny Metals,North America,Components,COM-8018,Ground,RoadRunner Freight,DC-West (CA),529,529.0,20.18,7,1.0,2026-05-17,2026-05-11,0.0,Delivered,True,True,10675.22,1.0
PO-2026-03535,2026-05-10,Pacific Components Co.,APAC,Components,COM-8042,Ocean,BlueWave Lines,DC-West (CA),584,,17.88,33,,2026-06-12,,,In Transit,,,10441.92,
PO-2026-03536,2026-05-10,Pacific Components Co.,APAC,Electronics,ELE-4525,Ocean,BlueWave Lines,DC-Central (TX),115,,30.92,33,,2026-06-12,,,In Transit,,,3555.8,
PO-2026-03537,2026-05-10,São Paulo Supply,LATAM,Raw Materials,RAW-7080,Ocean,BlueWave Lines,DC-East (PA),2169,,12.52,29,,2026-06-08,,,In Transit,,,27155.88,
PO-2026-03538,2026-05-10,Monterrey Assembly,LATAM,Components,COM-3166,Ground,Continental Trucking,DC-East (PA),574,,11.56,11,,2026-05-21,,,In Transit,,,6635.44,
PO-2026-03539,2026-05-10,Rhine Components GmbH,EMEA,Electronics,ELE-6857,Air,AeroFast,DC-Central (TX),116,,55.86,9,,2026-05-19,,,In Transit,,,6479.76,
PO-2026-03540,2026-05-10,Iberia Logistics SA,EMEA,Finished Goods,FIN-3637,Ocean,BlueWave Lines,DC-South (GA),91,,82.23,24,,2026-06-03,,,In Transit,,,7482.93,
PO-2026-03541,2026-05-10,Allegheny Metals,North America,Components,COM-9323,Ground,Continental Trucking,DC-South (GA),589,589.0,19.29,6,5.0,2026-05-16,2026-05-15,0.0,Delivered,True,True,11361.81,1.0
PO-2026-03542,2026-05-10,Great Lakes Packaging,North America,Packaging,PAC-1701,Ground,RoadRunner Freight,DC-West (CA),5327,5327.0,1.18,7,2.0,2026-05-17,2026-05-12,0.0,Delivered,True,True,6285.86,1.0
PO-2026-03543,2026-05-10,Shenzhen Precision Ltd,APAC,Electronics,ELE-1305,Ocean,Meridian Shipping,DC-East (PA),124,,61.6,33,,2026-06-12,,,In Transit,,,7638.4,
PO-2026-03544,2026-05-10,Great Lakes Packaging,North America,Packaging,PAC-1130,Ground,RoadRunner Freight,DC-Central (TX),5370,5370.0,1.35,7,5.0,2026-05-17,2026-05-15,0.0,Delivered,True,True,7249.5,1.0
PO-2026-03545,2026-05-10,São Paulo Supply,LATAM,Finished Goods,FIN-7273,Ocean,Meridian Shipping,DC-South (GA),84,,68.55,28,,2026-06-07,,,In Transit,,,5758.2,
PO-2026-03546,2026-05-10,Rhine Components GmbH,EMEA,Components,COM-3955,Air,SkyBridge Air Cargo,DC-South (GA),606,,20.75,10,,2026-05-20,,,In Transit,,,12574.5,
PO-2026-03547,2026-05-10,Iberia Logistics SA,EMEA,Packaging,PAC-3859,Ocean,BlueWave Lines,DC-South (GA),5517,,0.97,24,,2026-06-03,,,In Transit,,,5351.49,
PO-2026-03548,2026-05-10,Rhine Components GmbH,EMEA,Components,COM-6910,Air,SkyBridge Air Cargo,DC-East (PA),624,624.0,13.63,7,2.0,2026-05-17,2026-05-12,0.0,Delivered,True,True,8505.12,1.0
PO-2026-03549,2026-05-10,Monterrey Assembly,LATAM,Components,COM-3905,Ground,RoadRunner Freight,DC-Central (TX),620,,19.0,11,,2026-05-21,,,In Transit,,,11780.0,
PO-2026-03550,2026-05-11,Allegheny Metals,North America,Components,COM-1673,Ground,Continental Trucking,DC-South (GA),595,595.0,13.46,6,1.0,2026-05-17,2026-05-12,0.0,Delivered,True,True,8008.7,1.0
PO-2026-03551,2026-05-11,Rhine Components GmbH,EMEA,Electronics,ELE-2131,Air,AeroFast,DC-East (PA),141,,41.08,9,,2026-05-20,,,In Transit,,,5792.28,
PO-2026-03552,2026-05-11,Bangalore ElectroTech,APAC,Electronics,ELE-4799,Air,AeroFast,DC-West (CA),132,,43.1,12,,2026-05-23,,,In Transit,,,5689.2,
PO-2026-03553,2026-05-11,São Paulo Supply,LATAM,Raw Materials,RAW-4294,Ocean,Meridian Shipping,DC-Central (TX),2272,,14.47,28,,2026-06-08,,,In Transit,,,32875.84,
PO-2026-03554,2026-05-11,Rhine Components GmbH,EMEA,Components,COM-3053,Air,AeroFast,DC-East (PA),624,,14.3,8,,2026-05-19,,,In Transit,,,8923.2,
PO-2026-03555,2026-05-11,Bangalore ElectroTech,APAC,Electronics,ELE-6074,Air,AeroFast,DC-West (CA),124,,19.96,11,,2026-05-22,,,In Transit,,,2475.04,
PO-2026-03556,2026-05-11,Rhine Components GmbH,EMEA,Electronics,ELE-7639,Air,SkyBridge Air Cargo,DC-South (GA),107,107.0,42.7,7,2.0,2026-05-18,2026-05-13,0.0,Delivered,True,True,4568.9,1.0
PO-2026-03557,2026-05-11,Iberia Logistics SA,EMEA,Finished Goods,FIN-8423,Ocean,BlueWave Lines,DC-East (PA),109,,71.93,23,,2026-06-03,,,In Transit,,,7840.37,
PO-2026-03558,2026-05-11,Iberia Logistics SA,EMEA,Packaging,PAC-5755,Ocean,BlueWave Lines,DC-West (CA),5243,,1.41,23,,2026-06-03,,,In Transit,,,7392.63,
PO-2026-03559,2026-05-11,Bangalore ElectroTech,APAC,Electronics,ELE-8713,Air,AeroFast,DC-West (CA),141,,51.08,12,,2026-05-23,,,In Transit,,,7202.28,
PO-2026-03560,2026-05-11,Shenzhen Precision Ltd,APAC,Components,COM-3798,Ocean,BlueWave Lines,DC-East (PA),624,,12.37,30,,2026-06-10,,,In Transit,,,7718.88,
PO-2026-03561,2026-05-12,Monterrey Assembly,LATAM,Components,COM-6654,Ground,RoadRunner Freight,DC-West (CA),604,,19.24,11,,2026-05-23,,,In Transit,,,11620.96,
PO-2026-03562,2026-05-12,Bangalore ElectroTech,APAC,Electronics,ELE-5770,Air,AeroFast,DC-West (CA),105,,28.09,13,,2026-05-25,,,In Transit,,,2949.45,
PO-2026-03563,2026-05-12,Bangalore ElectroTech,APAC,Electronics,ELE-9698,Air,SkyBridge Air Cargo,DC-West (CA),130,,41.79,13,,2026-05-25,,,In Transit,,,5432.7,
PO-2026-03564,2026-05-12,Rhine Components GmbH,EMEA,Components,COM-2748,Air,AeroFast,DC-West (CA),606,,14.4,11,,2026-05-23,,,In Transit,,,8726.4,
PO-2026-03565,2026-05-12,Allegheny Metals,North America,Raw Materials,RAW-7037,Ground,Continental Trucking,DC-Central (TX),2132,2132.0,6.23,6,2.0,2026-05-18,2026-05-14,0.0,Delivered,True,True,13282.36,1.0
PO-2026-03566,2026-05-12,Iberia Logistics SA,EMEA,Packaging,PAC-7964,Ocean,Meridian Shipping,DC-East (PA),5389,,1.31,25,,2026-06-06,,,In Transit,,,7059.59,
PO-2026-03567,2026-05-12,Iberia Logistics SA,EMEA,Packaging,PAC-9782,Ocean,Meridian Shipping,DC-East (PA),5434,,2.14,24,,2026-06-05,,,In Transit,,,11628.76,
PO-2026-03568,2026-05-12,Great Lakes Packaging,North America,Packaging,PAC-8603,Ground,RoadRunner Freight,DC-East (PA),5352,,0.71,7,,2026-05-19,,,In Transit,,,3799.92,
PO-2026-03569,2026-05-12,São Paulo Supply,LATAM,Raw Materials,RAW-1298,Ocean,Meridian Shipping,DC-West (CA),2194,,10.53,27,,2026-06-08,,,In Transit,,,23102.82,
PO-2026-03570,2026-05-12,Pacific Components Co.,APAC,Electronics,ELE-7929,Ocean,BlueWave Lines,DC-Central (TX),111,,45.81,32,,2026-06-13,,,In Transit,,,5084.91,
PO-2026-03571,2026-05-12,Great Lakes Packaging,North America,Packaging,PAC-4619,Ground,RoadRunner Freight,DC-West (CA),5372,5372.0,1.13,5,3.0,2026-05-17,2026-05-15,0.0,Delivered,True,True,6070.36,1.0
PO-2026-03572,2026-05-12,Rhine Components GmbH,EMEA,Components,COM-7711,Air,AeroFast,DC-East (PA),595,,17.62,9,,2026-05-21,,,In Transit,,,10483.9,
PO-2026-03573,2026-05-12,Shenzhen Precision Ltd,APAC,Components,COM-2248,Ocean,Meridian Shipping,DC-West (CA),599,,20.68,32,,2026-06-13,,,In Transit,,,12387.32,
PO-2026-03574,2026-05-13,Pacific Components Co.,APAC,Electronics,ELE-2518,Ocean,BlueWave Lines,DC-South (GA),127,,43.64,35,,2026-06-17,,,In Transit,,,5542.28,
PO-2026-03575,2026-05-13,Rhine Components GmbH,EMEA,Electronics,ELE-1722,Air,SkyBridge Air Cargo,DC-West (CA),124,,53.91,11,,2026-05-24,,,In Transit,,,6684.84,
PO-2026-03576,2026-05-13,Allegheny Metals,North America,Raw Materials,RAW-6556,Ground,Continental Trucking,DC-West (CA),2233,2233.0,14.64,6,1.0,2026-05-19,2026-05-14,0.0,Delivered,True,True,32691.12,1.0
PO-2026-03577,2026-05-13,Monterrey Assembly,LATAM,Components,COM-4467,Ground,Continental Trucking,DC-East (PA),586,,11.22,11,,2026-05-24,,,In Transit,,,6574.92,
PO-2026-03578,2026-05-13,Allegheny Metals,North America,Components,COM-3134,Ground,Continental Trucking,DC-West (CA),555,,19.15,7,,2026-05-20,,,In Transit,,,10628.25,
PO-2026-03579,2026-05-13,Bangalore ElectroTech,APAC,Electronics,ELE-8418,Air,SkyBridge Air Cargo,DC-Central (TX),125,,41.18,12,,2026-05-25,,,In Transit,,,5147.5,
PO-2026-03580,2026-05-13,Great Lakes Packaging,North America,Packaging,PAC-2283,Ground,RoadRunner Freight,DC-South (GA),5440,5440.0,1.29,5,2.0,2026-05-18,2026-05-15,0.0,Delivered,True,True,7017.6,1.0
PO-2026-03581,2026-05-13,Bangalore ElectroTech,APAC,Electronics,ELE-6280,Air,AeroFast,DC-East (PA),117,,48.16,12,,2026-05-25,,,In Transit,,,5634.72,
PO-2026-03582,2026-05-13,Bangalore ElectroTech,APAC,Electronics,ELE-4278,Air,SkyBridge Air Cargo,DC-Central (TX),120,,36.43,11,,2026-05-24,,,In Transit,,,4371.6,
PO-2026-03583,2026-05-13,Monterrey Assembly,LATAM,Finished Goods,FIN-1001,Ground,Continental Trucking,DC-East (PA),80,,58.99,11,,2026-05-24,,,In Transit,,,4719.2,
PO-2026-03584,2026-05-14,Rhine Components GmbH,EMEA,Components,COM-9195,Air,SkyBridge Air Cargo,DC-West (CA),568,,11.66,10,,2026-05-24,,,In Transit,,,6622.88,
PO-2026-03585,2026-05-14,Pacific Components Co.,APAC,Electronics,ELE-9270,Ocean,Meridian Shipping,DC-West (CA),123,,26.74,35,,2026-06-18,,,In Transit,,,3289.02,
PO-2026-03586,2026-05-14,São Paulo Supply,LATAM,Finished Goods,FIN-4309,Ocean,BlueWave Lines,DC-South (GA),95,,102.97,28,,2026-06-11,,,In Transit,,,9782.15,
PO-2026-03587,2026-05-14,Shenzhen Precision Ltd,APAC,Components,COM-8402,Ocean,Meridian Shipping,DC-Central (TX),566,,14.11,31,,2026-06-14,,,In Transit,,,7986.26,
PO-2026-03588,2026-05-14,Bangalore ElectroTech,APAC,Electronics,ELE-5458,Air,AeroFast,DC-Central (TX),133,,37.59,12,,2026-05-26,,,In Transit,,,4999.47,
PO-2026-03589,2026-05-14,Rhine Components GmbH,EMEA,Components,COM-9915,Air,AeroFast,DC-East (PA),596,,18.37,9,,2026-05-23,,,In Transit,,,10948.52,
PO-2026-03590,2026-05-14,Shenzhen Precision Ltd,APAC,Electronics,ELE-1180,Ocean,BlueWave Lines,DC-Central (TX),135,,49.74,31,,2026-06-14,,,In Transit,,,6714.9,
PO-2026-03591,2026-05-14,Iberia Logistics SA,EMEA,Packaging,PAC-6411,Ocean,BlueWave Lines,DC-West (CA),5316,,1.19,23,,2026-06-06,,,In Transit,,,6326.04,
PO-2026-03592,2026-05-14,Great Lakes Packaging,North America,Packaging,PAC-9130,Ground,Continental Trucking,DC-Central (TX),5430,5430.0,1.53,6,1.0,2026-05-20,2026-05-15,0.0,Delivered,True,True,8307.9,1.0
PO-2026-03593,2026-05-14,Great Lakes Packaging,North America,Packaging,PAC-5552,Ground,Continental Trucking,DC-Central (TX),5411,,0.8,7,,2026-05-21,,,In Transit,,,4328.8,
PO-2026-03594,2026-05-14,Monterrey Assembly,LATAM,Components,COM-2781,Ground,RoadRunner Freight,DC-West (CA),606,,10.77,11,,2026-05-25,,,In Transit,,,6526.62,
PO-2026-03595,2026-05-14,São Paulo Supply,LATAM,Raw Materials,RAW-9559,Ocean,Meridian Shipping,DC-South (GA),2093,,12.8,30,,2026-06-13,,,In Transit,,,26790.4,
PO-2026-03596,2026-05-14,São Paulo Supply,LATAM,Finished Goods,FIN-8745,Ocean,BlueWave Lines,DC-Central (TX),89,,70.7,29,,2026-06-12,,,In Transit,,,6292.3,
PO-2026-03597,2026-05-15,Great Lakes Packaging,North America,Packaging,PAC-8807,Ground,Continental Trucking,DC-South (GA),5342,,1.13,7,,2026-05-22,,,In Transit,,,6036.46,
PO-2026-03598,2026-05-15,Rhine Components GmbH,EMEA,Components,COM-1793,Air,SkyBridge Air Cargo,DC-West (CA),581,,13.95,9,,2026-05-24,,,In Transit,,,8104.95,
PO-2026-03599,2026-05-15,Iberia Logistics SA,EMEA,Packaging,PAC-7114,Ocean,BlueWave Lines,DC-West (CA),5431,,1.24,25,,2026-06-09,,,In Transit,,,6734.44,
PO-2026-03600,2026-05-15,Great Lakes Packaging,North America,Packaging,PAC-1762,Ground,RoadRunner Freight,DC-Central (TX),5526,,1.22,5,,2026-05-20,,,In Transit,,,6741.72,
